imo;vessel_name_final;vessel_type_final;carrier;parent_group;alliance;Porto Atracação;Terminal;Data Atracação;teu_capacity
9332860;BF HAMBURG;Container Ship;UNKNOWN;UNKNOWN;Unknown;Itajaí;Cais Arrendado Transitoriamente;17/01/2025 19:39;
9332860;BF HAMBURG;Container Ship;UNKNOWN;UNKNOWN;Unknown;Santos;Cais da BTP (SSZ 41) - Privativo;23/01/2025 00:45;
9332860;BF HAMBURG;Container Ship;UNKNOWN;UNKNOWN;Unknown;Rio Grande;Cais Tecon Rio Grande S.A.;15/01/2025 09:50;
9332860;BF HAMBURG;Container Ship;UNKNOWN;UNKNOWN;Unknown;Salvador;TECON;02/02/2025 23:30;
9332860;BF HAMBURG;Container Ship;UNKNOWN;UNKNOWN;Unknown;Santos;Cais da BTP (SSZ 41) - Privativo;07/01/2025 13:27;
9332860;BF HAMBURG;Container Ship;UNKNOWN;UNKNOWN;Unknown;Rio de Janeiro;Multi-Rio;29/01/2025 09:25;
9332860;BF HAMBURG;Container Ship;UNKNOWN;UNKNOWN;Unknown;Santos;Cais da Santos Brasil (SSZ 16) - Privativo;16/04/2025 09:57;
9332860;BF HAMBURG;Container Ship;UNKNOWN;UNKNOWN;Unknown;Paranaguá;TCP;19/01/2025 01:55;
9491472;SOUTH;Container Ship;UNKNOWN;UNKNOWN;Unknown;Paranaguá;TCP;18/01/2025 19:10;
9777175;CAPE ARTEMISIO;Container Ship;UNKNOWN;UNKNOWN;Unknown;Santos;Cais da BTP (SSZ 41) - Privativo;20/08/2025 16:36;
9777175;CAPE ARTEMISIO;Container Ship;UNKNOWN;UNKNOWN;Unknown;Rio Grande;Cais Tecon Rio Grande S.A.;03/05/2025 00:50;
9777175;CAPE ARTEMISIO;Container Ship;UNKNOWN;UNKNOWN;Unknown;Portonave - Terminais Portuários de Navegantes;Portonave - Terminais Portuários de Navegantes;14/01/2025 16:30;
9777175;CAPE ARTEMISIO;Container Ship;UNKNOWN;UNKNOWN;Unknown;Portonave - Terminais Portuários de Navegantes;Portonave - Terminais Portuários de Navegantes;05/12/2025 23:00;
9777175;CAPE ARTEMISIO;Container Ship;UNKNOWN;UNKNOWN;Unknown;Portonave - Terminais Portuários de Navegantes;Portonave - Terminais Portuários de Navegantes;02/02/2025 14:30;
9777175;CAPE ARTEMISIO;Container Ship;UNKNOWN;UNKNOWN;Unknown;Santos;Cais da BTP (SSZ 41) - Privativo;03/11/2025 02:30;
9777175;CAPE ARTEMISIO;Container Ship;UNKNOWN;UNKNOWN;Unknown;Portonave - Terminais Portuários de Navegantes;Portonave - Terminais Portuários de Navegantes;07/05/2025 11:48;
9777175;CAPE ARTEMISIO;Container Ship;UNKNOWN;UNKNOWN;Unknown;Santos;Cais da BTP (SSZ 41) - Privativo;12/01/2025 12:26;
9777175;CAPE ARTEMISIO;Container Ship;UNKNOWN;UNKNOWN;Unknown;Portonave - Terminais Portuários de Navegantes;Portonave - Terminais Portuários de Navegantes;15/11/2025 21:36;
9777175;CAPE ARTEMISIO;Container Ship;UNKNOWN;UNKNOWN;Unknown;Paranaguá;TCP;13/08/2025 09:00;
9777175;CAPE ARTEMISIO;Container Ship;UNKNOWN;UNKNOWN;Unknown;Rio Grande;Cais Tecon Rio Grande S.A.;30/11/2025 09:25;
9777175;CAPE ARTEMISIO;Container Ship;UNKNOWN;UNKNOWN;Unknown;Portonave - Terminais Portuários de Navegantes;Portonave - Terminais Portuários de Navegantes;28/07/2025 22:15;
9777175;CAPE ARTEMISIO;Container Ship;UNKNOWN;UNKNOWN;Unknown;Santos;Cais da BTP (SSZ 41) - Privativo;09/05/2025 08:00;
9777175;CAPE ARTEMISIO;Container Ship;UNKNOWN;UNKNOWN;Unknown;Santos;Cais da BTP (SSZ 41) - Privativo;08/02/2025 16:21;
9777175;CAPE ARTEMISIO;Container Ship;UNKNOWN;UNKNOWN;Unknown;Paranaguá;TCP;26/07/2025 06:05;
9777175;CAPE ARTEMISIO;Container Ship;UNKNOWN;UNKNOWN;Unknown;Santos;Cais da BTP (SSZ 41) - Privativo;23/07/2025 14:25;
9777175;CAPE ARTEMISIO;Container Ship;UNKNOWN;UNKNOWN;Unknown;Rio Grande;Cais Tecon Rio Grande S.A.;29/01/2025 06:55;
9777175;CAPE ARTEMISIO;Container Ship;UNKNOWN;UNKNOWN;Unknown;Paranaguá;TCP;05/05/2025 19:30;
9777175;CAPE ARTEMISIO;Container Ship;UNKNOWN;UNKNOWN;Unknown;Portonave - Terminais Portuários de Navegantes;Portonave - Terminais Portuários de Navegantes;21/04/2025 11:06;
9777175;CAPE ARTEMISIO;Container Ship;UNKNOWN;UNKNOWN;Unknown;Santos;Cais da BTP (SSZ 41) - Privativo;14/04/2025 18:10;
9777175;CAPE ARTEMISIO;Container Ship;UNKNOWN;UNKNOWN;Unknown;Paranaguá;TCP;11/11/2025 06:45;
9777175;CAPE ARTEMISIO;Container Ship;UNKNOWN;UNKNOWN;Unknown;Paranaguá;TCP;18/01/2025 01:00;
9777175;CAPE ARTEMISIO;Container Ship;UNKNOWN;UNKNOWN;Unknown;Paranaguá;TCP;16/04/2025 23:30;
9777175;CAPE ARTEMISIO;Container Ship;UNKNOWN;UNKNOWN;Unknown;Santos;Cais da BTP (SSZ 41) - Privativo;11/12/2025 17:20;
9777175;CAPE ARTEMISIO;Container Ship;UNKNOWN;UNKNOWN;Unknown;Paranaguá;TCP;31/01/2025 23:35;
9777175;CAPE ARTEMISIO;Container Ship;UNKNOWN;UNKNOWN;Unknown;Rio Grande;Cais Tecon Rio Grande S.A.;09/08/2025 09:50;
9478494;NAVIOS DOMINO;Container Ship;UNKNOWN;UNKNOWN;Unknown;Santos;Cais da Santos Brasil (SSZ 16) - Privativo;30/07/2025 17:15;
9478494;NAVIOS DOMINO;Container Ship;UNKNOWN;UNKNOWN;Unknown;Santos;Cais da Santos Brasil (SSZ 16) - Privativo;09/08/2025 07:36;
9478494;NAVIOS DOMINO;Container Ship;UNKNOWN;UNKNOWN;Unknown;Santos;Cais da BTP (SSZ 41) - Privativo;07/01/2025 14:25;
9478494;NAVIOS DOMINO;Container Ship;UNKNOWN;UNKNOWN;Unknown;Rio de Janeiro;ICTSI;20/01/2025 13:00;
9478494;NAVIOS DOMINO;Container Ship;UNKNOWN;UNKNOWN;Unknown;Rio de Janeiro;ICTSI;15/10/2025 08:10;
9478494;NAVIOS DOMINO;Container Ship;UNKNOWN;UNKNOWN;Unknown;Rio de Janeiro;ICTSI;31/03/2025 20:40;
9478494;NAVIOS DOMINO;Container Ship;UNKNOWN;UNKNOWN;Unknown;Paranaguá;TCP;17/01/2025 03:10;
9478494;NAVIOS DOMINO;Container Ship;UNKNOWN;UNKNOWN;Unknown;Santos;Cais da Santos Brasil (SSZ 16) - Privativo;13/12/2025 02:35;
9478494;NAVIOS DOMINO;Container Ship;UNKNOWN;UNKNOWN;Unknown;Santos;Cais da Santos Brasil (SSZ 16) - Privativo;10/10/2025 22:00;
9478494;NAVIOS DOMINO;Container Ship;UNKNOWN;UNKNOWN;Unknown;Rio de Janeiro;ICTSI;05/06/2025 18:30;
9478494;NAVIOS DOMINO;Container Ship;UNKNOWN;UNKNOWN;Unknown;Rio de Janeiro;ICTSI;18/12/2025 09:55;
9478494;NAVIOS DOMINO;Container Ship;UNKNOWN;UNKNOWN;Unknown;Paranaguá;TCP;21/05/2025 03:00;
9478494;NAVIOS DOMINO;Container Ship;UNKNOWN;UNKNOWN;Unknown;Santos;Cais da Santos Brasil (SSZ 16) - Privativo;01/12/2025 16:25;
9478494;NAVIOS DOMINO;Container Ship;UNKNOWN;UNKNOWN;Unknown;Santos;Cais da Santos Brasil (SSZ 16) - Privativo;28/09/2025 19:18;
9244946;MSC KALAMATA VII;Container Ship;MSC;MSC;MSC (standalone);Rio de Janeiro;Multi-Rio;30/12/2024 12:45;
9244946;MSC KALAMATA VII;Container Ship;MSC;MSC;MSC (standalone);Santos;Cais da BTP (SSZ 41) - Privativo;26/01/2025 17:00;
9244946;MSC KALAMATA VII;Container Ship;MSC;MSC;MSC (standalone);Rio de Janeiro;Multi-Rio;17/04/2025 17:15;
9244946;MSC KALAMATA VII;Container Ship;MSC;MSC;MSC (standalone);Paranaguá;TCP;24/04/2025 00:40;
9244946;MSC KALAMATA VII;Container Ship;MSC;MSC;MSC (standalone);Itajaí;Cais Arrendado Transitoriamente;15/01/2025 01:27;
9244946;MSC KALAMATA VII;Container Ship;MSC;MSC;MSC (standalone);Terminal Portuário do Pecém;Terminal Portuário do Pecém;28/07/2025 05:05;
9244946;MSC KALAMATA VII;Container Ship;MSC;MSC;MSC (standalone);Terminal Portuário do Pecém;Terminal Portuário do Pecém;27/07/2025 19:52;
9244946;MSC KALAMATA VII;Container Ship;MSC;MSC;MSC (standalone);Itajaí;Cais Arrendado Transitoriamente;28/04/2025 01:57;
9244946;MSC KALAMATA VII;Container Ship;MSC;MSC;MSC (standalone);Santos;Cais da Santos Brasil (SSZ 16) - Privativo;21/04/2025 18:15;
9244946;MSC KALAMATA VII;Container Ship;MSC;MSC;MSC (standalone);Paranaguá;TCP;09/01/2025 07:45;
9244946;MSC KALAMATA VII;Container Ship;MSC;MSC;MSC (standalone);Santos;Cais da Santos Brasil (SSZ 16) - Privativo;06/01/2025 22:05;
9244946;MSC KALAMATA VII;Container Ship;MSC;MSC;MSC (standalone);Santos;Cais da BTP (SSZ 41) - Privativo;06/05/2025 04:57;
9244946;MSC KALAMATA VII;Container Ship;MSC;MSC;MSC (standalone);Salvador;TECON;04/08/2025 19:05;
9953391;IRENES WISDOM;Container Ship;UNKNOWN;UNKNOWN;Unknown;Itajaí;Cais Arrendado Transitoriamente;03/03/2025 23:58;
9953391;IRENES WISDOM;Container Ship;UNKNOWN;UNKNOWN;Unknown;Itajaí;Cais Arrendado Transitoriamente;09/04/2025 22:00;
9953391;IRENES WISDOM;Container Ship;UNKNOWN;UNKNOWN;Unknown;Paranaguá;TCP;03/03/2025 00:10;
9953391;IRENES WISDOM;Container Ship;UNKNOWN;UNKNOWN;Unknown;Itajaí;Cais Arrendado Transitoriamente;14/01/2025 15:36;
9953391;IRENES WISDOM;Container Ship;UNKNOWN;UNKNOWN;Unknown;Santos;Cais da Santos Brasil (SSZ 16) - Privativo;13/04/2025 09:05;
9953391;IRENES WISDOM;Container Ship;UNKNOWN;UNKNOWN;Unknown;Itajaí;Cais Arrendado Transitoriamente;08/07/2025 20:54;
9953391;IRENES WISDOM;Container Ship;UNKNOWN;UNKNOWN;Unknown;Itajaí;Cais Arrendado Transitoriamente;16/10/2025 03:36;
9953391;IRENES WISDOM;Container Ship;UNKNOWN;UNKNOWN;Unknown;Santos;Cais da Santos Brasil (SSZ 16) - Privativo;06/03/2025 08:15;
9953391;IRENES WISDOM;Container Ship;UNKNOWN;UNKNOWN;Unknown;Santos;Cais da Santos Brasil (SSZ 16) - Privativo;16/01/2025 05:44;
9953391;IRENES WISDOM;Container Ship;UNKNOWN;UNKNOWN;Unknown;Santos;Cais da Santos Brasil (SSZ 16) - Privativo;30/08/2025 02:35;
9953391;IRENES WISDOM;Container Ship;UNKNOWN;UNKNOWN;Unknown;Santos;Cais da Santos Brasil (SSZ 16) - Privativo;18/07/2025 22:24;
9953391;IRENES WISDOM;Container Ship;UNKNOWN;UNKNOWN;Unknown;Itajaí;Cais Arrendado Transitoriamente;27/05/2025 12:16;
9953391;IRENES WISDOM;Container Ship;UNKNOWN;UNKNOWN;Unknown;Paranaguá;TCP;27/11/2025 12:55;
9356141;MERCOSUL SUAPE;Container Ship;MERCOSUL;CMA CGM Group;Regional / affiliated carrier;Santos;Cais da Santos Brasil (SSZ 16) - Privativo;08/12/2025 20:50;
9356141;MERCOSUL SUAPE;Container Ship;MERCOSUL;CMA CGM Group;Regional / affiliated carrier;Rio Grande;Cais Tecon Rio Grande S.A.;12/09/2025 06:45;
9356141;MERCOSUL SUAPE;Container Ship;MERCOSUL;CMA CGM Group;Regional / affiliated carrier;Santos;Cais da Santos Brasil (SSZ 16) - Privativo;14/10/2025 03:19;
9356141;MERCOSUL SUAPE;Container Ship;MERCOSUL;CMA CGM Group;Regional / affiliated carrier;Rio Grande;Cais Tecon Rio Grande S.A.;05/12/2025 07:10;
9356141;MERCOSUL SUAPE;Container Ship;MERCOSUL;CMA CGM Group;Regional / affiliated carrier;Salvador;TECON;04/07/2025 13:50;
9356141;MERCOSUL SUAPE;Container Ship;MERCOSUL;CMA CGM Group;Regional / affiliated carrier;Rio de Janeiro;ICTSI;07/04/2025 07:50;
9356141;MERCOSUL SUAPE;Container Ship;MERCOSUL;CMA CGM Group;Regional / affiliated carrier;Santos;Cais da Santos Brasil (SSZ 16) - Privativo;16/09/2025 21:25;
9356141;MERCOSUL SUAPE;Container Ship;MERCOSUL;CMA CGM Group;Regional / affiliated carrier;Santos;Cais da Santos Brasil (SSZ 16) - Privativo;18/08/2025 14:56;
9356141;MERCOSUL SUAPE;Container Ship;MERCOSUL;CMA CGM Group;Regional / affiliated carrier;Santos;Cais da BTP (SSZ 41) - Privativo;03/08/2025 17:40;
9356141;MERCOSUL SUAPE;Container Ship;MERCOSUL;CMA CGM Group;Regional / affiliated carrier;Rio Grande;Cais Tecon Rio Grande S.A.;19/07/2025 14:00;
9356141;MERCOSUL SUAPE;Container Ship;MERCOSUL;CMA CGM Group;Regional / affiliated carrier;Itajaí;Cais Arrendado Transitoriamente;22/07/2025 19:05;
9356141;MERCOSUL SUAPE;Container Ship;MERCOSUL;CMA CGM Group;Regional / affiliated carrier;Santos;Cais da Santos Brasil (SSZ 16) - Privativo;26/11/2025 01:20;
9356141;MERCOSUL SUAPE;Container Ship;MERCOSUL;CMA CGM Group;Regional / affiliated carrier;Santos;Cais da Santos Brasil (SSZ 16) - Privativo;01/10/2025 13:55;
9356141;MERCOSUL SUAPE;Container Ship;MERCOSUL;CMA CGM Group;Regional / affiliated carrier;Santos;Cais da Santos Brasil (SSZ 16) - Privativo;23/12/2025 16:46;
9356141;MERCOSUL SUAPE;Container Ship;MERCOSUL;CMA CGM Group;Regional / affiliated carrier;Terminal Portuário do Pecém;Terminal Portuário do Pecém;23/09/2025 09:18;
9356141;MERCOSUL SUAPE;Container Ship;MERCOSUL;CMA CGM Group;Regional / affiliated carrier;Salvador;TECON Área 2;09/05/2025 13:30;
9356141;MERCOSUL SUAPE;Container Ship;MERCOSUL;CMA CGM Group;Regional / affiliated carrier;Terminal Portuário do Pecém;Terminal Portuário do Pecém;16/12/2025 13:09;
9356141;MERCOSUL SUAPE;Container Ship;MERCOSUL;CMA CGM Group;Regional / affiliated carrier;Santos;Cais da Santos Brasil (SSZ 16) - Privativo;03/09/2025 00:22;
9356141;MERCOSUL SUAPE;Container Ship;MERCOSUL;CMA CGM Group;Regional / affiliated carrier;Santos;Cais da Santos Brasil (SSZ 16) - Privativo;09/07/2025 00:50;
9356141;MERCOSUL SUAPE;Container Ship;MERCOSUL;CMA CGM Group;Regional / affiliated carrier;Santos;Cais da Santos Brasil (SSZ 16) - Privativo;29/10/2025 02:17;
9356141;MERCOSUL SUAPE;Container Ship;MERCOSUL;CMA CGM Group;Regional / affiliated carrier;Santos;Cais da Santos Brasil (SSZ 16) - Privativo;24/06/2025 14:47;
9356141;MERCOSUL SUAPE;Container Ship;MERCOSUL;CMA CGM Group;Regional / affiliated carrier;Salvador;TECON Área 2;06/06/2025 14:10;
9356141;MERCOSUL SUAPE;Container Ship;MERCOSUL;CMA CGM Group;Regional / affiliated carrier;Rio Grande;Cais Tecon Rio Grande S.A.;20/06/2025 05:00;
9356141;MERCOSUL SUAPE;Container Ship;MERCOSUL;CMA CGM Group;Regional / affiliated carrier;Salvador;TECON Área 2;21/11/2025 15:30;
9356141;MERCOSUL SUAPE;Container Ship;MERCOSUL;CMA CGM Group;Regional / affiliated carrier;Rio Grande;Cais Tecon Rio Grande S.A.;22/05/2025 19:10;
9356141;MERCOSUL SUAPE;Container Ship;MERCOSUL;CMA CGM Group;Regional / affiliated carrier;Salvador;TECON;24/10/2025 15:35;
9356141;MERCOSUL SUAPE;Container Ship;MERCOSUL;CMA CGM Group;Regional / affiliated carrier;Santos;Cais da Santos Brasil (SSZ 16) - Privativo;06/08/2025 04:00;
9356141;MERCOSUL SUAPE;Container Ship;MERCOSUL;CMA CGM Group;Regional / affiliated carrier;Santos;Cais da Santos Brasil (SSZ 16) - Privativo;13/05/2025 19:02;
9356141;MERCOSUL SUAPE;Container Ship;MERCOSUL;CMA CGM Group;Regional / affiliated carrier;Santos;Cais da Santos Brasil (SSZ 16) - Privativo;11/06/2025 01:48;
9356141;MERCOSUL SUAPE;Container Ship;MERCOSUL;CMA CGM Group;Regional / affiliated carrier;Santos;Cais da Santos Brasil (SSZ 16) - Privativo;11/11/2025 03:22;
9720201;MSC DOMITILLE;Container Ship;MSC;MSC;MSC (standalone);Rio de Janeiro;Multi-Rio;23/01/2025 08:45;
9720201;MSC DOMITILLE;Container Ship;MSC;MSC;MSC (standalone);Santos;Cais da Santos Brasil (SSZ 16) - Privativo;02/04/2025 01:00;
9720201;MSC DOMITILLE;Container Ship;MSC;MSC;MSC (standalone);Paranaguá;TCP;18/10/2025 02:20;
9720201;MSC DOMITILLE;Container Ship;MSC;MSC;MSC (standalone);Portonave - Terminais Portuários de Navegantes;Portonave - Terminais Portuários de Navegantes;21/10/2025 03:30;
9720201;MSC DOMITILLE;Container Ship;MSC;MSC;MSC (standalone);Rio de Janeiro;Multi-Rio;14/10/2025 08:05;
9720201;MSC DOMITILLE;Container Ship;MSC;MSC;MSC (standalone);Rio de Janeiro;Multi-Rio;24/10/2025 18:55;
9720201;MSC DOMITILLE;Container Ship;MSC;MSC;MSC (standalone);Paranaguá;TCP;03/04/2025 10:05;
9720201;MSC DOMITILLE;Container Ship;MSC;MSC;MSC (standalone);Rio de Janeiro;Multi-Rio;22/04/2025 09:15;
9720201;MSC DOMITILLE;Container Ship;MSC;MSC;MSC (standalone);Portonave - Terminais Portuários de Navegantes;Portonave - Terminais Portuários de Navegantes;16/06/2025 11:18;
9720201;MSC DOMITILLE;Container Ship;MSC;MSC;MSC (standalone);Rio de Janeiro;Multi-Rio;21/06/2025 08:15;
9720201;MSC DOMITILLE;Container Ship;MSC;MSC;MSC (standalone);Rio de Janeiro;Multi-Rio;23/12/2025 07:00;
9720201;MSC DOMITILLE;Container Ship;MSC;MSC;MSC (standalone);Rio de Janeiro;Multi-Rio;16/08/2025 13:20;
9720201;MSC DOMITILLE;Container Ship;MSC;MSC;MSC (standalone);Paranaguá;TCP;12/12/2025 15:05;
9720201;MSC DOMITILLE;Container Ship;MSC;MSC;MSC (standalone);Santos;Cais da Santos Brasil (SSZ 16) - Privativo;09/10/2025 09:15;
9720201;MSC DOMITILLE;Container Ship;MSC;MSC;MSC (standalone);Santos;Cais da Santos Brasil (SSZ 16) - Privativo;07/08/2025 00:57;
9720201;MSC DOMITILLE;Container Ship;MSC;MSC;MSC (standalone);Santos;Cais da BTP (SSZ 41) - Privativo;15/04/2025 14:53;
9720201;MSC DOMITILLE;Container Ship;MSC;MSC;MSC (standalone);Rio de Janeiro;Multi-Rio;31/03/2025 18:00;
9720201;MSC DOMITILLE;Container Ship;MSC;MSC;MSC (standalone);Santos;Cais da BTP (SSZ 41) - Privativo;20/12/2025 19:46;
9720201;MSC DOMITILLE;Container Ship;MSC;MSC;MSC (standalone);Terminal Portuário do Pecém;Terminal Portuário do Pecém;29/10/2025 07:34;
9720201;MSC DOMITILLE;Container Ship;MSC;MSC;MSC (standalone);Portonave - Terminais Portuários de Navegantes;Portonave - Terminais Portuários de Navegantes;14/04/2025 10:42;
9720201;MSC DOMITILLE;Container Ship;MSC;MSC;MSC (standalone);Santos;Cais da BTP (SSZ 41) - Privativo;17/06/2025 14:35;
9720201;MSC DOMITILLE;Container Ship;MSC;MSC;MSC (standalone);Rio de Janeiro;Multi-Rio;16/02/2025 17:15;
9720201;MSC DOMITILLE;Container Ship;MSC;MSC;MSC (standalone);Santos;Cais da BTP (SSZ 41) - Privativo;19/08/2025 22:58;
9720201;MSC DOMITILLE;Container Ship;MSC;MSC;MSC (standalone);Portonave - Terminais Portuários de Navegantes;Portonave - Terminais Portuários de Navegantes;12/02/2025 06:18;
9720201;MSC DOMITILLE;Container Ship;MSC;MSC;MSC (standalone);Santos;Cais da BTP (SSZ 41) - Privativo;22/10/2025 18:06;
9720201;MSC DOMITILLE;Container Ship;MSC;MSC;MSC (standalone);Santos;Cais da Santos Brasil (SSZ 16) - Privativo;29/01/2025 02:24;
9720201;MSC DOMITILLE;Container Ship;MSC;MSC;MSC (standalone);Rio de Janeiro;Multi-Rio;09/12/2025 00:00;
9720201;MSC DOMITILLE;Container Ship;MSC;MSC;MSC (standalone);Paranaguá;TCP;06/06/2025 02:00;
9720201;MSC DOMITILLE;Container Ship;MSC;MSC;MSC (standalone);Santos;Cais da Santos Brasil (SSZ 16) - Privativo;10/12/2025 11:00;
9720201;MSC DOMITILLE;Container Ship;MSC;MSC;MSC (standalone);Santos;Cais da BTP (SSZ 41) - Privativo;14/02/2025 15:40;
9720201;MSC DOMITILLE;Container Ship;MSC;MSC;MSC (standalone);Santos;Cais da Santos Brasil (SSZ 16) - Privativo;04/06/2025 10:45;
9720201;MSC DOMITILLE;Container Ship;MSC;MSC;MSC (standalone);Portonave - Terminais Portuários de Navegantes;Portonave - Terminais Portuários de Navegantes;14/08/2025 00:30;
9720201;MSC DOMITILLE;Container Ship;MSC;MSC;MSC (standalone);Terminal Portuário do Pecém;Terminal Portuário do Pecém;31/12/2025 01:00;
9720201;MSC DOMITILLE;Container Ship;MSC;MSC;MSC (standalone);Rio de Janeiro;Multi-Rio;09/08/2025 10:35;
9720201;MSC DOMITILLE;Container Ship;MSC;MSC;MSC (standalone);Rio de Janeiro;Multi-Rio;01/06/2025 18:30;
9720201;MSC DOMITILLE;Container Ship;MSC;MSC;MSC (standalone);Portonave - Terminais Portuários de Navegantes;Portonave - Terminais Portuários de Navegantes;18/12/2025 16:42;
9961972;LOG-IN EXPERIENCE;Container Ship;LOG-IN;Log-In;Regional / affiliated carrier;Salvador;TECON Área 2;29/11/2025 22:50;
9961972;LOG-IN EXPERIENCE;Container Ship;LOG-IN;Log-In;Regional / affiliated carrier;Terminal Portuário do Pecém;Terminal Portuário do Pecém;03/12/2025 22:28;
9961972;LOG-IN EXPERIENCE;Container Ship;LOG-IN;Log-In;Regional / affiliated carrier;Terminal Portuário do Pecém;Terminal Portuário do Pecém;05/11/2025 18:57;
9961972;LOG-IN EXPERIENCE;Container Ship;LOG-IN;Log-In;Regional / affiliated carrier;Rio Grande;Cais Tecon Rio Grande S.A.;07/02/2025 02:30;
9961972;LOG-IN EXPERIENCE;Container Ship;LOG-IN;Log-In;Regional / affiliated carrier;Terminal Portuário do Pecém;Terminal Portuário do Pecém;08/10/2025 20:18;
9706308;CMA CGM AMAZON;Container Ship;CMA CGM;CMA CGM Group;Ocean Alliance;Santos;Cais da BTP (SSZ 41) - Privativo;11/01/2025 04:25;
9706308;CMA CGM AMAZON;Container Ship;CMA CGM;CMA CGM Group;Ocean Alliance;Paranaguá;TCP;23/02/2025 00:21;
9706308;CMA CGM AMAZON;Container Ship;CMA CGM;CMA CGM Group;Ocean Alliance;Santos;Cais da BTP (SSZ 41) - Privativo;21/02/2025 10:12;
9706308;CMA CGM AMAZON;Container Ship;CMA CGM;CMA CGM Group;Ocean Alliance;Salvador;TECON;17/02/2025 20:35;
9706308;CMA CGM AMAZON;Container Ship;CMA CGM;CMA CGM Group;Ocean Alliance;Santos;Cais da Santos Brasil (SSZ 16) - Privativo;04/03/2025 12:48;
9706308;CMA CGM AMAZON;Container Ship;CMA CGM;CMA CGM Group;Ocean Alliance;Paranaguá;TCP;15/01/2025 11:00;
9706308;CMA CGM AMAZON;Container Ship;CMA CGM;CMA CGM Group;Ocean Alliance;Portonave - Terminais Portuários de Navegantes;Portonave - Terminais Portuários de Navegantes;01/03/2025 11:06;
9706308;CMA CGM AMAZON;Container Ship;CMA CGM;CMA CGM Group;Ocean Alliance;Santos;Cais da BTP (SSZ 41) - Privativo;18/01/2025 04:34;
9706308;CMA CGM AMAZON;Container Ship;CMA CGM;CMA CGM Group;Ocean Alliance;Itajaí;Cais Arrendado Transitoriamente;23/10/2025 18:18;
9706308;CMA CGM AMAZON;Container Ship;CMA CGM;CMA CGM Group;Ocean Alliance;Santos;Cais da Santos Brasil (SSZ 16) - Privativo;20/10/2025 11:04;
9706308;CMA CGM AMAZON;Container Ship;CMA CGM;CMA CGM Group;Ocean Alliance;Salvador;TECON Área 2;06/01/2025 21:00;
9706310;MSC ADONIS;Container Ship;MSC;MSC;MSC (standalone);Rio de Janeiro;Multi-Rio;25/02/2025 03:50;
9706310;MSC ADONIS;Container Ship;MSC;MSC;MSC (standalone);Paranaguá;TCP;03/03/2025 20:00;
9706310;MSC ADONIS;Container Ship;MSC;MSC;MSC (standalone);Terminal Portuário do Pecém;Terminal Portuário do Pecém;14/01/2025 10:07;
9706310;MSC ADONIS;Container Ship;MSC;MSC;MSC (standalone);Portonave - Terminais Portuários de Navegantes;Portonave - Terminais Portuários de Navegantes;09/03/2025 04:00;
9706310;MSC ADONIS;Container Ship;MSC;MSC;MSC (standalone);Santos;Cais da Santos Brasil (SSZ 16) - Privativo;27/02/2025 14:20;
9706310;MSC ADONIS;Container Ship;MSC;MSC;MSC (standalone);Santos;Cais da BTP (SSZ 41) - Privativo;08/01/2025 14:00;
9706310;MSC ADONIS;Container Ship;MSC;MSC;MSC (standalone);Santos;Cais da BTP (SSZ 41) - Privativo;10/03/2025 11:57;
9706310;MSC ADONIS;Container Ship;MSC;MSC;MSC (standalone);Rio de Janeiro;Multi-Rio;12/03/2025 09:20;
9619464;MSC AGADIR;Container Ship;MSC;MSC;MSC (standalone);Terminal Portuário do Pecém;Terminal Portuário do Pecém;31/01/2025 17:38;
9619464;MSC AGADIR;Container Ship;MSC;MSC;MSC (standalone);Santos;Cais da BTP (SSZ 41) - Privativo;16/09/2025 21:10;
9619464;MSC AGADIR;Container Ship;MSC;MSC;MSC (standalone);Santos;Cais da Santos Brasil (SSZ 16) - Privativo;14/05/2025 21:40;
9619464;MSC AGADIR;Container Ship;MSC;MSC;MSC (standalone);Paranaguá;TCP;28/11/2025 03:55;
9619464;MSC AGADIR;Container Ship;MSC;MSC;MSC (standalone);Rio de Janeiro;Multi-Rio;27/03/2025 12:45;
9619464;MSC AGADIR;Container Ship;MSC;MSC;MSC (standalone);Paranaguá;TCP;25/09/2025 19:10;
9619464;MSC AGADIR;Container Ship;MSC;MSC;MSC (standalone);Santos;Cais da Santos Brasil (SSZ 16) - Privativo;16/07/2025 17:55;
9619464;MSC AGADIR;Container Ship;MSC;MSC;MSC (standalone);Portonave - Terminais Portuários de Navegantes;Portonave - Terminais Portuários de Navegantes;24/05/2025 13:00;
9619464;MSC AGADIR;Container Ship;MSC;MSC;MSC (standalone);Rio de Janeiro;Multi-Rio;12/05/2025 11:45;
9619464;MSC AGADIR;Container Ship;MSC;MSC;MSC (standalone);Santos;Cais da BTP (SSZ 41) - Privativo;24/03/2025 07:02;
9619464;MSC AGADIR;Container Ship;MSC;MSC;MSC (standalone);Rio de Janeiro;Multi-Rio;14/07/2025 00:55;
9619464;MSC AGADIR;Container Ship;MSC;MSC;MSC (standalone);Santos;Cais da BTP (SSZ 41) - Privativo;02/10/2025 06:30;
9619464;MSC AGADIR;Container Ship;MSC;MSC;MSC (standalone);Rio de Janeiro;Multi-Rio;03/10/2025 18:00;
9619464;MSC AGADIR;Container Ship;MSC;MSC;MSC (standalone);Rio de Janeiro;Multi-Rio;25/01/2025 17:15;
9619464;MSC AGADIR;Container Ship;MSC;MSC;MSC (standalone);Portonave - Terminais Portuários de Navegantes;Portonave - Terminais Portuários de Navegantes;30/11/2025 15:18;
9619464;MSC AGADIR;Container Ship;MSC;MSC;MSC (standalone);Rio de Janeiro;Multi-Rio;30/12/2024 04:05;
9619464;MSC AGADIR;Container Ship;MSC;MSC;MSC (standalone);Rio de Janeiro;Multi-Rio;03/08/2025 11:35;
9619464;MSC AGADIR;Container Ship;MSC;MSC;MSC (standalone);Terminal Portuário do Pecém;Terminal Portuário do Pecém;08/10/2025 16:22;
9619464;MSC AGADIR;Container Ship;MSC;MSC;MSC (standalone);Santos;Cais da Santos Brasil (SSZ 16) - Privativo;07/01/2025 18:54;
9619464;MSC AGADIR;Container Ship;MSC;MSC;MSC (standalone);Santos;Cais da BTP (SSZ 41) - Privativo;22/01/2025 09:05;
9619464;MSC AGADIR;Container Ship;MSC;MSC;MSC (standalone);Santos;Cais da BTP (SSZ 41) - Privativo;25/05/2025 19:45;
9619464;MSC AGADIR;Container Ship;MSC;MSC;MSC (standalone);Rio de Janeiro;Multi-Rio;16/11/2025 23:30;
9619464;MSC AGADIR;Container Ship;MSC;MSC;MSC (standalone);Paranaguá;TCP;16/05/2025 02:30;
9619464;MSC AGADIR;Container Ship;MSC;MSC;MSC (standalone);Portonave - Terminais Portuários de Navegantes;Portonave - Terminais Portuários de Navegantes;24/07/2025 12:12;
9619464;MSC AGADIR;Container Ship;MSC;MSC;MSC (standalone);Terminal Portuário do Pecém;Terminal Portuário do Pecém;12/12/2025 12:14;
9619464;MSC AGADIR;Container Ship;MSC;MSC;MSC (standalone);Santos;Cais da BTP (SSZ 41) - Privativo;05/12/2025 02:35;
9619464;MSC AGADIR;Container Ship;MSC;MSC;MSC (standalone);Santos;Cais da Santos Brasil (SSZ 16) - Privativo;19/11/2025 14:33;
9619464;MSC AGADIR;Container Ship;MSC;MSC;MSC (standalone);Rio de Janeiro;Multi-Rio;28/05/2025 10:05;
9619464;MSC AGADIR;Container Ship;MSC;MSC;MSC (standalone);Portonave - Terminais Portuários de Navegantes;Portonave - Terminais Portuários de Navegantes;23/03/2025 03:00;
9619464;MSC AGADIR;Container Ship;MSC;MSC;MSC (standalone);Santos;Cais da Santos Brasil (SSZ 16) - Privativo;12/03/2025 04:14;
9619464;MSC AGADIR;Container Ship;MSC;MSC;MSC (standalone);Rio de Janeiro;Multi-Rio;18/09/2025 18:55;
9619464;MSC AGADIR;Container Ship;MSC;MSC;MSC (standalone);Rio de Janeiro;Multi-Rio;19/09/2025 08:10;
9619464;MSC AGADIR;Container Ship;MSC;MSC;MSC (standalone);Santos;Cais da BTP (SSZ 41) - Privativo;28/07/2025 08:27;
9619464;MSC AGADIR;Container Ship;MSC;MSC;MSC (standalone);Paranaguá;TCP;09/01/2025 09:05;
9619464;MSC AGADIR;Container Ship;MSC;MSC;MSC (standalone);Paranaguá;TCP;13/03/2025 15:10;
9619464;MSC AGADIR;Container Ship;MSC;MSC;MSC (standalone);Portonave - Terminais Portuários de Navegantes;Portonave - Terminais Portuários de Navegantes;29/09/2025 08:48;
9619464;MSC AGADIR;Container Ship;MSC;MSC;MSC (standalone);Rio de Janeiro;Multi-Rio;10/03/2025 02:00;
9619464;MSC AGADIR;Container Ship;MSC;MSC;MSC (standalone);Paranaguá;TCP;22/07/2025 07:00;
9938250;CMA CGM BUZIOS;Container Ship;CMA CGM;CMA CGM Group;Ocean Alliance;Paranaguá;TCP;06/07/2025 07:18;
9938250;CMA CGM BUZIOS;Container Ship;CMA CGM;CMA CGM Group;Ocean Alliance;Rio de Janeiro;ICTSI;27/03/2025 11:20;
9938250;CMA CGM BUZIOS;Container Ship;CMA CGM;CMA CGM Group;Ocean Alliance;Santos;Cais da Santos Brasil (SSZ 16) - Privativo;03/10/2025 01:00;
9938250;CMA CGM BUZIOS;Container Ship;CMA CGM;CMA CGM Group;Ocean Alliance;Portonave - Terminais Portuários de Navegantes;Portonave - Terminais Portuários de Navegantes;10/10/2025 12:12;
9938250;CMA CGM BUZIOS;Container Ship;CMA CGM;CMA CGM Group;Ocean Alliance;Rio de Janeiro;ICTSI;30/09/2025 10:15;
9938250;CMA CGM BUZIOS;Container Ship;CMA CGM;CMA CGM Group;Ocean Alliance;Portonave - Terminais Portuários de Navegantes;Portonave - Terminais Portuários de Navegantes;07/01/2025 20:04;
9938250;CMA CGM BUZIOS;Container Ship;CMA CGM;CMA CGM Group;Ocean Alliance;Santos;Cais da Santos Brasil (SSZ 16) - Privativo;17/10/2025 17:10;
9938250;CMA CGM BUZIOS;Container Ship;CMA CGM;CMA CGM Group;Ocean Alliance;Santos;Cais da Santos Brasil (SSZ 16) - Privativo;10/04/2025 01:00;
9938250;CMA CGM BUZIOS;Container Ship;CMA CGM;CMA CGM Group;Ocean Alliance;Portonave - Terminais Portuários de Navegantes;Portonave - Terminais Portuários de Navegantes;07/04/2025 12:13;
9938250;CMA CGM BUZIOS;Container Ship;CMA CGM;CMA CGM Group;Ocean Alliance;Santos;Cais da Santos Brasil (SSZ 16) - Privativo;04/07/2025 10:32;
9938250;CMA CGM BUZIOS;Container Ship;CMA CGM;CMA CGM Group;Ocean Alliance;Paranaguá;TCP;05/10/2025 18:35;
9938250;CMA CGM BUZIOS;Container Ship;CMA CGM;CMA CGM Group;Ocean Alliance;Rio de Janeiro;ICTSI;30/12/2025 17:25;
9938250;CMA CGM BUZIOS;Container Ship;CMA CGM;CMA CGM Group;Ocean Alliance;Santos;Cais da Santos Brasil (SSZ 16) - Privativo;13/07/2025 12:48;
9938250;CMA CGM BUZIOS;Container Ship;CMA CGM;CMA CGM Group;Ocean Alliance;Paranaguá;TCP;31/03/2025 19:45;
9938250;CMA CGM BUZIOS;Container Ship;CMA CGM;CMA CGM Group;Ocean Alliance;Santos;Cais da Santos Brasil (SSZ 16) - Privativo;29/03/2025 04:53;
9938250;CMA CGM BUZIOS;Container Ship;CMA CGM;CMA CGM Group;Ocean Alliance;Santos;Cais da Santos Brasil (SSZ 16) - Privativo;11/01/2025 00:55;
9938250;CMA CGM BUZIOS;Container Ship;CMA CGM;CMA CGM Group;Ocean Alliance;Paranaguá;TCP;04/01/2025 12:45;
9625384;BARTOLOMEU DIAS;Container Ship;UNKNOWN;UNKNOWN;Unknown;Itajaí;Cais Arrendado Transitoriamente;11/11/2025 20:15;
9625384;BARTOLOMEU DIAS;Container Ship;UNKNOWN;UNKNOWN;Unknown;Terminal Portuário do Pecém;Terminal Portuário do Pecém;30/10/2025 19:24;
9625384;BARTOLOMEU DIAS;Container Ship;UNKNOWN;UNKNOWN;Unknown;Terminal Portuário do Pecém;Terminal Portuário do Pecém;09/10/2025 10:33;
9625384;BARTOLOMEU DIAS;Container Ship;UNKNOWN;UNKNOWN;Unknown;Itajaí;Cais Arrendado Transitoriamente;18/01/2025 19:15;
9625384;BARTOLOMEU DIAS;Container Ship;UNKNOWN;UNKNOWN;Unknown;Terminal Portuário do Pecém;Terminal Portuário do Pecém;11/12/2025 13:41;
9625384;BARTOLOMEU DIAS;Container Ship;UNKNOWN;UNKNOWN;Unknown;Terminal Portuário do Pecém;Terminal Portuário do Pecém;20/11/2025 20:05;
9945837;COSCOSHIPPING BRAZIL;Container Ship;COSCO;Cosco Shipping;Ocean Alliance;Santos;Cais da Santos Brasil (SSZ 16) - Privativo;20/10/2025 14:45;
9945837;COSCOSHIPPING BRAZIL;Container Ship;COSCO;Cosco Shipping;Ocean Alliance;Paranaguá;TCP;06/04/2025 08:30;
9945837;COSCOSHIPPING BRAZIL;Container Ship;COSCO;Cosco Shipping;Ocean Alliance;Portonave - Terminais Portuários de Navegantes;Portonave - Terminais Portuários de Navegantes;09/04/2025 15:00;
9945837;COSCOSHIPPING BRAZIL;Container Ship;COSCO;Cosco Shipping;Ocean Alliance;Santos;Cais da Santos Brasil (SSZ 16) - Privativo;27/07/2025 04:20;
9945837;COSCOSHIPPING BRAZIL;Container Ship;COSCO;Cosco Shipping;Ocean Alliance;Santos;Cais da Santos Brasil (SSZ 16) - Privativo;04/04/2025 05:30;
9945837;COSCOSHIPPING BRAZIL;Container Ship;COSCO;Cosco Shipping;Ocean Alliance;Paranaguá;TCP;13/10/2025 06:20;
9945837;COSCOSHIPPING BRAZIL;Container Ship;COSCO;Cosco Shipping;Ocean Alliance;Paranaguá;TCP;11/01/2025 07:00;
9945837;COSCOSHIPPING BRAZIL;Container Ship;COSCO;Cosco Shipping;Ocean Alliance;Santos;Cais da Santos Brasil (SSZ 16) - Privativo;08/01/2025 18:32;
9945837;COSCOSHIPPING BRAZIL;Container Ship;COSCO;Cosco Shipping;Ocean Alliance;Rio de Janeiro;ICTSI;05/01/2025 10:15;
9945837;COSCOSHIPPING BRAZIL;Container Ship;COSCO;Cosco Shipping;Ocean Alliance;Portonave - Terminais Portuários de Navegantes;Portonave - Terminais Portuários de Navegantes;15/10/2025 19:24;
9945837;COSCOSHIPPING BRAZIL;Container Ship;COSCO;Cosco Shipping;Ocean Alliance;Rio de Janeiro;ICTSI;23/10/2025 15:40;
9945837;COSCOSHIPPING BRAZIL;Container Ship;COSCO;Cosco Shipping;Ocean Alliance;Portonave - Terminais Portuários de Navegantes;Portonave - Terminais Portuários de Navegantes;16/01/2025 16:00;
9945837;COSCOSHIPPING BRAZIL;Container Ship;COSCO;Cosco Shipping;Ocean Alliance;Santos;Cais da Santos Brasil (SSZ 16) - Privativo;10/10/2025 06:58;
9945837;COSCOSHIPPING BRAZIL;Container Ship;COSCO;Cosco Shipping;Ocean Alliance;Santos;Cais da Santos Brasil (SSZ 16) - Privativo;11/04/2025 19:25;
9945837;COSCOSHIPPING BRAZIL;Container Ship;COSCO;Cosco Shipping;Ocean Alliance;Rio de Janeiro;ICTSI;01/04/2025 15:00;
9945837;COSCOSHIPPING BRAZIL;Container Ship;COSCO;Cosco Shipping;Ocean Alliance;Rio de Janeiro;ICTSI;01/07/2025 13:30;
9945837;COSCOSHIPPING BRAZIL;Container Ship;COSCO;Cosco Shipping;Ocean Alliance;Paranaguá;TCP;20/07/2025 09:10;
9945837;COSCOSHIPPING BRAZIL;Container Ship;COSCO;Cosco Shipping;Ocean Alliance;Portonave - Terminais Portuários de Navegantes;Portonave - Terminais Portuários de Navegantes;22/07/2025 11:42;
9945837;COSCOSHIPPING BRAZIL;Container Ship;COSCO;Cosco Shipping;Ocean Alliance;Rio de Janeiro;ICTSI;14/04/2025 15:20;
9945837;COSCOSHIPPING BRAZIL;Container Ship;COSCO;Cosco Shipping;Ocean Alliance;Santos;Cais da Santos Brasil (SSZ 16) - Privativo;17/07/2025 20:25;
9945837;COSCOSHIPPING BRAZIL;Container Ship;COSCO;Cosco Shipping;Ocean Alliance;Rio de Janeiro;ICTSI;21/01/2025 15:30;
9945837;COSCOSHIPPING BRAZIL;Container Ship;COSCO;Cosco Shipping;Ocean Alliance;Santos;Cais da Santos Brasil (SSZ 16) - Privativo;19/01/2025 11:20;
9222302;MSC PETRA;Container Ship;MSC;MSC;MSC (standalone);Santos;Cais da BTP (SSZ 41) - Privativo;09/11/2025 21:00;
9222302;MSC PETRA;Container Ship;MSC;MSC;MSC (standalone);Paranaguá;TCP;24/05/2025 21:15;
9222302;MSC PETRA;Container Ship;MSC;MSC;MSC (standalone);Rio de Janeiro;Multi-Rio;29/05/2025 05:20;
9222302;MSC PETRA;Container Ship;MSC;MSC;MSC (standalone);Santos;Cais da BTP (SSZ 41) - Privativo;02/04/2025 20:43;
9222302;MSC PETRA;Container Ship;MSC;MSC;MSC (standalone);Paranaguá;TCP;01/04/2025 00:35;
9222302;MSC PETRA;Container Ship;MSC;MSC;MSC (standalone);Itajaí;Cais Arrendado Transitoriamente;08/01/2025 22:44;
9222302;MSC PETRA;Container Ship;MSC;MSC;MSC (standalone);Rio de Janeiro;Multi-Rio;22/07/2025 18:00;
9222302;MSC PETRA;Container Ship;MSC;MSC;MSC (standalone);Paranaguá;TCP;16/01/2025 10:20;
9222302;MSC PETRA;Container Ship;MSC;MSC;MSC (standalone);Santos;Cais da BTP (SSZ 41) - Privativo;13/07/2025 16:30;
9222302;MSC PETRA;Container Ship;MSC;MSC;MSC (standalone);Rio Grande;Cais Tecon Rio Grande S.A.;04/01/2025 20:10;
9222302;MSC PETRA;Container Ship;MSC;MSC;MSC (standalone);Santos;Cais da BTP (SSZ 41) - Privativo;20/07/2025 23:55;
9222302;MSC PETRA;Container Ship;MSC;MSC;MSC (standalone);Paranaguá;TCP;07/11/2025 00:30;
9222302;MSC PETRA;Container Ship;MSC;MSC;MSC (standalone);Paranaguá;TCP;12/09/2025 04:35;
9222302;MSC PETRA;Container Ship;MSC;MSC;MSC (standalone);Rio de Janeiro;Multi-Rio;12/11/2025 16:40;
9222302;MSC PETRA;Container Ship;MSC;MSC;MSC (standalone);Santos;Cais da BTP (SSZ 41) - Privativo;15/09/2025 19:30;
9222302;MSC PETRA;Container Ship;MSC;MSC;MSC (standalone);Santos;Cais da BTP (SSZ 41) - Privativo;17/01/2025 21:40;
9222302;MSC PETRA;Container Ship;MSC;MSC;MSC (standalone);Paranaguá;TCP;17/07/2025 20:40;
9222302;MSC PETRA;Container Ship;MSC;MSC;MSC (standalone);Santos;Cais da BTP (SSZ 41) - Privativo;21/09/2025 05:42;
9222302;MSC PETRA;Container Ship;MSC;MSC;MSC (standalone);Santos;Cais da BTP (SSZ 41) - Privativo;27/05/2025 09:40;
9813802;AS SABINE;Container Ship;UNKNOWN;UNKNOWN;Unknown;Rio de Janeiro;ICTSI;11/07/2025 12:40;
9813802;AS SABINE;Container Ship;UNKNOWN;UNKNOWN;Unknown;Santos;Cais da BTP (SSZ 41) - Privativo;10/06/2025 21:56;
9813802;AS SABINE;Container Ship;UNKNOWN;UNKNOWN;Unknown;Santos;Cais da BTP (SSZ 41) - Privativo;30/04/2025 19:13;
9813802;AS SABINE;Container Ship;UNKNOWN;UNKNOWN;Unknown;Santos;Cais da BTP (SSZ 41) - Privativo;09/07/2025 17:15;
9813802;AS SABINE;Container Ship;UNKNOWN;UNKNOWN;Unknown;Santos;Cais da BTP (SSZ 41) - Privativo;17/09/2025 16:57;
9813802;AS SABINE;Container Ship;UNKNOWN;UNKNOWN;Unknown;Santos;Cais da BTP (SSZ 41) - Privativo;27/05/2025 21:26;
9813802;AS SABINE;Container Ship;UNKNOWN;UNKNOWN;Unknown;Santos;Cais da BTP (SSZ 41) - Privativo;25/06/2025 13:30;
9813802;AS SABINE;Container Ship;UNKNOWN;UNKNOWN;Unknown;Santos;Cais da BTP (SSZ 41) - Privativo;30/10/2025 20:28;
9813802;AS SABINE;Container Ship;UNKNOWN;UNKNOWN;Unknown;Santos;Cais da Santos Brasil (SSZ 16) - Privativo;14/03/2025 13:15;
9813802;AS SABINE;Container Ship;UNKNOWN;UNKNOWN;Unknown;Santos;Cais da BTP (SSZ 41) - Privativo;14/05/2025 14:15;
9813802;AS SABINE;Container Ship;UNKNOWN;UNKNOWN;Unknown;Santos;Cais da BTP (SSZ 41) - Privativo;03/09/2025 16:37;
9813802;AS SABINE;Container Ship;UNKNOWN;UNKNOWN;Unknown;Santos;Cais da BTP (SSZ 41) - Privativo;20/08/2025 17:46;
9813802;AS SABINE;Container Ship;UNKNOWN;UNKNOWN;Unknown;Santos;Cais da BTP (SSZ 41) - Privativo;10/12/2025 01:14;
9813802;AS SABINE;Container Ship;UNKNOWN;UNKNOWN;Unknown;Santos;Cais da BTP (SSZ 41) - Privativo;01/10/2025 21:05;
9813802;AS SABINE;Container Ship;UNKNOWN;UNKNOWN;Unknown;Santos;Cais da BTP (SSZ 41) - Privativo;25/11/2025 20:55;
9813802;AS SABINE;Container Ship;UNKNOWN;UNKNOWN;Unknown;Santos;Cais da Santos Brasil (SSZ 16) - Privativo;17/01/2025 05:47;
9813802;AS SABINE;Container Ship;UNKNOWN;UNKNOWN;Unknown;Santos;Cais da BTP (SSZ 41) - Privativo;16/04/2025 21:16;
9813802;AS SABINE;Container Ship;UNKNOWN;UNKNOWN;Unknown;Santos;Cais da BTP (SSZ 41) - Privativo;15/10/2025 11:38;
9813802;AS SABINE;Container Ship;UNKNOWN;UNKNOWN;Unknown;Santos;Cais da Santos Brasil (SSZ 16) - Privativo;28/03/2025 12:26;
9813802;AS SABINE;Container Ship;UNKNOWN;UNKNOWN;Unknown;Terminal Portuário do Pecém;Terminal Portuário do Pecém;15/08/2025 09:33;
9813802;AS SABINE;Container Ship;UNKNOWN;UNKNOWN;Unknown;Santos;Cais da BTP (SSZ 41) - Privativo;13/11/2025 08:18;
9506394;LOG-IN DISCOVERY;Container Ship;LOG-IN;Log-In;Regional / affiliated carrier;Rio Grande;Cais Tecon Rio Grande S.A.;11/07/2025 07:55;
9506394;LOG-IN DISCOVERY;Container Ship;LOG-IN;Log-In;Regional / affiliated carrier;Salvador;TECON;17/10/2025 12:15;
9506394;LOG-IN DISCOVERY;Container Ship;LOG-IN;Log-In;Regional / affiliated carrier;Rio Grande;Cais Tecon Rio Grande S.A.;20/03/2025 21:50;
9506394;LOG-IN DISCOVERY;Container Ship;LOG-IN;Log-In;Regional / affiliated carrier;Rio Grande;Cais Tecon Rio Grande S.A.;05/09/2025 04:00;
9506394;LOG-IN DISCOVERY;Container Ship;LOG-IN;Log-In;Regional / affiliated carrier;Rio Grande;Cais Tecon Rio Grande S.A.;20/02/2025 17:40;
9506394;LOG-IN DISCOVERY;Container Ship;LOG-IN;Log-In;Regional / affiliated carrier;Rio Grande;Cais Tecon Rio Grande S.A.;15/05/2025 21:45;
9506394;LOG-IN DISCOVERY;Container Ship;LOG-IN;Log-In;Regional / affiliated carrier;Rio Grande;Cais Tecon Rio Grande S.A.;24/01/2025 04:00;
9506394;LOG-IN DISCOVERY;Container Ship;LOG-IN;Log-In;Regional / affiliated carrier;Rio Grande;Cais Tecon Rio Grande S.A.;31/10/2025 00:15;
9506394;LOG-IN DISCOVERY;Container Ship;LOG-IN;Log-In;Regional / affiliated carrier;Itajaí;Cais Arrendado Transitoriamente;09/05/2025 09:03;
9506394;LOG-IN DISCOVERY;Container Ship;LOG-IN;Log-In;Regional / affiliated carrier;Rio Grande;Cais Tecon Rio Grande S.A.;08/08/2025 01:15;
9506394;LOG-IN DISCOVERY;Container Ship;LOG-IN;Log-In;Regional / affiliated carrier;Rio Grande;Cais Tecon Rio Grande S.A.;18/04/2025 05:50;
9506394;LOG-IN DISCOVERY;Container Ship;LOG-IN;Log-In;Regional / affiliated carrier;Rio Grande;Cais Tecon Rio Grande S.A.;12/06/2025 17:50;
9506394;LOG-IN DISCOVERY;Container Ship;LOG-IN;Log-In;Regional / affiliated carrier;Rio Grande;Cais Tecon Rio Grande S.A.;03/10/2025 04:10;
9506394;LOG-IN DISCOVERY;Container Ship;LOG-IN;Log-In;Regional / affiliated carrier;Salvador;TECON Área 2;12/12/2025 12:25;
9506394;LOG-IN DISCOVERY;Container Ship;LOG-IN;Log-In;Regional / affiliated carrier;Rio Grande;Cais Tecon Rio Grande S.A.;25/12/2025 22:40;
9649835;CMA CGM SANTOS;Container Ship;CMA CGM;CMA CGM Group;Ocean Alliance;Santos;Cais da Santos Brasil (SSZ 16) - Privativo;28/05/2025 17:46;
9649835;CMA CGM SANTOS;Container Ship;CMA CGM;CMA CGM Group;Ocean Alliance;Rio de Janeiro;ICTSI;04/05/2025 07:10;
9649835;CMA CGM SANTOS;Container Ship;CMA CGM;CMA CGM Group;Ocean Alliance;Rio Grande;Cais Tecon Rio Grande S.A.;27/03/2025 18:15;
9649835;CMA CGM SANTOS;Container Ship;CMA CGM;CMA CGM Group;Ocean Alliance;Rio Grande;Cais Tecon Rio Grande S.A.;31/01/2025 04:15;
9649835;CMA CGM SANTOS;Container Ship;CMA CGM;CMA CGM Group;Ocean Alliance;Salvador;TECON Área 2;14/03/2025 04:15;
9649835;CMA CGM SANTOS;Container Ship;CMA CGM;CMA CGM Group;Ocean Alliance;Rio de Janeiro;ICTSI;01/06/2025 06:00;
9649835;CMA CGM SANTOS;Container Ship;CMA CGM;CMA CGM Group;Ocean Alliance;Salvador;TECON;11/04/2025 08:30;
9649835;CMA CGM SANTOS;Container Ship;CMA CGM;CMA CGM Group;Ocean Alliance;Rio Grande;Cais Tecon Rio Grande S.A.;24/04/2025 18:25;
9649835;CMA CGM SANTOS;Container Ship;CMA CGM;CMA CGM Group;Ocean Alliance;Rio Grande;Cais Tecon Rio Grande S.A.;28/02/2025 03:30;
9649835;CMA CGM SANTOS;Container Ship;CMA CGM;CMA CGM Group;Ocean Alliance;Salvador;TECON Área 2;17/01/2025 08:25;
9649835;CMA CGM SANTOS;Container Ship;CMA CGM;CMA CGM Group;Ocean Alliance;Salvador;TECON;14/02/2025 10:55;
9619438;MSC ALBANY;Container Ship;MSC;MSC;MSC (standalone);Portonave - Terminais Portuários de Navegantes;Portonave - Terminais Portuários de Navegantes;28/03/2025 07:00;
9619438;MSC ALBANY;Container Ship;MSC;MSC;MSC (standalone);Santos;Cais da Santos Brasil (SSZ 16) - Privativo;19/03/2025 01:24;
9619438;MSC ALBANY;Container Ship;MSC;MSC;MSC (standalone);Santos;Cais da BTP (SSZ 41) - Privativo;27/01/2025 13:05;
9619438;MSC ALBANY;Container Ship;MSC;MSC;MSC (standalone);Rio de Janeiro;Multi-Rio;26/07/2025 10:00;
9619438;MSC ALBANY;Container Ship;MSC;MSC;MSC (standalone);Rio de Janeiro;Multi-Rio;01/02/2025 08:50;
9619438;MSC ALBANY;Container Ship;MSC;MSC;MSC (standalone);Rio de Janeiro;Multi-Rio;02/04/2025 12:20;
9619438;MSC ALBANY;Container Ship;MSC;MSC;MSC (standalone);Paranaguá;TCP;23/05/2025 00:45;
9619438;MSC ALBANY;Container Ship;MSC;MSC;MSC (standalone);Itajaí;Cais Arrendado Transitoriamente;28/07/2025 12:24;
9619438;MSC ALBANY;Container Ship;MSC;MSC;MSC (standalone);Santos;Cais da BTP (SSZ 41) - Privativo;17/01/2025 07:46;
9619438;MSC ALBANY;Container Ship;MSC;MSC;MSC (standalone);Rio de Janeiro;Multi-Rio;19/05/2025 11:40;
9619438;MSC ALBANY;Container Ship;MSC;MSC;MSC (standalone);Paranaguá;TCP;20/03/2025 17:45;
9619438;MSC ALBANY;Container Ship;MSC;MSC;MSC (standalone);Santos;Cais da BTP (SSZ 41) - Privativo;31/03/2025 09:20;
9619438;MSC ALBANY;Container Ship;MSC;MSC;MSC (standalone);Paranaguá;TCP;18/01/2025 20:00;
9619438;MSC ALBANY;Container Ship;MSC;MSC;MSC (standalone);Santos;Cais da BTP (SSZ 41) - Privativo;17/08/2025 15:07;
9619438;MSC ALBANY;Container Ship;MSC;MSC;MSC (standalone);Rio de Janeiro;Multi-Rio;11/08/2025 18:50;
9619438;MSC ALBANY;Container Ship;MSC;MSC;MSC (standalone);Rio de Janeiro;Multi-Rio;05/06/2025 13:55;
9619438;MSC ALBANY;Container Ship;MSC;MSC;MSC (standalone);Santos;Cais da BTP (SSZ 41) - Privativo;03/06/2025 03:30;
9619438;MSC ALBANY;Container Ship;MSC;MSC;MSC (standalone);Rio de Janeiro;Multi-Rio;14/01/2025 13:30;
9619438;MSC ALBANY;Container Ship;MSC;MSC;MSC (standalone);Santos;Cais da Santos Brasil (SSZ 16) - Privativo;21/05/2025 11:14;
9619438;MSC ALBANY;Container Ship;MSC;MSC;MSC (standalone);Santos;Cais da Santos Brasil (SSZ 16) - Privativo;24/07/2025 13:24;
9619438;MSC ALBANY;Container Ship;MSC;MSC;MSC (standalone);Portonave - Terminais Portuários de Navegantes;Portonave - Terminais Portuários de Navegantes;06/08/2025 12:36;
9619438;MSC ALBANY;Container Ship;MSC;MSC;MSC (standalone);Rio de Janeiro;Multi-Rio;17/03/2025 12:40;
9622241;SAN ANTONIO MAERSK;Container Ship;MAERSK;Maersk Group;Gemini Cooperation;Paranaguá;TCP;07/07/2025 03:37;
9622241;SAN ANTONIO MAERSK;Container Ship;MAERSK;Maersk Group;Gemini Cooperation;Paranaguá;TCP;07/04/2025 17:04;
9622241;SAN ANTONIO MAERSK;Container Ship;MAERSK;Maersk Group;Gemini Cooperation;Paranaguá;TCP;13/10/2025 13:40;
9622241;SAN ANTONIO MAERSK;Container Ship;MAERSK;Maersk Group;Gemini Cooperation;Santos;Cais da Santos Brasil (SSZ 16) - Privativo;02/02/2025 00:50;
9622241;SAN ANTONIO MAERSK;Container Ship;MAERSK;Maersk Group;Gemini Cooperation;Paranaguá;TCP;20/01/2025 20:44;
9622241;SAN ANTONIO MAERSK;Container Ship;MAERSK;Maersk Group;Gemini Cooperation;Paranaguá;TCP;24/03/2025 19:10;
9622241;SAN ANTONIO MAERSK;Container Ship;MAERSK;Maersk Group;Gemini Cooperation;Paranaguá;TCP;31/01/2025 06:20;
9622241;SAN ANTONIO MAERSK;Container Ship;MAERSK;Maersk Group;Gemini Cooperation;Rio Grande;Cais Tecon Rio Grande S.A.;28/01/2025 11:00;
9622241;SAN ANTONIO MAERSK;Container Ship;MAERSK;Maersk Group;Gemini Cooperation;Santos;Cais da Santos Brasil (SSZ 16) - Privativo;18/01/2025 01:54;
9622241;SAN ANTONIO MAERSK;Container Ship;MAERSK;Maersk Group;Gemini Cooperation;Santos;Cais da Santos Brasil (SSZ 16) - Privativo;22/03/2025 00:25;
9622253;SAN RAPHAEL MAERSK;Container Ship;MAERSK;Maersk Group;Gemini Cooperation;Rio Grande;Cais Tecon Rio Grande S.A.;30/07/2025 12:50;
9622253;SAN RAPHAEL MAERSK;Container Ship;MAERSK;Maersk Group;Gemini Cooperation;Rio Grande;Cais Tecon Rio Grande S.A.;27/05/2025 12:00;
9622253;SAN RAPHAEL MAERSK;Container Ship;MAERSK;Maersk Group;Gemini Cooperation;Paranaguá;TCP;31/05/2025 03:15;
9622253;SAN RAPHAEL MAERSK;Container Ship;MAERSK;Maersk Group;Gemini Cooperation;Paranaguá;TCP;05/12/2025 13:23;
9622253;SAN RAPHAEL MAERSK;Container Ship;MAERSK;Maersk Group;Gemini Cooperation;Santos;Cais da Santos Brasil (SSZ 16) - Privativo;30/03/2025 05:25;
9622253;SAN RAPHAEL MAERSK;Container Ship;MAERSK;Maersk Group;Gemini Cooperation;Santos;Cais da BTP (SSZ 41) - Privativo;20/09/2025 10:39;
9622253;SAN RAPHAEL MAERSK;Container Ship;MAERSK;Maersk Group;Gemini Cooperation;Santos;Cais da BTP (SSZ 41) - Privativo;01/06/2025 11:32;
9622253;SAN RAPHAEL MAERSK;Container Ship;MAERSK;Maersk Group;Gemini Cooperation;Santos;Cais da BTP (SSZ 41) - Privativo;17/05/2025 07:30;
9622253;SAN RAPHAEL MAERSK;Container Ship;MAERSK;Maersk Group;Gemini Cooperation;Paranaguá;TCP;21/07/2025 06:50;
9622253;SAN RAPHAEL MAERSK;Container Ship;MAERSK;Maersk Group;Gemini Cooperation;Paranaguá;TCP;13/01/2025 05:50;
9622253;SAN RAPHAEL MAERSK;Container Ship;MAERSK;Maersk Group;Gemini Cooperation;Paranaguá;TCP;19/05/2025 08:08;
9622253;SAN RAPHAEL MAERSK;Container Ship;MAERSK;Maersk Group;Gemini Cooperation;Rio Grande;Cais Tecon Rio Grande S.A.;23/01/2025 09:15;
9622253;SAN RAPHAEL MAERSK;Container Ship;MAERSK;Maersk Group;Gemini Cooperation;Santos;Cais da BTP (SSZ 41) - Privativo;07/12/2025 17:39;
9622253;SAN RAPHAEL MAERSK;Container Ship;MAERSK;Maersk Group;Gemini Cooperation;Santos;Cais da Santos Brasil (SSZ 16) - Privativo;26/01/2025 16:00;
9622253;SAN RAPHAEL MAERSK;Container Ship;MAERSK;Maersk Group;Gemini Cooperation;Rio Grande;Cais Tecon Rio Grande S.A.;01/10/2025 02:50;
9622253;SAN RAPHAEL MAERSK;Container Ship;MAERSK;Maersk Group;Gemini Cooperation;Santos;Cais da BTP (SSZ 41) - Privativo;22/11/2025 12:25;
9622253;SAN RAPHAEL MAERSK;Container Ship;MAERSK;Maersk Group;Gemini Cooperation;Rio Grande;Cais Tecon Rio Grande S.A.;25/03/2025 08:15;
9622253;SAN RAPHAEL MAERSK;Container Ship;MAERSK;Maersk Group;Gemini Cooperation;Rio Grande;Cais Tecon Rio Grande S.A.;03/12/2025 12:10;
9622253;SAN RAPHAEL MAERSK;Container Ship;MAERSK;Maersk Group;Gemini Cooperation;Paranaguá;TCP;03/10/2025 12:36;
9622253;SAN RAPHAEL MAERSK;Container Ship;MAERSK;Maersk Group;Gemini Cooperation;Paranaguá;TCP;28/03/2025 02:33;
9622253;SAN RAPHAEL MAERSK;Container Ship;MAERSK;Maersk Group;Gemini Cooperation;Paranaguá;TCP;17/03/2025 11:36;
9622253;SAN RAPHAEL MAERSK;Container Ship;MAERSK;Maersk Group;Gemini Cooperation;Santos;Cais da BTP (SSZ 41) - Privativo;19/07/2025 05:43;
9622253;SAN RAPHAEL MAERSK;Container Ship;MAERSK;Maersk Group;Gemini Cooperation;Santos;Cais da Santos Brasil (SSZ 16) - Privativo;14/01/2025 09:00;
9622253;SAN RAPHAEL MAERSK;Container Ship;MAERSK;Maersk Group;Gemini Cooperation;Santos;Cais da BTP (SSZ 41) - Privativo;06/10/2025 07:33;
9622253;SAN RAPHAEL MAERSK;Container Ship;MAERSK;Maersk Group;Gemini Cooperation;Santos;Cais da Santos Brasil (SSZ 16) - Privativo;15/03/2025 04:32;
9622253;SAN RAPHAEL MAERSK;Container Ship;MAERSK;Maersk Group;Gemini Cooperation;Santos;Cais da BTP (SSZ 41) - Privativo;03/08/2025 23:05;
9622253;SAN RAPHAEL MAERSK;Container Ship;MAERSK;Maersk Group;Gemini Cooperation;Paranaguá;TCP;24/11/2025 03:05;
9622253;SAN RAPHAEL MAERSK;Container Ship;MAERSK;Maersk Group;Gemini Cooperation;Paranaguá;TCP;22/09/2025 16:13;
9294161;MAERSK JALAN;Container Ship;MAERSK;Maersk Group;Gemini Cooperation;Santos;Cais da Santos Brasil (SSZ 16) - Privativo;30/01/2025 22:30;
9294161;MAERSK JALAN;Container Ship;MAERSK;Maersk Group;Gemini Cooperation;Santos;Cais da Santos Brasil (SSZ 16) - Privativo;15/02/2025 13:50;
9294161;MAERSK JALAN;Container Ship;MAERSK;Maersk Group;Gemini Cooperation;Santos;Cais da Santos Brasil (SSZ 16) - Privativo;28/02/2025 08:20;
9294161;MAERSK JALAN;Container Ship;MAERSK;Maersk Group;Gemini Cooperation;Paranaguá;TCP;11/01/2025 00:18;
9612791;NC BRAVO;Container Ship;UNKNOWN;UNKNOWN;Unknown;Itajaí;Cais Arrendado Transitoriamente;31/10/2025 15:06;
9625528;HMM PRESTIGE;Container Ship;HMM;HMM;Premier Alliance;Portonave - Terminais Portuários de Navegantes;Portonave - Terminais Portuários de Navegantes;25/01/2025 11:18;
9625528;HMM PRESTIGE;Container Ship;HMM;HMM;Premier Alliance;Paranaguá;TCP;21/01/2025 09:30;
9778076;MSC SHUBA B;Container Ship;MSC;MSC;MSC (standalone);Santos;Cais da BTP (SSZ 41) - Privativo;01/02/2025 06:50;
9778076;MSC SHUBA B;Container Ship;MSC;MSC;MSC (standalone);Santos;Cais da BTP (SSZ 41) - Privativo;05/05/2025 13:08;
9778076;MSC SHUBA B;Container Ship;MSC;MSC;MSC (standalone);Santos;Cais da BTP (SSZ 41) - Privativo;16/04/2025 02:25;
9778076;MSC SHUBA B;Container Ship;MSC;MSC;MSC (standalone);Rio Grande;Cais Tecon Rio Grande S.A.;28/04/2025 05:10;
9778076;MSC SHUBA B;Container Ship;MSC;MSC;MSC (standalone);Santos;Cais da BTP (SSZ 41) - Privativo;03/01/2025 17:53;
9778076;MSC SHUBA B;Container Ship;MSC;MSC;MSC (standalone);Paranaguá;TCP;03/05/2025 16:55;
9778076;MSC SHUBA B;Container Ship;MSC;MSC;MSC (standalone);Santos;Cais da BTP (SSZ 41) - Privativo;11/08/2025 17:27;
9778076;MSC SHUBA B;Container Ship;MSC;MSC;MSC (standalone);Portonave - Terminais Portuários de Navegantes;Portonave - Terminais Portuários de Navegantes;20/04/2025 09:12;
9778076;MSC SHUBA B;Container Ship;MSC;MSC;MSC (standalone);Paranaguá;TCP;19/01/2025 22:20;
9778076;MSC SHUBA B;Container Ship;MSC;MSC;MSC (standalone);Rio Grande;Cais Tecon Rio Grande S.A.;03/08/2025 21:00;
9778076;MSC SHUBA B;Container Ship;MSC;MSC;MSC (standalone);Paranaguá;TCP;07/01/2025 17:45;
9778076;MSC SHUBA B;Container Ship;MSC;MSC;MSC (standalone);Portonave - Terminais Portuários de Navegantes;Portonave - Terminais Portuários de Navegantes;25/07/2025 15:06;
9778076;MSC SHUBA B;Container Ship;MSC;MSC;MSC (standalone);Portonave - Terminais Portuários de Navegantes;Portonave - Terminais Portuários de Navegantes;06/01/2025 10:12;
9778076;MSC SHUBA B;Container Ship;MSC;MSC;MSC (standalone);Rio Grande;Cais Tecon Rio Grande S.A.;17/01/2025 14:35;
9778076;MSC SHUBA B;Container Ship;MSC;MSC;MSC (standalone);Portonave - Terminais Portuários de Navegantes;Portonave - Terminais Portuários de Navegantes;24/01/2025 20:54;
9778076;MSC SHUBA B;Container Ship;MSC;MSC;MSC (standalone);Paranaguá;TCP;20/07/2025 18:40;
9778076;MSC SHUBA B;Container Ship;MSC;MSC;MSC (standalone);Paranaguá;TCP;18/04/2025 03:15;
9778076;MSC SHUBA B;Container Ship;MSC;MSC;MSC (standalone);Portonave - Terminais Portuários de Navegantes;Portonave - Terminais Portuários de Navegantes;30/04/2025 23:59;
9778076;MSC SHUBA B;Container Ship;MSC;MSC;MSC (standalone);Santos;Cais da BTP (SSZ 41) - Privativo;16/07/2025 08:00;
9778076;MSC SHUBA B;Container Ship;MSC;MSC;MSC (standalone);Portonave - Terminais Portuários de Navegantes;Portonave - Terminais Portuários de Navegantes;07/08/2025 13:24;
9356153;MERCOSUL SANTOS;Container Ship;MERCOSUL;CMA CGM Group;Regional / affiliated carrier;Itajaí;Cais Arrendado Transitoriamente;14/09/2025 08:00;
9356153;MERCOSUL SANTOS;Container Ship;MERCOSUL;CMA CGM Group;Regional / affiliated carrier;Itajaí;Cais Arrendado Transitoriamente;04/08/2025 20:28;
9356153;MERCOSUL SANTOS;Container Ship;MERCOSUL;CMA CGM Group;Regional / affiliated carrier;Rio de Janeiro;ICTSI;20/04/2025 06:30;
9356153;MERCOSUL SANTOS;Container Ship;MERCOSUL;CMA CGM Group;Regional / affiliated carrier;Santos;Cais da Santos Brasil (SSZ 16) - Privativo;18/12/2025 14:45;
9356153;MERCOSUL SANTOS;Container Ship;MERCOSUL;CMA CGM Group;Regional / affiliated carrier;Santos;Cais da Santos Brasil (SSZ 16) - Privativo;24/10/2025 01:30;
9356153;MERCOSUL SANTOS;Container Ship;MERCOSUL;CMA CGM Group;Regional / affiliated carrier;Santos;Cais da Santos Brasil (SSZ 16) - Privativo;19/05/2025 03:40;
9356153;MERCOSUL SANTOS;Container Ship;MERCOSUL;CMA CGM Group;Regional / affiliated carrier;Santos;Cais da Santos Brasil (SSZ 16) - Privativo;10/06/2025 08:23;
9356153;MERCOSUL SANTOS;Container Ship;MERCOSUL;CMA CGM Group;Regional / affiliated carrier;Rio de Janeiro;ICTSI;06/06/2025 07:10;
9356153;MERCOSUL SANTOS;Container Ship;MERCOSUL;CMA CGM Group;Regional / affiliated carrier;Santos;Cais da Santos Brasil (SSZ 16) - Privativo;31/07/2025 22:10;
9356153;MERCOSUL SANTOS;Container Ship;MERCOSUL;CMA CGM Group;Regional / affiliated carrier;Itajaí;Cais Arrendado Transitoriamente;16/07/2025 02:51;
9356153;MERCOSUL SANTOS;Container Ship;MERCOSUL;CMA CGM Group;Regional / affiliated carrier;Santos;Cais da Santos Brasil (SSZ 16) - Privativo;14/07/2025 03:35;
9356153;MERCOSUL SANTOS;Container Ship;MERCOSUL;CMA CGM Group;Regional / affiliated carrier;Santos;Cais da Santos Brasil (SSZ 16) - Privativo;11/10/2025 10:23;
9356153;MERCOSUL SANTOS;Container Ship;MERCOSUL;CMA CGM Group;Regional / affiliated carrier;Santos;Cais da Santos Brasil (SSZ 16) - Privativo;07/11/2025 01:26;
9356153;MERCOSUL SANTOS;Container Ship;MERCOSUL;CMA CGM Group;Regional / affiliated carrier;Santos;Cais da Santos Brasil (SSZ 16) - Privativo;05/12/2025 07:52;
9356153;MERCOSUL SANTOS;Container Ship;MERCOSUL;CMA CGM Group;Regional / affiliated carrier;Santos;Cais da Santos Brasil (SSZ 16) - Privativo;22/11/2025 17:20;
9356153;MERCOSUL SANTOS;Container Ship;MERCOSUL;CMA CGM Group;Regional / affiliated carrier;Rio de Janeiro;ICTSI;23/03/2025 07:00;
9356153;MERCOSUL SANTOS;Container Ship;MERCOSUL;CMA CGM Group;Regional / affiliated carrier;Santos;Cais da Santos Brasil (SSZ 16) - Privativo;19/09/2025 00:10;
9356153;MERCOSUL SANTOS;Container Ship;MERCOSUL;CMA CGM Group;Regional / affiliated carrier;Santos;Cais da Santos Brasil (SSZ 16) - Privativo;30/09/2025 21:40;
9356153;MERCOSUL SANTOS;Container Ship;MERCOSUL;CMA CGM Group;Regional / affiliated carrier;Santos;Cais da Santos Brasil (SSZ 16) - Privativo;02/06/2025 14:31;
9356153;MERCOSUL SANTOS;Container Ship;MERCOSUL;CMA CGM Group;Regional / affiliated carrier;Santos;Cais da Santos Brasil (SSZ 16) - Privativo;28/06/2025 09:02;
9603221;FERNAO DE MAGALHAES;Container Ship;UNKNOWN;UNKNOWN;Unknown;Terminal Portuário do Pecém;Terminal Portuário do Pecém;24/11/2025 08:21;
9603221;FERNAO DE MAGALHAES;Container Ship;UNKNOWN;UNKNOWN;Unknown;Terminal Portuário do Pecém;Terminal Portuário do Pecém;22/12/2025 08:04;
9603221;FERNAO DE MAGALHAES;Container Ship;UNKNOWN;UNKNOWN;Unknown;Terminal Portuário do Pecém;Terminal Portuário do Pecém;13/09/2025 13:28;
9603221;FERNAO DE MAGALHAES;Container Ship;UNKNOWN;UNKNOWN;Unknown;Terminal Portuário do Pecém;Terminal Portuário do Pecém;06/12/2025 14:03;
9306196;PALENA;Container Ship;UNKNOWN;UNKNOWN;Unknown;Itajaí;Cais Arrendado Transitoriamente;26/06/2025 08:21;
9306196;PALENA;Container Ship;UNKNOWN;UNKNOWN;Unknown;Rio Grande;Cais Tecon Rio Grande S.A.;14/04/2025 14:55;
9306196;PALENA;Container Ship;UNKNOWN;UNKNOWN;Unknown;Itajaí;Cais Arrendado Transitoriamente;22/11/2025 00:35;
9306196;PALENA;Container Ship;UNKNOWN;UNKNOWN;Unknown;Rio Grande;Cais Tecon Rio Grande S.A.;08/09/2025 10:00;
9306196;PALENA;Container Ship;UNKNOWN;UNKNOWN;Unknown;Rio Grande;Cais Tecon Rio Grande S.A.;23/06/2025 11:15;
9306196;PALENA;Container Ship;UNKNOWN;UNKNOWN;Unknown;Itajaí;Cais Arrendado Transitoriamente;11/09/2025 03:31;
9306196;PALENA;Container Ship;UNKNOWN;UNKNOWN;Unknown;Portonave - Terminais Portuários de Navegantes;Portonave - Terminais Portuários de Navegantes;05/02/2025 08:00;
9306196;PALENA;Container Ship;UNKNOWN;UNKNOWN;Unknown;Paranaguá;TCP;18/04/2025 23:40;
9306196;PALENA;Container Ship;UNKNOWN;UNKNOWN;Unknown;Paranaguá;TCP;04/07/2025 21:30;
9306196;PALENA;Container Ship;UNKNOWN;UNKNOWN;Unknown;Rio Grande;Cais Tecon Rio Grande S.A.;19/11/2025 19:10;
9306196;PALENA;Container Ship;UNKNOWN;UNKNOWN;Unknown;Rio de Janeiro;Multi-Rio;21/04/2025 17:40;
9306196;PALENA;Container Ship;UNKNOWN;UNKNOWN;Unknown;Rio Grande;Cais Tecon Rio Grande S.A.;03/02/2025 08:20;
9603219;PEDRO ALVARES CABRAL;Container Ship;UNKNOWN;UNKNOWN;Unknown;Terminal Portuário do Pecém;Terminal Portuário do Pecém;22/11/2025 14:05;
9694581;MAERSK INDUS;;MAERSK;Maersk Group;Gemini Cooperation;Itajaí;Cais Arrendado Transitoriamente;28/06/2025 17:00;9972.0
9694581;MAERSK INDUS;;MAERSK;Maersk Group;Gemini Cooperation;Salvador;TECON Área 2;09/03/2025 15:45;9972.0
9694581;MAERSK INDUS;;MAERSK;Maersk Group;Gemini Cooperation;Itajaí;Cais Arrendado Transitoriamente;14/10/2025 20:35;9972.0
9694581;MAERSK INDUS;;MAERSK;Maersk Group;Gemini Cooperation;Itajaí;Cais Arrendado Transitoriamente;17/12/2025 12:20;9972.0
9694581;MAERSK INDUS;;MAERSK;Maersk Group;Gemini Cooperation;Itajaí;Cais Arrendado Transitoriamente;12/08/2025 18:30;9972.0
9471898;LOG-IN JATOBA;Container Ship;LOG-IN;Log-In;Regional / affiliated carrier;Terminal Portuário do Pecém;Terminal Portuário do Pecém;25/11/2025 17:06;
9471898;LOG-IN JATOBA;Container Ship;LOG-IN;Log-In;Regional / affiliated carrier;Portonave - Terminais Portuários de Navegantes;Portonave - Terminais Portuários de Navegantes;22/03/2025 02:30;
9471898;LOG-IN JATOBA;Container Ship;LOG-IN;Log-In;Regional / affiliated carrier;Rio Grande;Cais Tecon Rio Grande S.A.;31/05/2025 22:40;
9471898;LOG-IN JATOBA;Container Ship;LOG-IN;Log-In;Regional / affiliated carrier;Rio Grande;Cais Tecon Rio Grande S.A.;24/08/2025 05:40;
9471898;LOG-IN JATOBA;Container Ship;LOG-IN;Log-In;Regional / affiliated carrier;Rio Grande;Cais Tecon Rio Grande S.A.;02/05/2025 06:45;
9471898;LOG-IN JATOBA;Container Ship;LOG-IN;Log-In;Regional / affiliated carrier;Rio Grande;Cais Tecon Rio Grande S.A.;27/06/2025 00:25;
9471898;LOG-IN JATOBA;Container Ship;LOG-IN;Log-In;Regional / affiliated carrier;Terminal Portuário do Pecém;Terminal Portuário do Pecém;28/10/2025 07:32;
9471898;LOG-IN JATOBA;Container Ship;LOG-IN;Log-In;Regional / affiliated carrier;Rio Grande;Cais Tecon Rio Grande S.A.;19/09/2025 01:30;
9471898;LOG-IN JATOBA;Container Ship;LOG-IN;Log-In;Regional / affiliated carrier;Terminal Portuário do Pecém;Terminal Portuário do Pecém;24/12/2025 11:52;
9471898;LOG-IN JATOBA;Container Ship;LOG-IN;Log-In;Regional / affiliated carrier;Rio Grande;Cais Tecon Rio Grande S.A.;24/07/2025 16:47;
9471898;LOG-IN JATOBA;Container Ship;LOG-IN;Log-In;Regional / affiliated carrier;Rio Grande;Cais Tecon Rio Grande S.A.;16/10/2025 23:30;
9471886;LOG-IN JACARANDA;Container Ship;LOG-IN;Log-In;Regional / affiliated carrier;Rio Grande;Cais Tecon Rio Grande S.A.;06/03/2025 19:30;
9471886;LOG-IN JACARANDA;Container Ship;LOG-IN;Log-In;Regional / affiliated carrier;Terminal Portuário do Pecém;Terminal Portuário do Pecém;27/12/2025 11:30;
9471886;LOG-IN JACARANDA;Container Ship;LOG-IN;Log-In;Regional / affiliated carrier;Terminal Portuário do Pecém;Terminal Portuário do Pecém;30/10/2025 02:10;
9471886;LOG-IN JACARANDA;Container Ship;LOG-IN;Log-In;Regional / affiliated carrier;Terminal Portuário do Pecém;Terminal Portuário do Pecém;26/11/2025 23:00;
9471886;LOG-IN JACARANDA;Container Ship;LOG-IN;Log-In;Regional / affiliated carrier;Salvador;TECON Área 2;25/10/2025 23:30;
9471886;LOG-IN JACARANDA;Container Ship;LOG-IN;Log-In;Regional / affiliated carrier;Rio Grande;Cais Tecon Rio Grande S.A.;04/04/2025 03:45;
9571296;LOGIN ENDURANCE;Container Ship;LOG-IN;Log-In;Regional / affiliated carrier;Rio Grande;Cais Tecon Rio Grande S.A.;21/11/2025 03:50;
9571296;LOGIN ENDURANCE;Container Ship;LOG-IN;Log-In;Regional / affiliated carrier;Rio Grande;Cais Tecon Rio Grande S.A.;07/06/2025 00:20;
9571296;LOGIN ENDURANCE;Container Ship;LOG-IN;Log-In;Regional / affiliated carrier;Terminal Portuário do Pecém;Terminal Portuário do Pecém;04/11/2025 09:16;
9571296;LOGIN ENDURANCE;Container Ship;LOG-IN;Log-In;Regional / affiliated carrier;Rio Grande;Cais Tecon Rio Grande S.A.;16/01/2025 18:00;
9571296;LOGIN ENDURANCE;Container Ship;LOG-IN;Log-In;Regional / affiliated carrier;Rio Grande;Cais Tecon Rio Grande S.A.;11/04/2025 11:10;
9571296;LOGIN ENDURANCE;Container Ship;LOG-IN;Log-In;Regional / affiliated carrier;Rio Grande;Cais Tecon Rio Grande S.A.;08/05/2025 22:55;
9571296;LOGIN ENDURANCE;Container Ship;LOG-IN;Log-In;Regional / affiliated carrier;Rio Grande;Cais Tecon Rio Grande S.A.;04/07/2025 12:30;
9571296;LOGIN ENDURANCE;Container Ship;LOG-IN;Log-In;Regional / affiliated carrier;Rio Grande;Cais Tecon Rio Grande S.A.;26/09/2025 04:45;
9571296;LOGIN ENDURANCE;Container Ship;LOG-IN;Log-In;Regional / affiliated carrier;Rio Grande;Cais Tecon Rio Grande S.A.;13/03/2025 18:05;
9571296;LOGIN ENDURANCE;Container Ship;LOG-IN;Log-In;Regional / affiliated carrier;Rio Grande;Cais Tecon Rio Grande S.A.;23/10/2025 23:00;
9571296;LOGIN ENDURANCE;Container Ship;LOG-IN;Log-In;Regional / affiliated carrier;Rio Grande;Cais Tecon Rio Grande S.A.;01/08/2025 03:50;
9571296;LOGIN ENDURANCE;Container Ship;LOG-IN;Log-In;Regional / affiliated carrier;Rio Grande;Cais Tecon Rio Grande S.A.;14/02/2025 02:40;
9571296;LOGIN ENDURANCE;Container Ship;LOG-IN;Log-In;Regional / affiliated carrier;Salvador;TECON Área 2;10/10/2025 12:20;
9571296;LOGIN ENDURANCE;Container Ship;LOG-IN;Log-In;Regional / affiliated carrier;Itajaí;Cais Arrendado Transitoriamente;20/09/2025 10:30;
9571296;LOGIN ENDURANCE;Container Ship;LOG-IN;Log-In;Regional / affiliated carrier;Rio Grande;Cais Tecon Rio Grande S.A.;29/08/2025 05:30;
9571296;LOGIN ENDURANCE;Container Ship;LOG-IN;Log-In;Regional / affiliated carrier;Rio Grande;Cais Tecon Rio Grande S.A.;18/12/2025 17:57;
9571296;LOGIN ENDURANCE;Container Ship;LOG-IN;Log-In;Regional / affiliated carrier;Terminal Portuário do Pecém;Terminal Portuário do Pecém;30/12/2025 10:24;
9357949;MONTE TAMARO;Container Ship;HAMBURG SUD;Maersk Group;Gemini Cooperation;Santos;Cais da Santos Brasil (SSZ 16) - Privativo;06/02/2025 20:10;
9357949;MONTE TAMARO;Container Ship;HAMBURG SUD;Maersk Group;Gemini Cooperation;Terminal Portuário do Pecém;Terminal Portuário do Pecém;21/02/2025 13:28;
9357949;MONTE TAMARO;Container Ship;HAMBURG SUD;Maersk Group;Gemini Cooperation;Santos;Cais da Santos Brasil (SSZ 16) - Privativo;12/02/2025 14:15;
9357949;MONTE TAMARO;Container Ship;HAMBURG SUD;Maersk Group;Gemini Cooperation;Terminal Portuário do Pecém;Terminal Portuário do Pecém;25/05/2025 13:21;
9357949;MONTE TAMARO;Container Ship;HAMBURG SUD;Maersk Group;Gemini Cooperation;Santos;Cais da Santos Brasil (SSZ 16) - Privativo;25/03/2025 21:24;
9357949;MONTE TAMARO;Container Ship;HAMBURG SUD;Maersk Group;Gemini Cooperation;Rio de Janeiro;ICTSI;20/05/2025 01:10;
9357949;MONTE TAMARO;Container Ship;HAMBURG SUD;Maersk Group;Gemini Cooperation;Salvador;TECON Área 2;11/07/2025 05:02;
9357949;MONTE TAMARO;Container Ship;HAMBURG SUD;Maersk Group;Gemini Cooperation;Rio Grande;Cais Tecon Rio Grande S.A.;01/07/2025 16:15;
9357949;MONTE TAMARO;Container Ship;HAMBURG SUD;Maersk Group;Gemini Cooperation;Rio de Janeiro;ICTSI;15/02/2025 05:10;
9357949;MONTE TAMARO;Container Ship;HAMBURG SUD;Maersk Group;Gemini Cooperation;Salvador;TECON Área 2;03/04/2025 20:00;
9357949;MONTE TAMARO;Container Ship;HAMBURG SUD;Maersk Group;Gemini Cooperation;Santos;Cais da BTP (SSZ 41) - Privativo;06/07/2025 05:22;
9357949;MONTE TAMARO;Container Ship;HAMBURG SUD;Maersk Group;Gemini Cooperation;Terminal Portuário do Pecém;Terminal Portuário do Pecém;31/08/2025 06:26;
9357949;MONTE TAMARO;Container Ship;HAMBURG SUD;Maersk Group;Gemini Cooperation;Santos;Cais da Santos Brasil (SSZ 16) - Privativo;29/03/2025 15:30;
9357949;MONTE TAMARO;Container Ship;HAMBURG SUD;Maersk Group;Gemini Cooperation;Salvador;TECON Área 2;22/05/2025 18:00;
9357949;MONTE TAMARO;Container Ship;HAMBURG SUD;Maersk Group;Gemini Cooperation;Santos;Cais da BTP (SSZ 41) - Privativo;18/05/2025 02:05;
9357949;MONTE TAMARO;Container Ship;HAMBURG SUD;Maersk Group;Gemini Cooperation;Terminal Portuário do Pecém;Terminal Portuário do Pecém;02/01/2025 21:08;
9357949;MONTE TAMARO;Container Ship;HAMBURG SUD;Maersk Group;Gemini Cooperation;Terminal Portuário do Pecém;Terminal Portuário do Pecém;13/07/2025 07:26;
9852365;LOG-IN POLARIS;Container Ship;LOG-IN;Log-In;Regional / affiliated carrier;Terminal Portuário do Pecém;Terminal Portuário do Pecém;13/11/2025 03:32;
9852365;LOG-IN POLARIS;Container Ship;LOG-IN;Log-In;Regional / affiliated carrier;Terminal Portuário do Pecém;Terminal Portuário do Pecém;16/12/2025 09:15;
9852365;LOG-IN POLARIS;Container Ship;LOG-IN;Log-In;Regional / affiliated carrier;Terminal Portuário do Pecém;Terminal Portuário do Pecém;10/12/2025 23:35;
9292137;ALIANCA LEBLON;Container Ship;ALIANCA;Maersk Group;Gemini Cooperation;Terminal Portuário do Pecém;Terminal Portuário do Pecém;19/11/2025 02:11;
9618305;MSC ATHENS;Container Ship;MSC;MSC;MSC (standalone);Rio Grande;Cais Tecon Rio Grande S.A.;27/07/2025 17:40;
9618305;MSC ATHENS;Container Ship;MSC;MSC;MSC (standalone);Rio Grande;Cais Tecon Rio Grande S.A.;15/10/2025 02:45;
9618305;MSC ATHENS;Container Ship;MSC;MSC;MSC (standalone);Portonave - Terminais Portuários de Navegantes;Portonave - Terminais Portuários de Navegantes;18/05/2025 16:24;
9618305;MSC ATHENS;Container Ship;MSC;MSC;MSC (standalone);Portonave - Terminais Portuários de Navegantes;Portonave - Terminais Portuários de Navegantes;17/10/2025 22:00;
9618305;MSC ATHENS;Container Ship;MSC;MSC;MSC (standalone);Portonave - Terminais Portuários de Navegantes;Portonave - Terminais Portuários de Navegantes;31/07/2025 20:48;
9618305;MSC ATHENS;Container Ship;MSC;MSC;MSC (standalone);Rio Grande;Cais Tecon Rio Grande S.A.;16/05/2025 09:45;
9618305;MSC ATHENS;Container Ship;MSC;MSC;MSC (standalone);Santos;Cais da BTP (SSZ 41) - Privativo;22/10/2025 21:40;
9618305;MSC ATHENS;Container Ship;MSC;MSC;MSC (standalone);Salvador;TECON Área 2;02/01/2025 11:00;
9618305;MSC ATHENS;Container Ship;MSC;MSC;MSC (standalone);Santos;Cais da BTP (SSZ 41) - Privativo;03/10/2025 07:25;
9618305;MSC ATHENS;Container Ship;MSC;MSC;MSC (standalone);Terminal Portuário do Pecém;Terminal Portuário do Pecém;15/08/2025 20:22;
9618305;MSC ATHENS;Container Ship;MSC;MSC;MSC (standalone);Terminal Portuário do Pecém;Terminal Portuário do Pecém;05/01/2025 12:52;
9618305;MSC ATHENS;Container Ship;MSC;MSC;MSC (standalone);Paranaguá;TCP;04/03/2025 08:25;
9618305;MSC ATHENS;Container Ship;MSC;MSC;MSC (standalone);Santos;Cais da BTP (SSZ 41) - Privativo;04/08/2025 11:21;
9618305;MSC ATHENS;Container Ship;MSC;MSC;MSC (standalone);Santos;Cais da BTP (SSZ 41) - Privativo;08/03/2025 12:59;
9618305;MSC ATHENS;Container Ship;MSC;MSC;MSC (standalone);Rio de Janeiro;Multi-Rio;08/08/2025 10:45;
9618305;MSC ATHENS;Container Ship;MSC;MSC;MSC (standalone);Paranaguá;TCP;21/10/2025 11:10;
9618305;MSC ATHENS;Container Ship;MSC;MSC;MSC (standalone);Salvador;TECON Área 2;28/10/2025 19:15;
9618305;MSC ATHENS;Container Ship;MSC;MSC;MSC (standalone);Paranaguá;TCP;20/05/2025 07:55;
9618305;MSC ATHENS;Container Ship;MSC;MSC;MSC (standalone);Rio de Janeiro;Multi-Rio;01/05/2025 21:30;
9618305;MSC ATHENS;Container Ship;MSC;MSC;MSC (standalone);Santos;Cais da Santos Brasil (SSZ 16) - Privativo;05/05/2025 01:36;
9618305;MSC ATHENS;Container Ship;MSC;MSC;MSC (standalone);Salvador;TECON Área 2;28/05/2025 08:23;
9618305;MSC ATHENS;Container Ship;MSC;MSC;MSC (standalone);Rio de Janeiro;Multi-Rio;15/07/2025 02:55;
9618305;MSC ATHENS;Container Ship;MSC;MSC;MSC (standalone);Rio de Janeiro;Multi-Rio;25/05/2025 17:50;
9618305;MSC ATHENS;Container Ship;MSC;MSC;MSC (standalone);Salvador;TECON;15/03/2025 01:10;
9618305;MSC ATHENS;Container Ship;MSC;MSC;MSC (standalone);Santos;Cais da BTP (SSZ 41) - Privativo;22/05/2025 01:35;
9618305;MSC ATHENS;Container Ship;MSC;MSC;MSC (standalone);Santos;Cais da BTP (SSZ 41) - Privativo;18/07/2025 06:36;
9618305;MSC ATHENS;Container Ship;MSC;MSC;MSC (standalone);Rio de Janeiro;Multi-Rio;27/09/2025 16:25;
9618305;MSC ATHENS;Container Ship;MSC;MSC;MSC (standalone);Salvador;TECON;12/08/2025 05:18;
9618305;MSC ATHENS;Container Ship;MSC;MSC;MSC (standalone);Santos;Cais da Santos Brasil (SSZ 16) - Privativo;18/02/2025 00:19;
9618305;MSC ATHENS;Container Ship;MSC;MSC;MSC (standalone);Rio de Janeiro;Multi-Rio;21/02/2025 12:20;
9618305;MSC ATHENS;Container Ship;MSC;MSC;MSC (standalone);Terminal Portuário do Pecém;Terminal Portuário do Pecém;01/11/2025 02:34;
9618305;MSC ATHENS;Container Ship;MSC;MSC;MSC (standalone);Rio Grande;Cais Tecon Rio Grande S.A.;02/03/2025 01:15;
9618305;MSC ATHENS;Container Ship;MSC;MSC;MSC (standalone);Rio de Janeiro;Multi-Rio;11/03/2025 00:40;
9612765;NC BREDA;Container Ship;UNKNOWN;UNKNOWN;Unknown;Terminal Portuário do Pecém;Terminal Portuário do Pecém;13/09/2025 03:12;
9612765;NC BREDA;Container Ship;UNKNOWN;UNKNOWN;Unknown;Terminal Portuário do Pecém;Terminal Portuário do Pecém;24/10/2025 16:19;
9256482;GSL NINGBO;Container Ship;UNKNOWN;UNKNOWN;Unknown;Salvador;TECON Área 2;13/01/2025 15:10;
9256482;GSL NINGBO;Container Ship;UNKNOWN;UNKNOWN;Unknown;Terminal Portuário do Pecém;Terminal Portuário do Pecém;08/01/2025 00:53;
9625396;VICENTE PINZON;Container Ship;UNKNOWN;UNKNOWN;Unknown;Terminal Portuário do Pecém;Terminal Portuário do Pecém;20/12/2025 00:59;
9625396;VICENTE PINZON;Container Ship;UNKNOWN;UNKNOWN;Unknown;Itajaí;Cais Arrendado Transitoriamente;14/02/2025 14:27;
9625396;VICENTE PINZON;Container Ship;UNKNOWN;UNKNOWN;Unknown;Itajaí;Cais Arrendado Transitoriamente;08/10/2025 04:37;
9283186;MAERSK MONTE LINZOR;Container Ship;MAERSK;Maersk Group;Gemini Cooperation;Rio Grande;Cais Tecon Rio Grande S.A.;23/07/2025 00:10;
9283186;MAERSK MONTE LINZOR;Container Ship;MAERSK;Maersk Group;Gemini Cooperation;Rio de Janeiro;ICTSI;28/07/2025 17:05;
9283186;MAERSK MONTE LINZOR;Container Ship;MAERSK;Maersk Group;Gemini Cooperation;Itajaí;Cais Arrendado Transitoriamente;06/09/2025 05:11;
9283186;MAERSK MONTE LINZOR;Container Ship;MAERSK;Maersk Group;Gemini Cooperation;Salvador;TECON Área 2;26/04/2025 07:35;
9283186;MAERSK MONTE LINZOR;Container Ship;MAERSK;Maersk Group;Gemini Cooperation;Santos;Cais da Santos Brasil (SSZ 16) - Privativo;01/03/2025 20:18;
9283186;MAERSK MONTE LINZOR;Container Ship;MAERSK;Maersk Group;Gemini Cooperation;Salvador;TECON Área 2;06/03/2025 19:10;
9283186;MAERSK MONTE LINZOR;Container Ship;MAERSK;Maersk Group;Gemini Cooperation;Santos;Cais da Santos Brasil (SSZ 16) - Privativo;19/02/2025 08:15;
9283186;MAERSK MONTE LINZOR;Container Ship;MAERSK;Maersk Group;Gemini Cooperation;Santos;Cais da Santos Brasil (SSZ 16) - Privativo;02/01/2025 02:50;
9283186;MAERSK MONTE LINZOR;Container Ship;MAERSK;Maersk Group;Gemini Cooperation;Terminal Portuário do Pecém;Terminal Portuário do Pecém;15/06/2025 07:42;
9283186;MAERSK MONTE LINZOR;Container Ship;MAERSK;Maersk Group;Gemini Cooperation;Terminal Portuário do Pecém;Terminal Portuário do Pecém;06/08/2025 01:51;
9283186;MAERSK MONTE LINZOR;Container Ship;MAERSK;Maersk Group;Gemini Cooperation;Santos;Cais da BTP (SSZ 41) - Privativo;21/04/2025 09:37;
9283186;MAERSK MONTE LINZOR;Container Ship;MAERSK;Maersk Group;Gemini Cooperation;Terminal Portuário do Pecém;Terminal Portuário do Pecém;19/01/2025 12:49;
9283186;MAERSK MONTE LINZOR;Container Ship;MAERSK;Maersk Group;Gemini Cooperation;Rio de Janeiro;ICTSI;23/04/2025 12:35;
9283186;MAERSK MONTE LINZOR;Container Ship;MAERSK;Maersk Group;Gemini Cooperation;Salvador;TECON Área 2;12/06/2025 19:30;
9283186;MAERSK MONTE LINZOR;Container Ship;MAERSK;Maersk Group;Gemini Cooperation;Santos;Cais da Santos Brasil (SSZ 16) - Privativo;11/01/2025 13:20;
9283186;MAERSK MONTE LINZOR;Container Ship;MAERSK;Maersk Group;Gemini Cooperation;Santos;Cais da BTP (SSZ 41) - Privativo;08/06/2025 10:21;
9283186;MAERSK MONTE LINZOR;Container Ship;MAERSK;Maersk Group;Gemini Cooperation;Rio de Janeiro;ICTSI;13/01/2025 00:40;
9702089;MSC VITA;Container Ship;MSC;MSC;MSC (standalone);Terminal Portuário do Pecém;Terminal Portuário do Pecém;20/01/2025 20:33;
9702089;MSC VITA;Container Ship;MSC;MSC;MSC (standalone);Santos;Cais da BTP (SSZ 41) - Privativo;30/06/2025 02:50;
9702089;MSC VITA;Container Ship;MSC;MSC;MSC (standalone);Rio Grande;Cais Tecon Rio Grande S.A.;19/03/2025 13:40;
9702089;MSC VITA;Container Ship;MSC;MSC;MSC (standalone);Salvador;TECON Área 2;04/04/2025 06:10;
9702089;MSC VITA;Container Ship;MSC;MSC;MSC (standalone);Rio Grande;Cais Tecon Rio Grande S.A.;21/06/2025 20:40;
9702089;MSC VITA;Container Ship;MSC;MSC;MSC (standalone);Salvador;TECON;06/07/2025 16:23;
9702089;MSC VITA;Container Ship;MSC;MSC;MSC (standalone);Santos;Cais da BTP (SSZ 41) - Privativo;16/06/2025 21:00;
9702089;MSC VITA;Container Ship;MSC;MSC;MSC (standalone);Santos;Cais da BTP (SSZ 41) - Privativo;06/03/2025 13:17;
9702089;MSC VITA;Container Ship;MSC;MSC;MSC (standalone);Rio de Janeiro;Multi-Rio;01/04/2025 01:45;
9702089;MSC VITA;Container Ship;MSC;MSC;MSC (standalone);Paranaguá;TCP;28/06/2025 19:20;
9702089;MSC VITA;Container Ship;MSC;MSC;MSC (standalone);Rio de Janeiro;Multi-Rio;04/03/2025 15:10;
9702089;MSC VITA;Container Ship;MSC;MSC;MSC (standalone);Santos;Cais da BTP (SSZ 41) - Privativo;04/01/2025 04:45;
9702089;MSC VITA;Container Ship;MSC;MSC;MSC (standalone);Santos;Cais da BTP (SSZ 41) - Privativo;30/03/2025 14:40;
9702089;MSC VITA;Container Ship;MSC;MSC;MSC (standalone);Itajaí;Cais Arrendado Transitoriamente;25/03/2025 10:01;
9702089;MSC VITA;Container Ship;MSC;MSC;MSC (standalone);Salvador;TECON Área 2;11/06/2025 01:30;
9702089;MSC VITA;Container Ship;MSC;MSC;MSC (standalone);Paranaguá;TCP;28/03/2025 17:10;
9702089;MSC VITA;Container Ship;MSC;MSC;MSC (standalone);Itajaí;Cais Arrendado Transitoriamente;23/06/2025 17:20;
9702089;MSC VITA;Container Ship;MSC;MSC;MSC (standalone);Rio de Janeiro;Multi-Rio;03/07/2025 10:50;
9418377;CMA CGM VERACRUZ;Container Ship;CMA CGM;CMA CGM Group;Ocean Alliance;Rio de Janeiro;ICTSI;16/02/2025 11:05;
9418377;CMA CGM VERACRUZ;Container Ship;CMA CGM;CMA CGM Group;Ocean Alliance;Rio de Janeiro;ICTSI;13/04/2025 09:10;
9418377;CMA CGM VERACRUZ;Container Ship;CMA CGM;CMA CGM Group;Ocean Alliance;Rio de Janeiro;ICTSI;16/03/2025 17:00;
9418377;CMA CGM VERACRUZ;Container Ship;CMA CGM;CMA CGM Group;Ocean Alliance;Rio de Janeiro;ICTSI;11/05/2025 09:15;
9618288;EMERALD TOWER;Container Ship;UNKNOWN;UNKNOWN;Unknown;Santos;Cais da BTP (SSZ 41) - Privativo;13/01/2025 07:20;
9618288;EMERALD TOWER;Container Ship;UNKNOWN;UNKNOWN;Unknown;Itajaí;Cais Arrendado Transitoriamente;16/01/2025 09:55;
9618288;EMERALD TOWER;Container Ship;UNKNOWN;UNKNOWN;Unknown;Paranaguá;TCP;14/01/2025 18:05;
9618288;EMERALD TOWER;Container Ship;UNKNOWN;UNKNOWN;Unknown;Portonave - Terminais Portuários de Navegantes;Portonave - Terminais Portuários de Navegantes;27/01/2025 15:30;
9618288;EMERALD TOWER;Container Ship;UNKNOWN;UNKNOWN;Unknown;Rio de Janeiro;Multi-Rio;10/01/2025 14:20;
9618288;EMERALD TOWER;Container Ship;UNKNOWN;UNKNOWN;Unknown;Itajaí;Cais Arrendado Transitoriamente;26/01/2025 12:54;
9687564;CORCOVADO;Container Ship;UNKNOWN;UNKNOWN;Unknown;Santos;Cais da BTP (SSZ 41) - Privativo;17/02/2025 12:10;
9687564;CORCOVADO;Container Ship;UNKNOWN;UNKNOWN;Unknown;Santos;Cais da Santos Brasil (SSZ 16) - Privativo;04/02/2025 17:45;
9687564;CORCOVADO;Container Ship;UNKNOWN;UNKNOWN;Unknown;Paranaguá;TCP;05/02/2025 17:10;
9687564;CORCOVADO;Container Ship;UNKNOWN;UNKNOWN;Unknown;Terminal Portuário do Pecém;Terminal Portuário do Pecém;25/02/2025 02:27;
9697002;MERCOSUL ITAJAI;Container Ship;MERCOSUL;CMA CGM Group;Regional / affiliated carrier;Rio de Janeiro;ICTSI;02/03/2025 08:50;
9697002;MERCOSUL ITAJAI;Container Ship;MERCOSUL;CMA CGM Group;Regional / affiliated carrier;Rio de Janeiro;ICTSI;30/03/2025 16:50;
9697002;MERCOSUL ITAJAI;Container Ship;MERCOSUL;CMA CGM Group;Regional / affiliated carrier;Santos;Cais da Santos Brasil (SSZ 16) - Privativo;28/11/2025 12:20;
9697002;MERCOSUL ITAJAI;Container Ship;MERCOSUL;CMA CGM Group;Regional / affiliated carrier;Itajaí;Cais Arrendado Transitoriamente;11/11/2025 11:28;
9697002;MERCOSUL ITAJAI;Container Ship;MERCOSUL;CMA CGM Group;Regional / affiliated carrier;Rio de Janeiro;ICTSI;25/05/2025 09:00;
9697002;MERCOSUL ITAJAI;Container Ship;MERCOSUL;CMA CGM Group;Regional / affiliated carrier;Itajaí;Cais Arrendado Transitoriamente;30/06/2025 11:27;
9697002;MERCOSUL ITAJAI;Container Ship;MERCOSUL;CMA CGM Group;Regional / affiliated carrier;Santos;Cais da Santos Brasil (SSZ 16) - Privativo;08/07/2025 23:40;
9697002;MERCOSUL ITAJAI;Container Ship;MERCOSUL;CMA CGM Group;Regional / affiliated carrier;Santos;Cais da Santos Brasil (SSZ 16) - Privativo;14/11/2025 06:18;
9697002;MERCOSUL ITAJAI;Container Ship;MERCOSUL;CMA CGM Group;Regional / affiliated carrier;Santos;Cais da Santos Brasil (SSZ 16) - Privativo;30/10/2025 08:37;
9697002;MERCOSUL ITAJAI;Container Ship;MERCOSUL;CMA CGM Group;Regional / affiliated carrier;Santos;Cais da Santos Brasil (SSZ 16) - Privativo;06/08/2025 08:35;
9697002;MERCOSUL ITAJAI;Container Ship;MERCOSUL;CMA CGM Group;Regional / affiliated carrier;Santos;Cais da Santos Brasil (SSZ 16) - Privativo;18/06/2025 03:07;
9697002;MERCOSUL ITAJAI;Container Ship;MERCOSUL;CMA CGM Group;Regional / affiliated carrier;Santos;Cais da Santos Brasil (SSZ 16) - Privativo;19/08/2025 14:43;
9697002;MERCOSUL ITAJAI;Container Ship;MERCOSUL;CMA CGM Group;Regional / affiliated carrier;Santos;Cais da Santos Brasil (SSZ 16) - Privativo;15/12/2025 22:02;
9697002;MERCOSUL ITAJAI;Container Ship;MERCOSUL;CMA CGM Group;Regional / affiliated carrier;Santos;Cais da Santos Brasil (SSZ 16) - Privativo;22/07/2025 05:08;
9697002;MERCOSUL ITAJAI;Container Ship;MERCOSUL;CMA CGM Group;Regional / affiliated carrier;Santos;Cais da Santos Brasil (SSZ 16) - Privativo;24/12/2025 11:51;
9697002;MERCOSUL ITAJAI;Container Ship;MERCOSUL;CMA CGM Group;Regional / affiliated carrier;Itajaí;Cais Arrendado Transitoriamente;20/12/2025 21:50;
9697002;MERCOSUL ITAJAI;Container Ship;MERCOSUL;CMA CGM Group;Regional / affiliated carrier;Rio de Janeiro;ICTSI;27/04/2025 19:25;
9697002;MERCOSUL ITAJAI;Container Ship;MERCOSUL;CMA CGM Group;Regional / affiliated carrier;Itajaí;Cais Arrendado Transitoriamente;18/08/2025 01:56;
9697002;MERCOSUL ITAJAI;Container Ship;MERCOSUL;CMA CGM Group;Regional / affiliated carrier;Santos;Cais da Santos Brasil (SSZ 16) - Privativo;03/09/2025 07:30;
9697002;MERCOSUL ITAJAI;Container Ship;MERCOSUL;CMA CGM Group;Regional / affiliated carrier;Itajaí;Cais Arrendado Transitoriamente;02/08/2025 01:08;
9697002;MERCOSUL ITAJAI;Container Ship;MERCOSUL;CMA CGM Group;Regional / affiliated carrier;Itajaí;Cais Arrendado Transitoriamente;30/08/2025 11:57;
9612777;NC BRUMA;Container Ship;UNKNOWN;UNKNOWN;Unknown;Santos;Cais da Santos Brasil (SSZ 16) - Privativo;21/04/2025 12:51;
9198587;MSC CHIARA X;Container Ship;MSC;MSC;MSC (standalone);Rio de Janeiro;Multi-Rio;12/01/2025 18:35;
9198587;MSC CHIARA X;Container Ship;MSC;MSC;MSC (standalone);Paranaguá;TCP;17/01/2025 20:00;
9198587;MSC CHIARA X;Container Ship;MSC;MSC;MSC (standalone);Santos;Cais da BTP (SSZ 41) - Privativo;04/02/2025 17:52;
9198587;MSC CHIARA X;Container Ship;MSC;MSC;MSC (standalone);Itajaí;Cais Arrendado Transitoriamente;19/01/2025 20:16;
9229829;DALIAN EXPRESS;Container Ship;HAPAG-LLOYD;Hapag-Lloyd;Gemini Cooperation;Rio Grande;Cais Tecon Rio Grande S.A.;16/09/2025 21:15;
9229829;DALIAN EXPRESS;Container Ship;HAPAG-LLOYD;Hapag-Lloyd;Gemini Cooperation;Rio Grande;Cais Tecon Rio Grande S.A.;24/11/2025 15:40;
9229829;DALIAN EXPRESS;Container Ship;HAPAG-LLOYD;Hapag-Lloyd;Gemini Cooperation;Itajaí;Cais Arrendado Transitoriamente;27/11/2025 17:50;
9229829;DALIAN EXPRESS;Container Ship;HAPAG-LLOYD;Hapag-Lloyd;Gemini Cooperation;Paranaguá;TCP;17/02/2025 03:50;
9229829;DALIAN EXPRESS;Container Ship;HAPAG-LLOYD;Hapag-Lloyd;Gemini Cooperation;Rio de Janeiro;Multi-Rio;24/02/2025 11:15;
9229829;DALIAN EXPRESS;Container Ship;HAPAG-LLOYD;Hapag-Lloyd;Gemini Cooperation;Portonave - Terminais Portuários de Navegantes;Portonave - Terminais Portuários de Navegantes;02/05/2025 00:42;
9229829;DALIAN EXPRESS;Container Ship;HAPAG-LLOYD;Hapag-Lloyd;Gemini Cooperation;Rio Grande;Cais Tecon Rio Grande S.A.;13/02/2025 06:10;
9229829;DALIAN EXPRESS;Container Ship;HAPAG-LLOYD;Hapag-Lloyd;Gemini Cooperation;Itajaí;Cais Arrendado Transitoriamente;10/07/2025 18:10;
9229829;DALIAN EXPRESS;Container Ship;HAPAG-LLOYD;Hapag-Lloyd;Gemini Cooperation;Rio de Janeiro;Multi-Rio;06/05/2025 08:40;
9229829;DALIAN EXPRESS;Container Ship;HAPAG-LLOYD;Hapag-Lloyd;Gemini Cooperation;Rio Grande;Cais Tecon Rio Grande S.A.;29/04/2025 13:45;
9229829;DALIAN EXPRESS;Container Ship;HAPAG-LLOYD;Hapag-Lloyd;Gemini Cooperation;Paranaguá;TCP;20/09/2025 02:30;
9229829;DALIAN EXPRESS;Container Ship;HAPAG-LLOYD;Hapag-Lloyd;Gemini Cooperation;Paranaguá;TCP;29/11/2025 16:15;
9229829;DALIAN EXPRESS;Container Ship;HAPAG-LLOYD;Hapag-Lloyd;Gemini Cooperation;Paranaguá;TCP;12/07/2025 07:20;
9229829;DALIAN EXPRESS;Container Ship;HAPAG-LLOYD;Hapag-Lloyd;Gemini Cooperation;Rio Grande;Cais Tecon Rio Grande S.A.;08/07/2025 20:10;
9229829;DALIAN EXPRESS;Container Ship;HAPAG-LLOYD;Hapag-Lloyd;Gemini Cooperation;Itajaí;Cais Arrendado Transitoriamente;18/09/2025 20:53;
9629110;EVER LOVELY;Container Ship;EVERGREEN;Evergreen;Ocean Alliance;Rio de Janeiro;ICTSI;07/01/2025 10:30;
9629110;EVER LOVELY;Container Ship;EVERGREEN;Evergreen;Ocean Alliance;Portonave - Terminais Portuários de Navegantes;Portonave - Terminais Portuários de Navegantes;14/01/2025 02:42;
9629110;EVER LOVELY;Container Ship;EVERGREEN;Evergreen;Ocean Alliance;Paranaguá;TCP;23/01/2025 12:40;
9360910;SEATTLE C;Container Ship;UNKNOWN;UNKNOWN;Unknown;Santos;Cais da Santos Brasil (SSZ 16) - Privativo;16/08/2025 03:16;
9360910;SEATTLE C;Container Ship;UNKNOWN;UNKNOWN;Unknown;Santos;Cais da Santos Brasil (SSZ 16) - Privativo;07/12/2025 23:55;
9360910;SEATTLE C;Container Ship;UNKNOWN;UNKNOWN;Unknown;Rio de Janeiro;ICTSI;19/10/2025 14:25;
9360910;SEATTLE C;Container Ship;UNKNOWN;UNKNOWN;Unknown;Santos;Cais da Santos Brasil (SSZ 16) - Privativo;23/12/2025 23:40;
9360910;SEATTLE C;Container Ship;UNKNOWN;UNKNOWN;Unknown;Santos;Cais da Santos Brasil (SSZ 16) - Privativo;18/10/2025 09:39;
9360910;SEATTLE C;Container Ship;UNKNOWN;UNKNOWN;Unknown;Rio de Janeiro;ICTSI;17/08/2025 22:10;
9360910;SEATTLE C;Container Ship;UNKNOWN;UNKNOWN;Unknown;Paranaguá;TCP;07/02/2025 01:45;
9360910;SEATTLE C;Container Ship;UNKNOWN;UNKNOWN;Unknown;Santos;Cais da Santos Brasil (SSZ 16) - Privativo;20/06/2025 07:30;
9360910;SEATTLE C;Container Ship;UNKNOWN;UNKNOWN;Unknown;Rio de Janeiro;ICTSI;10/02/2025 03:00;
9360910;SEATTLE C;Container Ship;UNKNOWN;UNKNOWN;Unknown;Santos;Cais da Santos Brasil (SSZ 16) - Privativo;06/10/2025 07:28;
9283215;MAERSK MONTE ROSA;Container Ship;MAERSK;Maersk Group;Gemini Cooperation;Paranaguá;TCP;23/01/2025 02:43;
9283215;MAERSK MONTE ROSA;Container Ship;MAERSK;Maersk Group;Gemini Cooperation;Santos;Cais da BTP (SSZ 41) - Privativo;18/01/2025 17:40;
9283215;MAERSK MONTE ROSA;Container Ship;MAERSK;Maersk Group;Gemini Cooperation;Santos;Cais da BTP (SSZ 41) - Privativo;25/01/2025 16:52;
9283215;MAERSK MONTE ROSA;Container Ship;MAERSK;Maersk Group;Gemini Cooperation;Rio de Janeiro;Multi-Rio;31/01/2025 12:15;
9938286;CMA CGM BELEM;Container Ship;CMA CGM;CMA CGM Group;Ocean Alliance;Paranaguá;TCP;22/01/2025 12:13;
9938286;CMA CGM BELEM;Container Ship;CMA CGM;CMA CGM Group;Ocean Alliance;Portonave - Terminais Portuários de Navegantes;Portonave - Terminais Portuários de Navegantes;30/01/2025 11:24;
9938286;CMA CGM BELEM;Container Ship;CMA CGM;CMA CGM Group;Ocean Alliance;Portonave - Terminais Portuários de Navegantes;Portonave - Terminais Portuários de Navegantes;10/05/2025 12:48;
9938286;CMA CGM BELEM;Container Ship;CMA CGM;CMA CGM Group;Ocean Alliance;Rio de Janeiro;ICTSI;15/05/2025 09:00;
9938286;CMA CGM BELEM;Container Ship;CMA CGM;CMA CGM Group;Ocean Alliance;Paranaguá;TCP;16/11/2025 15:15;
9938286;CMA CGM BELEM;Container Ship;CMA CGM;CMA CGM Group;Ocean Alliance;Portonave - Terminais Portuários de Navegantes;Portonave - Terminais Portuários de Navegantes;24/08/2025 16:42;
9938286;CMA CGM BELEM;Container Ship;CMA CGM;CMA CGM Group;Ocean Alliance;Rio de Janeiro;ICTSI;20/01/2025 11:40;
9938286;CMA CGM BELEM;Container Ship;CMA CGM;CMA CGM Group;Ocean Alliance;Rio de Janeiro;ICTSI;26/11/2025 11:05;
9938286;CMA CGM BELEM;Container Ship;CMA CGM;CMA CGM Group;Ocean Alliance;Paranaguá;TCP;07/05/2025 01:30;
9938286;CMA CGM BELEM;Container Ship;CMA CGM;CMA CGM Group;Ocean Alliance;Paranaguá;TCP;20/08/2025 16:50;
9938286;CMA CGM BELEM;Container Ship;CMA CGM;CMA CGM Group;Ocean Alliance;Santos;Cais da Santos Brasil (SSZ 16) - Privativo;18/01/2025 04:57;
9938286;CMA CGM BELEM;Container Ship;CMA CGM;CMA CGM Group;Ocean Alliance;Santos;Cais da Santos Brasil (SSZ 16) - Privativo;17/05/2025 02:15;
9938286;CMA CGM BELEM;Container Ship;CMA CGM;CMA CGM Group;Ocean Alliance;Portonave - Terminais Portuários de Navegantes;Portonave - Terminais Portuários de Navegantes;22/11/2025 10:14;
9938286;CMA CGM BELEM;Container Ship;CMA CGM;CMA CGM Group;Ocean Alliance;Santos;Cais da Santos Brasil (SSZ 16) - Privativo;03/05/2025 07:24;
9938286;CMA CGM BELEM;Container Ship;CMA CGM;CMA CGM Group;Ocean Alliance;Santos;Cais da Santos Brasil (SSZ 16) - Privativo;31/01/2025 23:20;
9938286;CMA CGM BELEM;Container Ship;CMA CGM;CMA CGM Group;Ocean Alliance;Rio de Janeiro;ICTSI;11/11/2025 11:30;
9938286;CMA CGM BELEM;Container Ship;CMA CGM;CMA CGM Group;Ocean Alliance;Santos;Cais da Santos Brasil (SSZ 16) - Privativo;13/11/2025 13:24;
9938286;CMA CGM BELEM;Container Ship;CMA CGM;CMA CGM Group;Ocean Alliance;Rio de Janeiro;ICTSI;01/05/2025 15:05;
9938286;CMA CGM BELEM;Container Ship;CMA CGM;CMA CGM Group;Ocean Alliance;Santos;Cais da Santos Brasil (SSZ 16) - Privativo;11/08/2025 06:58;
9627904;TRAIGUEN;Container Ship;UNKNOWN;UNKNOWN;Unknown;Santos;Cais da BTP (SSZ 41) - Privativo;26/01/2025 16:30;
9627904;TRAIGUEN;Container Ship;UNKNOWN;UNKNOWN;Unknown;Paranaguá;TCP;22/01/2025 01:17;
9314935;AS CAROLINA;Container Ship;UNKNOWN;UNKNOWN;Unknown;Rio de Janeiro;ICTSI;09/10/2025 21:15;
9314935;AS CAROLINA;Container Ship;UNKNOWN;UNKNOWN;Unknown;Santos;Cais da Santos Brasil (SSZ 16) - Privativo;22/05/2025 21:50;
9314935;AS CAROLINA;Container Ship;UNKNOWN;UNKNOWN;Unknown;Santos;Cais da Santos Brasil (SSZ 16) - Privativo;28/01/2025 09:10;
9314935;AS CAROLINA;Container Ship;UNKNOWN;UNKNOWN;Unknown;Santos;Cais da Santos Brasil (SSZ 16) - Privativo;16/12/2025 12:40;
9314935;AS CAROLINA;Container Ship;UNKNOWN;UNKNOWN;Unknown;Santos;Cais da Santos Brasil (SSZ 16) - Privativo;12/08/2025 19:53;
9314935;AS CAROLINA;Container Ship;UNKNOWN;UNKNOWN;Unknown;Santos;Cais da Santos Brasil (SSZ 16) - Privativo;01/04/2025 06:12;
9314935;AS CAROLINA;Container Ship;UNKNOWN;UNKNOWN;Unknown;Rio de Janeiro;ICTSI;14/08/2025 13:55;
9314935;AS CAROLINA;Container Ship;UNKNOWN;UNKNOWN;Unknown;Santos;Cais da Santos Brasil (SSZ 16) - Privativo;03/06/2025 16:23;
9314935;AS CAROLINA;Container Ship;UNKNOWN;UNKNOWN;Unknown;Rio de Janeiro;ICTSI;04/06/2025 20:45;
9314935;AS CAROLINA;Container Ship;UNKNOWN;UNKNOWN;Unknown;Rio de Janeiro;ICTSI;17/12/2025 20:50;
9314935;AS CAROLINA;Container Ship;UNKNOWN;UNKNOWN;Unknown;Santos;Cais da Santos Brasil (SSZ 16) - Privativo;08/10/2025 10:46;
9314935;AS CAROLINA;Container Ship;UNKNOWN;UNKNOWN;Unknown;Santos;Cais da Santos Brasil (SSZ 16) - Privativo;17/01/2025 04:42;
9314935;AS CAROLINA;Container Ship;UNKNOWN;UNKNOWN;Unknown;Santos;Cais da Santos Brasil (SSZ 16) - Privativo;21/03/2025 08:33;
9938298;CMA CGM AMAZONIA;Container Ship;CMA CGM;CMA CGM Group;Ocean Alliance;Rio de Janeiro;ICTSI;24/07/2025 12:05;
9938298;CMA CGM AMAZONIA;Container Ship;CMA CGM;CMA CGM Group;Ocean Alliance;Paranaguá;TCP;04/08/2025 13:35;
9938298;CMA CGM AMAZONIA;Container Ship;CMA CGM;CMA CGM Group;Ocean Alliance;Rio de Janeiro;ICTSI;26/10/2025 14:20;
9938298;CMA CGM AMAZONIA;Container Ship;CMA CGM;CMA CGM Group;Ocean Alliance;Santos;Cais da Santos Brasil (SSZ 16) - Privativo;04/05/2025 10:25;
9938298;CMA CGM AMAZONIA;Container Ship;CMA CGM;CMA CGM Group;Ocean Alliance;Portonave - Terminais Portuários de Navegantes;Portonave - Terminais Portuários de Navegantes;04/11/2025 11:00;
9938298;CMA CGM AMAZONIA;Container Ship;CMA CGM;CMA CGM Group;Ocean Alliance;Paranaguá;TCP;26/04/2025 16:30;
9938298;CMA CGM AMAZONIA;Container Ship;CMA CGM;CMA CGM Group;Ocean Alliance;Rio de Janeiro;ICTSI;20/04/2025 09:30;
9938298;CMA CGM AMAZONIA;Container Ship;CMA CGM;CMA CGM Group;Ocean Alliance;Santos;Cais da Santos Brasil (SSZ 16) - Privativo;07/11/2025 06:32;
9938298;CMA CGM AMAZONIA;Container Ship;CMA CGM;CMA CGM Group;Ocean Alliance;Paranaguá;TCP;02/11/2025 12:10;
9938298;CMA CGM AMAZONIA;Container Ship;CMA CGM;CMA CGM Group;Ocean Alliance;Rio de Janeiro;ICTSI;15/01/2025 13:30;
9938298;CMA CGM AMAZONIA;Container Ship;CMA CGM;CMA CGM Group;Ocean Alliance;Portonave - Terminais Portuários de Navegantes;Portonave - Terminais Portuários de Navegantes;23/01/2025 11:06;
9938298;CMA CGM AMAZONIA;Container Ship;CMA CGM;CMA CGM Group;Ocean Alliance;Portonave - Terminais Portuários de Navegantes;Portonave - Terminais Portuários de Navegantes;02/05/2025 17:15;
9938298;CMA CGM AMAZONIA;Container Ship;CMA CGM;CMA CGM Group;Ocean Alliance;Santos;Cais da Santos Brasil (SSZ 16) - Privativo;31/10/2025 19:28;
9938298;CMA CGM AMAZONIA;Container Ship;CMA CGM;CMA CGM Group;Ocean Alliance;Portonave - Terminais Portuários de Navegantes;Portonave - Terminais Portuários de Navegantes;11/08/2025 14:42;
9938298;CMA CGM AMAZONIA;Container Ship;CMA CGM;CMA CGM Group;Ocean Alliance;Santos;Cais da Santos Brasil (SSZ 16) - Privativo;24/04/2025 15:10;
9938298;CMA CGM AMAZONIA;Container Ship;CMA CGM;CMA CGM Group;Ocean Alliance;Rio de Janeiro;ICTSI;10/11/2025 14:25;
9938298;CMA CGM AMAZONIA;Container Ship;CMA CGM;CMA CGM Group;Ocean Alliance;Paranaguá;TCP;26/01/2025 01:32;
9622227;SAN LORENZO MAERSK;Container Ship;MAERSK;Maersk Group;Gemini Cooperation;Santos;Cais da BTP (SSZ 41) - Privativo;02/08/2025 12:13;
9622227;SAN LORENZO MAERSK;Container Ship;MAERSK;Maersk Group;Gemini Cooperation;Paranaguá;TCP;27/01/2025 11:30;
9622227;SAN LORENZO MAERSK;Container Ship;MAERSK;Maersk Group;Gemini Cooperation;Paranaguá;TCP;03/06/2025 00:58;
9622227;SAN LORENZO MAERSK;Container Ship;MAERSK;Maersk Group;Gemini Cooperation;Santos;Cais da BTP (SSZ 41) - Privativo;14/04/2025 00:20;
9622227;SAN LORENZO MAERSK;Container Ship;MAERSK;Maersk Group;Gemini Cooperation;Santos;Cais da Santos Brasil (SSZ 16) - Privativo;29/03/2025 01:50;
9622227;SAN LORENZO MAERSK;Container Ship;MAERSK;Maersk Group;Gemini Cooperation;Paranaguá;TCP;07/02/2025 09:17;
9622227;SAN LORENZO MAERSK;Container Ship;MAERSK;Maersk Group;Gemini Cooperation;Santos;Cais da Santos Brasil (SSZ 16) - Privativo;09/02/2025 15:00;
9622227;SAN LORENZO MAERSK;Container Ship;MAERSK;Maersk Group;Gemini Cooperation;Paranaguá;TCP;07/08/2025 21:00;
9622227;SAN LORENZO MAERSK;Container Ship;MAERSK;Maersk Group;Gemini Cooperation;Paranaguá;TCP;11/04/2025 09:37;
9622227;SAN LORENZO MAERSK;Container Ship;MAERSK;Maersk Group;Gemini Cooperation;Rio Grande;Cais Tecon Rio Grande S.A.;11/06/2025 12:10;
9622227;SAN LORENZO MAERSK;Container Ship;MAERSK;Maersk Group;Gemini Cooperation;Rio Grande;Cais Tecon Rio Grande S.A.;04/02/2025 15:55;
9622227;SAN LORENZO MAERSK;Container Ship;MAERSK;Maersk Group;Gemini Cooperation;Santos;Cais da Santos Brasil (SSZ 16) - Privativo;25/01/2025 11:50;
9622227;SAN LORENZO MAERSK;Container Ship;MAERSK;Maersk Group;Gemini Cooperation;Paranaguá;TCP;13/06/2025 09:58;
9622227;SAN LORENZO MAERSK;Container Ship;MAERSK;Maersk Group;Gemini Cooperation;Paranaguá;TCP;31/03/2025 10:00;
9622227;SAN LORENZO MAERSK;Container Ship;MAERSK;Maersk Group;Gemini Cooperation;Santos;Cais da BTP (SSZ 41) - Privativo;31/05/2025 09:32;
9622227;SAN LORENZO MAERSK;Container Ship;MAERSK;Maersk Group;Gemini Cooperation;Santos;Cais da BTP (SSZ 41) - Privativo;16/06/2025 15:35;
9622227;SAN LORENZO MAERSK;Container Ship;MAERSK;Maersk Group;Gemini Cooperation;Paranaguá;TCP;18/08/2025 05:28;
9654464;WIELAND;Container Ship;UNKNOWN;UNKNOWN;Unknown;Terminal Portuário do Pecém;Terminal Portuário do Pecém;16/09/2025 04:59;
9654464;WIELAND;Container Ship;UNKNOWN;UNKNOWN;Unknown;Rio de Janeiro;ICTSI;08/09/2025 13:05;
9654464;WIELAND;Container Ship;UNKNOWN;UNKNOWN;Unknown;Salvador;TECON Área 2;09/01/2025 12:50;
9654464;WIELAND;Container Ship;UNKNOWN;UNKNOWN;Unknown;Santos;Cais da BTP (SSZ 41) - Privativo;31/05/2025 19:13;
9654464;WIELAND;Container Ship;UNKNOWN;UNKNOWN;Unknown;Santos;Cais da Santos Brasil (SSZ 16) - Privativo;13/02/2025 23:45;
9654464;WIELAND;Container Ship;UNKNOWN;UNKNOWN;Unknown;Rio de Janeiro;ICTSI;03/06/2025 14:25;
9654464;WIELAND;Container Ship;UNKNOWN;UNKNOWN;Unknown;Santos;Cais da Santos Brasil (SSZ 16) - Privativo;05/01/2025 02:40;
9654464;WIELAND;Container Ship;UNKNOWN;UNKNOWN;Unknown;Terminal Portuário do Pecém;Terminal Portuário do Pecém;08/06/2025 21:28;
9654464;WIELAND;Container Ship;UNKNOWN;UNKNOWN;Unknown;Santos;Cais da BTP (SSZ 41) - Privativo;18/04/2025 06:17;
9654464;WIELAND;Container Ship;UNKNOWN;UNKNOWN;Unknown;Terminal Portuário do Pecém;Terminal Portuário do Pecém;27/04/2025 00:42;
9654464;WIELAND;Container Ship;UNKNOWN;UNKNOWN;Unknown;Rio de Janeiro;ICTSI;24/02/2025 20:40;
9654464;WIELAND;Container Ship;UNKNOWN;UNKNOWN;Unknown;Terminal Portuário do Pecém;Terminal Portuário do Pecém;21/12/2025 09:20;
9654464;WIELAND;Container Ship;UNKNOWN;UNKNOWN;Unknown;Rio de Janeiro;ICTSI;25/10/2025 21:50;
9654464;WIELAND;Container Ship;UNKNOWN;UNKNOWN;Unknown;Santos;Cais da Santos Brasil (SSZ 16) - Privativo;23/02/2025 02:45;
9654464;WIELAND;Container Ship;UNKNOWN;UNKNOWN;Unknown;Santos;Cais da Santos Brasil (SSZ 16) - Privativo;27/10/2025 15:16;
9654464;WIELAND;Container Ship;UNKNOWN;UNKNOWN;Unknown;Terminal Portuário do Pecém;Terminal Portuário do Pecém;02/03/2025 12:14;
9654464;WIELAND;Container Ship;UNKNOWN;UNKNOWN;Unknown;Terminal Portuário do Pecém;Terminal Portuário do Pecém;12/01/2025 06:35;
9654464;WIELAND;Container Ship;UNKNOWN;UNKNOWN;Unknown;Rio de Janeiro;ICTSI;15/12/2025 07:35;
9654464;WIELAND;Container Ship;UNKNOWN;UNKNOWN;Unknown;Terminal Portuário do Pecém;Terminal Portuário do Pecém;14/09/2025 05:28;
9654464;WIELAND;Container Ship;UNKNOWN;UNKNOWN;Unknown;Terminal Portuário do Pecém;Terminal Portuário do Pecém;27/07/2025 07:13;
9283239;MAERSK MONTE VERDE;Container Ship;MAERSK;Maersk Group;Gemini Cooperation;Terminal Portuário do Pecém;Terminal Portuário do Pecém;12/01/2025 14:16;
9283239;MAERSK MONTE VERDE;Container Ship;MAERSK;Maersk Group;Gemini Cooperation;Salvador;TECON Área 2;29/05/2025 18:55;
9283239;MAERSK MONTE VERDE;Container Ship;MAERSK;Maersk Group;Gemini Cooperation;Santos;Cais da BTP (SSZ 41) - Privativo;09/04/2025 22:13;
9283239;MAERSK MONTE VERDE;Container Ship;MAERSK;Maersk Group;Gemini Cooperation;Terminal Portuário do Pecém;Terminal Portuário do Pecém;01/06/2025 12:00;
9283239;MAERSK MONTE VERDE;Container Ship;MAERSK;Maersk Group;Gemini Cooperation;Santos;Cais da BTP (SSZ 41) - Privativo;25/05/2025 08:30;
9283239;MAERSK MONTE VERDE;Container Ship;MAERSK;Maersk Group;Gemini Cooperation;Santos;Cais da Santos Brasil (SSZ 16) - Privativo;05/01/2025 13:34;
9283239;MAERSK MONTE VERDE;Container Ship;MAERSK;Maersk Group;Gemini Cooperation;Rio de Janeiro;ICTSI;12/04/2025 12:20;
9283239;MAERSK MONTE VERDE;Container Ship;MAERSK;Maersk Group;Gemini Cooperation;Santos;Cais da Santos Brasil (SSZ 16) - Privativo;16/02/2025 13:18;
9283239;MAERSK MONTE VERDE;Container Ship;MAERSK;Maersk Group;Gemini Cooperation;Santos;Cais da Santos Brasil (SSZ 16) - Privativo;27/03/2025 22:06;
9283239;MAERSK MONTE VERDE;Container Ship;MAERSK;Maersk Group;Gemini Cooperation;Rio de Janeiro;ICTSI;07/01/2025 17:50;
9283239;MAERSK MONTE VERDE;Container Ship;MAERSK;Maersk Group;Gemini Cooperation;Salvador;TECON Área 2;23/02/2025 03:00;
9630420;XIAMEN EXPRESS;Container Ship;HAPAG-LLOYD;Hapag-Lloyd;Gemini Cooperation;Paranaguá;TCP;22/09/2025 04:35;
9630420;XIAMEN EXPRESS;Container Ship;HAPAG-LLOYD;Hapag-Lloyd;Gemini Cooperation;Portonave - Terminais Portuários de Navegantes;Portonave - Terminais Portuários de Navegantes;05/12/2025 10:48;
9630420;XIAMEN EXPRESS;Container Ship;HAPAG-LLOYD;Hapag-Lloyd;Gemini Cooperation;Rio de Janeiro;Multi-Rio;24/08/2025 15:20;
9630420;XIAMEN EXPRESS;Container Ship;HAPAG-LLOYD;Hapag-Lloyd;Gemini Cooperation;Rio de Janeiro;Multi-Rio;12/04/2025 10:50;
9630420;XIAMEN EXPRESS;Container Ship;HAPAG-LLOYD;Hapag-Lloyd;Gemini Cooperation;Portonave - Terminais Portuários de Navegantes;Portonave - Terminais Portuários de Navegantes;16/09/2025 05:00;
9630420;XIAMEN EXPRESS;Container Ship;HAPAG-LLOYD;Hapag-Lloyd;Gemini Cooperation;Rio de Janeiro;Multi-Rio;27/03/2025 15:05;
9630420;XIAMEN EXPRESS;Container Ship;HAPAG-LLOYD;Hapag-Lloyd;Gemini Cooperation;Rio de Janeiro;Multi-Rio;16/06/2025 14:30;
9630420;XIAMEN EXPRESS;Container Ship;HAPAG-LLOYD;Hapag-Lloyd;Gemini Cooperation;Rio de Janeiro;Multi-Rio;10/07/2025 12:15;
9630420;XIAMEN EXPRESS;Container Ship;HAPAG-LLOYD;Hapag-Lloyd;Gemini Cooperation;Paranaguá;TCP;07/12/2025 12:20;
9630420;XIAMEN EXPRESS;Container Ship;HAPAG-LLOYD;Hapag-Lloyd;Gemini Cooperation;Rio de Janeiro;Multi-Rio;14/12/2025 11:15;
9630420;XIAMEN EXPRESS;Container Ship;HAPAG-LLOYD;Hapag-Lloyd;Gemini Cooperation;Rio Grande;Cais Tecon Rio Grande S.A.;24/01/2025 17:50;
9630420;XIAMEN EXPRESS;Container Ship;HAPAG-LLOYD;Hapag-Lloyd;Gemini Cooperation;Paranaguá;TCP;27/01/2025 22:20;
9630420;XIAMEN EXPRESS;Container Ship;HAPAG-LLOYD;Hapag-Lloyd;Gemini Cooperation;Rio de Janeiro;Multi-Rio;16/11/2025 08:35;
9630420;XIAMEN EXPRESS;Container Ship;HAPAG-LLOYD;Hapag-Lloyd;Gemini Cooperation;Santos;Cais da BTP (SSZ 41) - Privativo;10/04/2025 13:10;
9630420;XIAMEN EXPRESS;Container Ship;HAPAG-LLOYD;Hapag-Lloyd;Gemini Cooperation;Santos;Cais da BTP (SSZ 41) - Privativo;07/07/2025 21:38;
9630420;XIAMEN EXPRESS;Container Ship;HAPAG-LLOYD;Hapag-Lloyd;Gemini Cooperation;Santos;Cais da BTP (SSZ 41) - Privativo;29/03/2025 11:32;
9630420;XIAMEN EXPRESS;Container Ship;HAPAG-LLOYD;Hapag-Lloyd;Gemini Cooperation;Santos;Cais da BTP (SSZ 41) - Privativo;18/06/2025 15:55;
9630420;XIAMEN EXPRESS;Container Ship;HAPAG-LLOYD;Hapag-Lloyd;Gemini Cooperation;Salvador;TECON Área 2;13/07/2025 06:10;
9630420;XIAMEN EXPRESS;Container Ship;HAPAG-LLOYD;Hapag-Lloyd;Gemini Cooperation;Rio Grande;Cais Tecon Rio Grande S.A.;30/06/2025 11:50;
9630420;XIAMEN EXPRESS;Container Ship;HAPAG-LLOYD;Hapag-Lloyd;Gemini Cooperation;Paranaguá;TCP;08/04/2025 19:50;
9630420;XIAMEN EXPRESS;Container Ship;HAPAG-LLOYD;Hapag-Lloyd;Gemini Cooperation;Rio de Janeiro;Multi-Rio;02/02/2025 18:10;
9630420;XIAMEN EXPRESS;Container Ship;HAPAG-LLOYD;Hapag-Lloyd;Gemini Cooperation;Rio Grande;Cais Tecon Rio Grande S.A.;30/11/2025 10:00;
9630420;XIAMEN EXPRESS;Container Ship;HAPAG-LLOYD;Hapag-Lloyd;Gemini Cooperation;Terminal Portuário do Pecém;Terminal Portuário do Pecém;03/10/2025 17:57;
9630420;XIAMEN EXPRESS;Container Ship;HAPAG-LLOYD;Hapag-Lloyd;Gemini Cooperation;Santos;Cais da BTP (SSZ 41) - Privativo;29/08/2025 10:30;
9630420;XIAMEN EXPRESS;Container Ship;HAPAG-LLOYD;Hapag-Lloyd;Gemini Cooperation;Santos;Cais da BTP (SSZ 41) - Privativo;19/11/2025 02:30;
9630420;XIAMEN EXPRESS;Container Ship;HAPAG-LLOYD;Hapag-Lloyd;Gemini Cooperation;Santos;Cais da BTP (SSZ 41) - Privativo;30/01/2025 22:30;
9630420;XIAMEN EXPRESS;Container Ship;HAPAG-LLOYD;Hapag-Lloyd;Gemini Cooperation;Santos;Cais da BTP (SSZ 41) - Privativo;26/09/2025 04:55;
9630420;XIAMEN EXPRESS;Container Ship;HAPAG-LLOYD;Hapag-Lloyd;Gemini Cooperation;Rio Grande;Cais Tecon Rio Grande S.A.;06/04/2025 07:40;
9630420;XIAMEN EXPRESS;Container Ship;HAPAG-LLOYD;Hapag-Lloyd;Gemini Cooperation;Salvador;TECON;15/04/2025 17:50;
9630420;XIAMEN EXPRESS;Container Ship;HAPAG-LLOYD;Hapag-Lloyd;Gemini Cooperation;Santos;Cais da BTP (SSZ 41) - Privativo;12/12/2025 19:40;
9630420;XIAMEN EXPRESS;Container Ship;HAPAG-LLOYD;Hapag-Lloyd;Gemini Cooperation;Terminal Portuário do Pecém;Terminal Portuário do Pecém;12/02/2025 19:55;
9630420;XIAMEN EXPRESS;Container Ship;HAPAG-LLOYD;Hapag-Lloyd;Gemini Cooperation;Rio Grande;Cais Tecon Rio Grande S.A.;07/01/2025 07:25;
9630420;XIAMEN EXPRESS;Container Ship;HAPAG-LLOYD;Hapag-Lloyd;Gemini Cooperation;Paranaguá;TCP;05/07/2025 03:40;
9526928;MAERSK LAVRAS;Container Ship;MAERSK;Maersk Group;Gemini Cooperation;Paranaguá;TCP;26/01/2025 15:10;
9526928;MAERSK LAVRAS;Container Ship;MAERSK;Maersk Group;Gemini Cooperation;Santos;Cais da Santos Brasil (SSZ 16) - Privativo;12/01/2025 13:55;
9526928;MAERSK LAVRAS;Container Ship;MAERSK;Maersk Group;Gemini Cooperation;Santos;Cais da BTP (SSZ 41) - Privativo;28/01/2025 09:55;
9526928;MAERSK LAVRAS;Container Ship;MAERSK;Maersk Group;Gemini Cooperation;Paranaguá;TCP;27/04/2025 20:43;
9770751;MSC AINO;Container Ship;MSC;MSC;MSC (standalone);Paranaguá;TCP;31/12/2024 05:20;
9770751;MSC AINO;Container Ship;MSC;MSC;MSC (standalone);Paranaguá;TCP;17/04/2025 06:50;
9770751;MSC AINO;Container Ship;MSC;MSC;MSC (standalone);Paranaguá;TCP;29/03/2025 04:35;
9770751;MSC AINO;Container Ship;MSC;MSC;MSC (standalone);Portonave - Terminais Portuários de Navegantes;Portonave - Terminais Portuários de Navegantes;27/07/2025 12:00;
9770751;MSC AINO;Container Ship;MSC;MSC;MSC (standalone);Portonave - Terminais Portuários de Navegantes;Portonave - Terminais Portuários de Navegantes;12/07/2025 17:12;
9770751;MSC AINO;Container Ship;MSC;MSC;MSC (standalone);Rio Grande;Cais Tecon Rio Grande S.A.;11/01/2025 05:35;
9770751;MSC AINO;Container Ship;MSC;MSC;MSC (standalone);Portonave - Terminais Portuários de Navegantes;Portonave - Terminais Portuários de Navegantes;18/04/2025 20:42;
9770751;MSC AINO;Container Ship;MSC;MSC;MSC (standalone);Portonave - Terminais Portuários de Navegantes;Portonave - Terminais Portuários de Navegantes;01/04/2025 03:42;
9770751;MSC AINO;Container Ship;MSC;MSC;MSC (standalone);Paranaguá;TCP;16/10/2025 18:30;
9770751;MSC AINO;Container Ship;MSC;MSC;MSC (standalone);Santos;Cais da BTP (SSZ 41) - Privativo;15/01/2025 13:10;
9770751;MSC AINO;Container Ship;MSC;MSC;MSC (standalone);Santos;Cais da BTP (SSZ 41) - Privativo;31/07/2025 21:15;
9770751;MSC AINO;Container Ship;MSC;MSC;MSC (standalone);Santos;Cais da BTP (SSZ 41) - Privativo;13/11/2025 07:23;
9770751;MSC AINO;Container Ship;MSC;MSC;MSC (standalone);Santos;Cais da BTP (SSZ 41) - Privativo;13/10/2025 14:30;
9770751;MSC AINO;Container Ship;MSC;MSC;MSC (standalone);Paranaguá;TCP;04/11/2025 09:00;
9770751;MSC AINO;Container Ship;MSC;MSC;MSC (standalone);Santos;Cais da BTP (SSZ 41) - Privativo;25/03/2025 23:50;
9770751;MSC AINO;Container Ship;MSC;MSC;MSC (standalone);Rio Grande;Cais Tecon Rio Grande S.A.;23/07/2025 04:10;
9770751;MSC AINO;Container Ship;MSC;MSC;MSC (standalone);Portonave - Terminais Portuários de Navegantes;Portonave - Terminais Portuários de Navegantes;10/11/2025 14:54;
9770751;MSC AINO;Container Ship;MSC;MSC;MSC (standalone);Santos;Cais da BTP (SSZ 41) - Privativo;24/04/2025 10:55;
9770751;MSC AINO;Container Ship;MSC;MSC;MSC (standalone);Rio Grande;Cais Tecon Rio Grande S.A.;15/04/2025 01:55;
9770751;MSC AINO;Container Ship;MSC;MSC;MSC (standalone);Rio Grande;Cais Tecon Rio Grande S.A.;31/10/2025 23:45;
9770751;MSC AINO;Container Ship;MSC;MSC;MSC (standalone);Portonave - Terminais Portuários de Navegantes;Portonave - Terminais Portuários de Navegantes;18/10/2025 17:00;
9770751;MSC AINO;Container Ship;MSC;MSC;MSC (standalone);Santos;Cais da BTP (SSZ 41) - Privativo;10/07/2025 05:44;
9348053;MAERSK MONTE AZUL;Container Ship;MAERSK;Maersk Group;Gemini Cooperation;Rio de Janeiro;ICTSI;10/11/2025 23:05;
9348053;MAERSK MONTE AZUL;Container Ship;MAERSK;Maersk Group;Gemini Cooperation;Rio Grande;Cais Tecon Rio Grande S.A.;30/07/2025 09:45;
9348053;MAERSK MONTE AZUL;Container Ship;MAERSK;Maersk Group;Gemini Cooperation;Rio Grande;Cais Tecon Rio Grande S.A.;23/12/2025 13:10;
9348053;MAERSK MONTE AZUL;Container Ship;MAERSK;Maersk Group;Gemini Cooperation;Rio Grande;Cais Tecon Rio Grande S.A.;05/11/2025 04:10;
9348053;MAERSK MONTE AZUL;Container Ship;MAERSK;Maersk Group;Gemini Cooperation;Salvador;TECON Área 2;23/01/2025 12:32;
9348053;MAERSK MONTE AZUL;Container Ship;MAERSK;Maersk Group;Gemini Cooperation;Salvador;TECON Área 2;13/03/2025 18:50;
9348053;MAERSK MONTE AZUL;Container Ship;MAERSK;Maersk Group;Gemini Cooperation;Rio de Janeiro;ICTSI;17/06/2025 10:10;
9348053;MAERSK MONTE AZUL;Container Ship;MAERSK;Maersk Group;Gemini Cooperation;Rio Grande;Cais Tecon Rio Grande S.A.;22/04/2025 12:05;
9348053;MAERSK MONTE AZUL;Container Ship;MAERSK;Maersk Group;Gemini Cooperation;Santos;Cais da Santos Brasil (SSZ 16) - Privativo;18/01/2025 14:50;
9348053;MAERSK MONTE AZUL;Container Ship;MAERSK;Maersk Group;Gemini Cooperation;Salvador;TECON;19/06/2025 17:30;
9348053;MAERSK MONTE AZUL;Container Ship;MAERSK;Maersk Group;Gemini Cooperation;Santos;Cais da BTP (SSZ 41) - Privativo;27/04/2025 18:21;
9348053;MAERSK MONTE AZUL;Container Ship;MAERSK;Maersk Group;Gemini Cooperation;Terminal Portuário do Pecém;Terminal Portuário do Pecém;04/05/2025 05:35;
9348053;MAERSK MONTE AZUL;Container Ship;MAERSK;Maersk Group;Gemini Cooperation;Santos;Cais da BTP (SSZ 41) - Privativo;15/06/2025 15:43;
9348053;MAERSK MONTE AZUL;Container Ship;MAERSK;Maersk Group;Gemini Cooperation;Terminal Portuário do Pecém;Terminal Portuário do Pecém;26/01/2025 06:29;
9348053;MAERSK MONTE AZUL;Container Ship;MAERSK;Maersk Group;Gemini Cooperation;Terminal Portuário do Pecém;Terminal Portuário do Pecém;28/09/2025 07:01;
9348053;MAERSK MONTE AZUL;Container Ship;MAERSK;Maersk Group;Gemini Cooperation;Terminal Portuário do Pecém;Terminal Portuário do Pecém;16/11/2025 06:16;
9348053;MAERSK MONTE AZUL;Container Ship;MAERSK;Maersk Group;Gemini Cooperation;Santos;Cais da Santos Brasil (SSZ 16) - Privativo;08/03/2025 22:30;
9348053;MAERSK MONTE AZUL;Container Ship;MAERSK;Maersk Group;Gemini Cooperation;Rio Grande;Cais Tecon Rio Grande S.A.;14/01/2025 08:00;
9348053;MAERSK MONTE AZUL;Container Ship;MAERSK;Maersk Group;Gemini Cooperation;Santos;Cais da Santos Brasil (SSZ 16) - Privativo;26/02/2025 04:05;
9348053;MAERSK MONTE AZUL;Container Ship;MAERSK;Maersk Group;Gemini Cooperation;Rio de Janeiro;ICTSI;10/03/2025 09:35;
9348053;MAERSK MONTE AZUL;Container Ship;MAERSK;Maersk Group;Gemini Cooperation;Terminal Portuário do Pecém;Terminal Portuário do Pecém;10/08/2025 06:08;
9348053;MAERSK MONTE AZUL;Container Ship;MAERSK;Maersk Group;Gemini Cooperation;Santos;Cais da Santos Brasil (SSZ 16) - Privativo;08/01/2025 07:20;
9348053;MAERSK MONTE AZUL;Container Ship;MAERSK;Maersk Group;Gemini Cooperation;Terminal Portuário do Pecém;Terminal Portuário do Pecém;22/06/2025 15:13;
9629457;CARDIFF;Container Ship;UNKNOWN;UNKNOWN;Unknown;Salvador;TECON Área 2;01/04/2025 12:21;
9629457;CARDIFF;Container Ship;UNKNOWN;UNKNOWN;Unknown;Santos;Cais da Santos Brasil (SSZ 16) - Privativo;11/12/2025 05:38;
9629457;CARDIFF;Container Ship;UNKNOWN;UNKNOWN;Unknown;Rio de Janeiro;ICTSI;13/12/2025 02:50;
9629457;CARDIFF;Container Ship;UNKNOWN;UNKNOWN;Unknown;Paranaguá;TCP;20/08/2025 10:55;
9629457;CARDIFF;Container Ship;UNKNOWN;UNKNOWN;Unknown;Rio de Janeiro;ICTSI;29/03/2025 18:25;
9629457;CARDIFF;Container Ship;UNKNOWN;UNKNOWN;Unknown;Rio de Janeiro;ICTSI;21/06/2025 00:05;
9629457;CARDIFF;Container Ship;UNKNOWN;UNKNOWN;Unknown;Santos;Cais da Santos Brasil (SSZ 16) - Privativo;22/08/2025 19:06;
9629457;CARDIFF;Container Ship;UNKNOWN;UNKNOWN;Unknown;Salvador;TECON;28/10/2025 01:00;
9629457;CARDIFF;Container Ship;UNKNOWN;UNKNOWN;Unknown;Santos;Cais da Santos Brasil (SSZ 16) - Privativo;15/08/2025 09:20;
9629457;CARDIFF;Container Ship;UNKNOWN;UNKNOWN;Unknown;Rio de Janeiro;ICTSI;22/10/2025 16:55;
9629457;CARDIFF;Container Ship;UNKNOWN;UNKNOWN;Unknown;Paranaguá;TCP;24/03/2025 02:05;
9629457;CARDIFF;Container Ship;UNKNOWN;UNKNOWN;Unknown;Santos;Cais da Santos Brasil (SSZ 16) - Privativo;18/10/2025 08:57;
9629457;CARDIFF;Container Ship;UNKNOWN;UNKNOWN;Unknown;Paranaguá;TCP;08/12/2025 19:45;
9629457;CARDIFF;Container Ship;UNKNOWN;UNKNOWN;Unknown;Santos;Cais da Santos Brasil (SSZ 16) - Privativo;19/06/2025 06:41;
9629457;CARDIFF;Container Ship;UNKNOWN;UNKNOWN;Unknown;Santos;Cais da Santos Brasil (SSZ 16) - Privativo;14/06/2025 00:05;
9629457;CARDIFF;Container Ship;UNKNOWN;UNKNOWN;Unknown;Paranaguá;TCP;12/01/2025 03:25;
9629457;CARDIFF;Container Ship;UNKNOWN;UNKNOWN;Unknown;Salvador;TECON Área 2;23/06/2025 09:45;
9629457;CARDIFF;Container Ship;UNKNOWN;UNKNOWN;Unknown;Rio de Janeiro;ICTSI;25/08/2025 08:05;
9722663;CMA CGM COLUMBIA;Container Ship;CMA CGM;CMA CGM Group;Ocean Alliance;Santos;Cais da Santos Brasil (SSZ 16) - Privativo;19/07/2025 05:46;
9722663;CMA CGM COLUMBIA;Container Ship;CMA CGM;CMA CGM Group;Ocean Alliance;Santos;Cais da Santos Brasil (SSZ 16) - Privativo;07/09/2025 08:25;
9722663;CMA CGM COLUMBIA;Container Ship;CMA CGM;CMA CGM Group;Ocean Alliance;Paranaguá;TCP;11/06/2025 15:50;
9722663;CMA CGM COLUMBIA;Container Ship;CMA CGM;CMA CGM Group;Ocean Alliance;Santos;Cais da Santos Brasil (SSZ 16) - Privativo;26/04/2025 09:15;
9722663;CMA CGM COLUMBIA;Container Ship;CMA CGM;CMA CGM Group;Ocean Alliance;Santos;Cais da Santos Brasil (SSZ 16) - Privativo;06/06/2025 21:09;
9722663;CMA CGM COLUMBIA;Container Ship;CMA CGM;CMA CGM Group;Ocean Alliance;Santos;Cais da Santos Brasil (SSZ 16) - Privativo;30/08/2025 23:51;
9722663;CMA CGM COLUMBIA;Container Ship;CMA CGM;CMA CGM Group;Ocean Alliance;Paranaguá;TCP;05/02/2025 14:36;
9722663;CMA CGM COLUMBIA;Container Ship;CMA CGM;CMA CGM Group;Ocean Alliance;Paranaguá;TCP;19/03/2025 08:20;
9722663;CMA CGM COLUMBIA;Container Ship;CMA CGM;CMA CGM Group;Ocean Alliance;Salvador;TECON Área 2;27/01/2025 21:40;
9722663;CMA CGM COLUMBIA;Container Ship;CMA CGM;CMA CGM Group;Ocean Alliance;Salvador;TECON;22/04/2025 09:22;
9722663;CMA CGM COLUMBIA;Container Ship;CMA CGM;CMA CGM Group;Ocean Alliance;Santos;Cais da BTP (SSZ 41) - Privativo;25/07/2025 15:15;
9722663;CMA CGM COLUMBIA;Container Ship;CMA CGM;CMA CGM Group;Ocean Alliance;Paranaguá;TCP;30/04/2025 06:30;
9722663;CMA CGM COLUMBIA;Container Ship;CMA CGM;CMA CGM Group;Ocean Alliance;Salvador;TECON Área 2;14/07/2025 22:35;
9722663;CMA CGM COLUMBIA;Container Ship;CMA CGM;CMA CGM Group;Ocean Alliance;Salvador;TECON Área 2;02/06/2025 23:00;
9722663;CMA CGM COLUMBIA;Container Ship;CMA CGM;CMA CGM Group;Ocean Alliance;Salvador;TECON Área 2;10/03/2025 20:50;
9722663;CMA CGM COLUMBIA;Container Ship;CMA CGM;CMA CGM Group;Ocean Alliance;Paranaguá;TCP;23/07/2025 15:45;
9722663;CMA CGM COLUMBIA;Container Ship;CMA CGM;CMA CGM Group;Ocean Alliance;Santos;Cais da BTP (SSZ 41) - Privativo;13/06/2025 18:54;
9722663;CMA CGM COLUMBIA;Container Ship;CMA CGM;CMA CGM Group;Ocean Alliance;Santos;Cais da BTP (SSZ 41) - Privativo;10/02/2025 06:27;
9722663;CMA CGM COLUMBIA;Container Ship;CMA CGM;CMA CGM Group;Ocean Alliance;Santos;Cais da BTP (SSZ 41) - Privativo;31/01/2025 03:58;
9722663;CMA CGM COLUMBIA;Container Ship;CMA CGM;CMA CGM Group;Ocean Alliance;Santos;Cais da BTP (SSZ 41) - Privativo;22/03/2025 16:33;
9722663;CMA CGM COLUMBIA;Container Ship;CMA CGM;CMA CGM Group;Ocean Alliance;Santos;Cais da BTP (SSZ 41) - Privativo;02/05/2025 18:05;
9722663;CMA CGM COLUMBIA;Container Ship;CMA CGM;CMA CGM Group;Ocean Alliance;Santos;Cais da BTP (SSZ 41) - Privativo;14/03/2025 02:25;
9970002;GREENLAND;Container Ship;UNKNOWN;UNKNOWN;Unknown;Paranaguá;TCP;10/07/2025 06:50;
9970002;GREENLAND;Container Ship;UNKNOWN;UNKNOWN;Unknown;Itajaí;Cais Arrendado Transitoriamente;30/04/2025 01:43;
9970002;GREENLAND;Container Ship;UNKNOWN;UNKNOWN;Unknown;Rio de Janeiro;Multi-Rio;09/05/2025 08:05;
9970002;GREENLAND;Container Ship;UNKNOWN;UNKNOWN;Unknown;Santos;Cais da BTP (SSZ 41) - Privativo;07/05/2025 06:16;
9970002;GREENLAND;Container Ship;UNKNOWN;UNKNOWN;Unknown;Rio Grande;Cais Tecon Rio Grande S.A.;27/04/2025 04:30;
9970002;GREENLAND;Container Ship;UNKNOWN;UNKNOWN;Unknown;Itajaí;Cais Arrendado Transitoriamente;02/02/2025 23:35;
9970002;GREENLAND;Container Ship;UNKNOWN;UNKNOWN;Unknown;Santos;Cais da BTP (SSZ 41) - Privativo;23/01/2025 23:28;
9970002;GREENLAND;Container Ship;UNKNOWN;UNKNOWN;Unknown;Salvador;TECON;20/01/2025 19:50;
9970002;GREENLAND;Container Ship;UNKNOWN;UNKNOWN;Unknown;Santos;Cais da BTP (SSZ 41) - Privativo;07/02/2025 14:00;
9970002;GREENLAND;Container Ship;UNKNOWN;UNKNOWN;Unknown;Rio de Janeiro;Multi-Rio;17/07/2025 08:30;
9970002;GREENLAND;Container Ship;UNKNOWN;UNKNOWN;Unknown;Salvador;TECON;16/02/2025 16:50;
9970002;GREENLAND;Container Ship;UNKNOWN;UNKNOWN;Unknown;Santos;Cais da BTP (SSZ 41) - Privativo;25/06/2025 20:31;
9970002;GREENLAND;Container Ship;UNKNOWN;UNKNOWN;Unknown;Paranaguá;TCP;04/02/2025 21:30;
9970002;GREENLAND;Container Ship;UNKNOWN;UNKNOWN;Unknown;Rio Grande;Cais Tecon Rio Grande S.A.;05/07/2025 10:30;
9970002;GREENLAND;Container Ship;UNKNOWN;UNKNOWN;Unknown;Salvador;TECON Área 2;13/05/2025 02:35;
9970002;GREENLAND;Container Ship;UNKNOWN;UNKNOWN;Unknown;Santos;Cais da BTP (SSZ 41) - Privativo;15/07/2025 04:58;
9970002;GREENLAND;Container Ship;UNKNOWN;UNKNOWN;Unknown;Salvador;TECON Área 2;19/07/2025 21:55;
9970002;GREENLAND;Container Ship;UNKNOWN;UNKNOWN;Unknown;Rio Grande;Cais Tecon Rio Grande S.A.;01/02/2025 03:15;
9970002;GREENLAND;Container Ship;UNKNOWN;UNKNOWN;Unknown;Santos;Cais da BTP (SSZ 41) - Privativo;19/04/2025 06:55;
9970002;GREENLAND;Container Ship;UNKNOWN;UNKNOWN;Unknown;Itajaí;Cais Arrendado Transitoriamente;12/07/2025 03:01;
9970002;GREENLAND;Container Ship;UNKNOWN;UNKNOWN;Unknown;Rio de Janeiro;Multi-Rio;10/02/2025 10:45;
9970002;GREENLAND;Container Ship;UNKNOWN;UNKNOWN;Unknown;Paranaguá;TCP;03/05/2025 19:10;
9719874;CAPE PIONEER;Container Ship;UNKNOWN;UNKNOWN;Unknown;Rio Grande;Cais Tecon Rio Grande S.A.;12/04/2025 12:50;
9719874;CAPE PIONEER;Container Ship;UNKNOWN;UNKNOWN;Unknown;Paranaguá;TCP;08/11/2025 14:00;
9719874;CAPE PIONEER;Container Ship;UNKNOWN;UNKNOWN;Unknown;Rio Grande;Cais Tecon Rio Grande S.A.;21/01/2025 11:50;
9719874;CAPE PIONEER;Container Ship;UNKNOWN;UNKNOWN;Unknown;Rio Grande;Cais Tecon Rio Grande S.A.;04/11/2025 03:30;
9719874;CAPE PIONEER;Container Ship;UNKNOWN;UNKNOWN;Unknown;Rio de Janeiro;Multi-Rio;04/02/2025 09:20;
9719874;CAPE PIONEER;Container Ship;UNKNOWN;UNKNOWN;Unknown;Rio Grande;Cais Tecon Rio Grande S.A.;18/06/2025 22:10;
9719874;CAPE PIONEER;Container Ship;UNKNOWN;UNKNOWN;Unknown;Itajaí;Cais Arrendado Transitoriamente;28/08/2025 16:46;
9719874;CAPE PIONEER;Container Ship;UNKNOWN;UNKNOWN;Unknown;Paranaguá;TCP;21/06/2025 18:55;
9719874;CAPE PIONEER;Container Ship;UNKNOWN;UNKNOWN;Unknown;Itajaí;Cais Arrendado Transitoriamente;22/06/2025 23:16;
9719874;CAPE PIONEER;Container Ship;UNKNOWN;UNKNOWN;Unknown;Paranaguá;TCP;27/01/2025 01:20;
9719874;CAPE PIONEER;Container Ship;UNKNOWN;UNKNOWN;Unknown;Rio Grande;Cais Tecon Rio Grande S.A.;25/08/2025 12:15;
9719874;CAPE PIONEER;Container Ship;UNKNOWN;UNKNOWN;Unknown;Rio de Janeiro;Multi-Rio;14/08/2025 18:05;
9719874;CAPE PIONEER;Container Ship;UNKNOWN;UNKNOWN;Unknown;Portonave - Terminais Portuários de Navegantes;Portonave - Terminais Portuários de Navegantes;15/04/2025 13:36;
9247546;ENSENADA;Container Ship;UNKNOWN;UNKNOWN;Unknown;Santos;Cais da Santos Brasil (SSZ 16) - Privativo;02/10/2025 19:09;
9247546;ENSENADA;Container Ship;UNKNOWN;UNKNOWN;Unknown;Paranaguá;TCP;30/09/2025 12:53;
9247546;ENSENADA;Container Ship;UNKNOWN;UNKNOWN;Unknown;Rio de Janeiro;ICTSI;01/02/2025 18:20;
9247546;ENSENADA;Container Ship;UNKNOWN;UNKNOWN;Unknown;Paranaguá;TCP;07/04/2025 12:55;
9247546;ENSENADA;Container Ship;UNKNOWN;UNKNOWN;Unknown;Salvador;TECON Área 2;08/10/2025 17:40;
9247546;ENSENADA;Container Ship;UNKNOWN;UNKNOWN;Unknown;Salvador;TECON Área 2;18/04/2025 09:20;
9247546;ENSENADA;Container Ship;UNKNOWN;UNKNOWN;Unknown;Salvador;TECON;17/06/2025 08:35;
9247546;ENSENADA;Container Ship;UNKNOWN;UNKNOWN;Unknown;Rio de Janeiro;ICTSI;05/10/2025 11:20;
9247546;ENSENADA;Container Ship;UNKNOWN;UNKNOWN;Unknown;Salvador;TECON;05/02/2025 14:15;
9247546;ENSENADA;Container Ship;UNKNOWN;UNKNOWN;Unknown;Rio de Janeiro;ICTSI;29/11/2025 08:20;
9247546;ENSENADA;Container Ship;UNKNOWN;UNKNOWN;Unknown;Santos;Cais da Santos Brasil (SSZ 16) - Privativo;12/06/2025 18:15;
9247546;ENSENADA;Container Ship;UNKNOWN;UNKNOWN;Unknown;Rio de Janeiro;ICTSI;13/08/2025 11:20;
9247546;ENSENADA;Container Ship;UNKNOWN;UNKNOWN;Unknown;Santos;Cais da Santos Brasil (SSZ 16) - Privativo;20/11/2025 21:46;
9247546;ENSENADA;Container Ship;UNKNOWN;UNKNOWN;Unknown;Paranaguá;TCP;29/01/2025 03:20;
9247546;ENSENADA;Container Ship;UNKNOWN;UNKNOWN;Unknown;Rio de Janeiro;ICTSI;15/04/2025 10:00;
9247546;ENSENADA;Container Ship;UNKNOWN;UNKNOWN;Unknown;Santos;Cais da Santos Brasil (SSZ 16) - Privativo;12/04/2025 21:50;
9247546;ENSENADA;Container Ship;UNKNOWN;UNKNOWN;Unknown;Santos;Cais da Santos Brasil (SSZ 16) - Privativo;27/11/2025 18:06;
9247546;ENSENADA;Container Ship;UNKNOWN;UNKNOWN;Unknown;Santos;Cais da Santos Brasil (SSZ 16) - Privativo;07/08/2025 14:20;
9347607;HMM GOODWILL;Container Ship;HMM;HMM;Premier Alliance;Paranaguá;TCP;28/01/2025 16:10;
9347607;HMM GOODWILL;Container Ship;HMM;HMM;Premier Alliance;Portonave - Terminais Portuários de Navegantes;Portonave - Terminais Portuários de Navegantes;29/01/2025 13:30;
9526954;MAERSK LOTA;Container Ship;MAERSK;Maersk Group;Gemini Cooperation;Salvador;TECON Área 2;18/08/2025 19:00;
9526954;MAERSK LOTA;Container Ship;MAERSK;Maersk Group;Gemini Cooperation;Santos;Cais da Santos Brasil (SSZ 16) - Privativo;14/11/2025 16:10;
9526954;MAERSK LOTA;Container Ship;MAERSK;Maersk Group;Gemini Cooperation;Paranaguá;TCP;22/04/2025 23:45;
9526954;MAERSK LOTA;Container Ship;MAERSK;Maersk Group;Gemini Cooperation;Santos;Cais da Santos Brasil (SSZ 16) - Privativo;31/05/2025 01:58;
9526954;MAERSK LOTA;Container Ship;MAERSK;Maersk Group;Gemini Cooperation;Itajaí;Cais Arrendado Transitoriamente;30/01/2025 23:20;
9526954;MAERSK LOTA;Container Ship;MAERSK;Maersk Group;Gemini Cooperation;Santos;Cais da BTP (SSZ 41) - Privativo;10/10/2025 15:26;
9526954;MAERSK LOTA;Container Ship;MAERSK;Maersk Group;Gemini Cooperation;Paranaguá;TCP;12/03/2025 15:15;
9526954;MAERSK LOTA;Container Ship;MAERSK;Maersk Group;Gemini Cooperation;Santos;Cais da Santos Brasil (SSZ 16) - Privativo;18/04/2025 21:40;
9526954;MAERSK LOTA;Container Ship;MAERSK;Maersk Group;Gemini Cooperation;Paranaguá;TCP;16/07/2025 21:50;
9526954;MAERSK LOTA;Container Ship;MAERSK;Maersk Group;Gemini Cooperation;Santos;Cais da BTP (SSZ 41) - Privativo;01/09/2025 20:08;
9526954;MAERSK LOTA;Container Ship;MAERSK;Maersk Group;Gemini Cooperation;Salvador;TECON Área 2;26/05/2025 18:30;
9526954;MAERSK LOTA;Container Ship;MAERSK;Maersk Group;Gemini Cooperation;Santos;Cais da BTP (SSZ 41) - Privativo;18/07/2025 17:53;
9526954;MAERSK LOTA;Container Ship;MAERSK;Maersk Group;Gemini Cooperation;Santos;Cais da BTP (SSZ 41) - Privativo;02/02/2025 16:30;
9526954;MAERSK LOTA;Container Ship;MAERSK;Maersk Group;Gemini Cooperation;Paranaguá;TCP;09/10/2025 02:17;
9526954;MAERSK LOTA;Container Ship;MAERSK;Maersk Group;Gemini Cooperation;Santos;Cais da BTP (SSZ 41) - Privativo;26/04/2025 20:50;
9526954;MAERSK LOTA;Container Ship;MAERSK;Maersk Group;Gemini Cooperation;Santos;Cais da BTP (SSZ 41) - Privativo;22/11/2025 06:38;
9526954;MAERSK LOTA;Container Ship;MAERSK;Maersk Group;Gemini Cooperation;Santos;Cais da Santos Brasil (SSZ 16) - Privativo;22/08/2025 23:06;
9526954;MAERSK LOTA;Container Ship;MAERSK;Maersk Group;Gemini Cooperation;Santos;Cais da BTP (SSZ 41) - Privativo;06/06/2025 15:27;
9526954;MAERSK LOTA;Container Ship;MAERSK;Maersk Group;Gemini Cooperation;Salvador;TECON Área 2;10/11/2025 20:00;
9526954;MAERSK LOTA;Container Ship;MAERSK;Maersk Group;Gemini Cooperation;Salvador;TECON Área 2;15/04/2025 01:30;
9526954;MAERSK LOTA;Container Ship;MAERSK;Maersk Group;Gemini Cooperation;Salvador;TECON Área 2;29/09/2025 22:00;
9526954;MAERSK LOTA;Container Ship;MAERSK;Maersk Group;Gemini Cooperation;Salvador;TECON Área 2;03/03/2025 20:00;
9526954;MAERSK LOTA;Container Ship;MAERSK;Maersk Group;Gemini Cooperation;Paranaguá;TCP;20/11/2025 04:17;
9526954;MAERSK LOTA;Container Ship;MAERSK;Maersk Group;Gemini Cooperation;Paranaguá;TCP;29/01/2025 05:10;
9526954;MAERSK LOTA;Container Ship;MAERSK;Maersk Group;Gemini Cooperation;Santos;Cais da BTP (SSZ 41) - Privativo;07/03/2025 13:40;
9526954;MAERSK LOTA;Container Ship;MAERSK;Maersk Group;Gemini Cooperation;Santos;Cais da Santos Brasil (SSZ 16) - Privativo;12/07/2025 20:55;
9526954;MAERSK LOTA;Container Ship;MAERSK;Maersk Group;Gemini Cooperation;Salvador;TECON Área 2;07/07/2025 21:50;
9526954;MAERSK LOTA;Container Ship;MAERSK;Maersk Group;Gemini Cooperation;Santos;Cais da BTP (SSZ 41) - Privativo;23/01/2025 23:03;
9526954;MAERSK LOTA;Container Ship;MAERSK;Maersk Group;Gemini Cooperation;Santos;Cais da Santos Brasil (SSZ 16) - Privativo;26/12/2025 23:05;
9526954;MAERSK LOTA;Container Ship;MAERSK;Maersk Group;Gemini Cooperation;Santos;Cais da Santos Brasil (SSZ 16) - Privativo;04/10/2025 00:13;
9526954;MAERSK LOTA;Container Ship;MAERSK;Maersk Group;Gemini Cooperation;Paranaguá;TCP;04/06/2025 16:14;
9526954;MAERSK LOTA;Container Ship;MAERSK;Maersk Group;Gemini Cooperation;Santos;Cais da BTP (SSZ 41) - Privativo;16/03/2025 14:25;
9526954;MAERSK LOTA;Container Ship;MAERSK;Maersk Group;Gemini Cooperation;Paranaguá;TCP;27/08/2025 21:05;
9253026;ANNIE B;Container Ship;UNKNOWN;UNKNOWN;Unknown;Santos;Cais da Santos Brasil (SSZ 16) - Privativo;04/03/2025 00:58;
9253026;ANNIE B;Container Ship;UNKNOWN;UNKNOWN;Unknown;Santos;Cais da Santos Brasil (SSZ 16) - Privativo;01/01/2025 08:50;
9253026;ANNIE B;Container Ship;UNKNOWN;UNKNOWN;Unknown;Santos;Cais da Santos Brasil (SSZ 16) - Privativo;21/02/2025 08:15;
9253026;ANNIE B;Container Ship;UNKNOWN;UNKNOWN;Unknown;Rio de Janeiro;ICTSI;07/05/2025 17:15;
9253026;ANNIE B;Container Ship;UNKNOWN;UNKNOWN;Unknown;Santos;Cais da Santos Brasil (SSZ 16) - Privativo;24/04/2025 16:15;
9253026;ANNIE B;Container Ship;UNKNOWN;UNKNOWN;Unknown;Rio de Janeiro;ICTSI;02/01/2025 16:20;
9253026;ANNIE B;Container Ship;UNKNOWN;UNKNOWN;Unknown;Paranaguá;TCP;04/05/2025 09:00;
9253026;ANNIE B;Container Ship;UNKNOWN;UNKNOWN;Unknown;Santos;Cais da Santos Brasil (SSZ 16) - Privativo;06/05/2025 02:13;
9464247;MALIAKOS;Container Ship;UNKNOWN;UNKNOWN;Unknown;Terminal Portuário do Pecém;Terminal Portuário do Pecém;02/11/2025 04:34;
9464247;MALIAKOS;Container Ship;UNKNOWN;UNKNOWN;Unknown;Santos;Cais da Santos Brasil (SSZ 16) - Privativo;15/12/2025 01:30;
9464247;MALIAKOS;Container Ship;UNKNOWN;UNKNOWN;Unknown;Rio de Janeiro;ICTSI;27/10/2025 18:50;
9464247;MALIAKOS;Container Ship;UNKNOWN;UNKNOWN;Unknown;Santos;Cais da Santos Brasil (SSZ 16) - Privativo;27/07/2025 17:50;
9464247;MALIAKOS;Container Ship;UNKNOWN;UNKNOWN;Unknown;Santos;Cais da Santos Brasil (SSZ 16) - Privativo;13/04/2025 02:20;
9464247;MALIAKOS;Container Ship;UNKNOWN;UNKNOWN;Unknown;Santos;Cais da Santos Brasil (SSZ 16) - Privativo;06/01/2025 22:55;
9464247;MALIAKOS;Container Ship;UNKNOWN;UNKNOWN;Unknown;Rio Grande;Cais Tecon Rio Grande S.A.;21/10/2025 10:40;
9464247;MALIAKOS;Container Ship;UNKNOWN;UNKNOWN;Unknown;Rio de Janeiro;ICTSI;03/01/2025 18:05;
9464247;MALIAKOS;Container Ship;UNKNOWN;UNKNOWN;Unknown;Santos;Cais da Santos Brasil (SSZ 16) - Privativo;01/06/2025 11:35;
9464247;MALIAKOS;Container Ship;UNKNOWN;UNKNOWN;Unknown;Rio de Janeiro;ICTSI;11/04/2025 19:00;
9464247;MALIAKOS;Container Ship;UNKNOWN;UNKNOWN;Unknown;Rio de Janeiro;ICTSI;19/07/2025 17:40;
9464247;MALIAKOS;Container Ship;UNKNOWN;UNKNOWN;Unknown;Rio de Janeiro;ICTSI;05/09/2025 23:30;
9464247;MALIAKOS;Container Ship;UNKNOWN;UNKNOWN;Unknown;Salvador;TECON Área 2;30/10/2025 12:00;
9464247;MALIAKOS;Container Ship;UNKNOWN;UNKNOWN;Unknown;Rio de Janeiro;ICTSI;30/05/2025 17:50;
9464247;MALIAKOS;Container Ship;UNKNOWN;UNKNOWN;Unknown;Santos;Cais da Santos Brasil (SSZ 16) - Privativo;24/02/2025 21:08;
9464247;MALIAKOS;Container Ship;UNKNOWN;UNKNOWN;Unknown;Rio de Janeiro;ICTSI;21/02/2025 18:00;
9464247;MALIAKOS;Container Ship;UNKNOWN;UNKNOWN;Unknown;Santos;Cais da Santos Brasil (SSZ 16) - Privativo;09/09/2025 06:45;
9938274;CMA CGM SAO PAULO;Container Ship;CMA CGM;CMA CGM Group;Ocean Alliance;Rio de Janeiro;ICTSI;09/01/2025 09:40;
9938274;CMA CGM SAO PAULO;Container Ship;CMA CGM;CMA CGM Group;Ocean Alliance;Santos;Cais da Santos Brasil (SSZ 16) - Privativo;11/04/2025 14:10;
9938274;CMA CGM SAO PAULO;Container Ship;CMA CGM;CMA CGM Group;Ocean Alliance;Santos;Cais da Santos Brasil (SSZ 16) - Privativo;24/01/2025 21:48;
9938274;CMA CGM SAO PAULO;Container Ship;CMA CGM;CMA CGM Group;Ocean Alliance;Rio de Janeiro;ICTSI;21/07/2025 10:20;
9938274;CMA CGM SAO PAULO;Container Ship;CMA CGM;CMA CGM Group;Ocean Alliance;Paranaguá;TCP;25/10/2025 20:30;
9938274;CMA CGM SAO PAULO;Container Ship;CMA CGM;CMA CGM Group;Ocean Alliance;Rio de Janeiro;ICTSI;30/10/2025 09:20;
9938274;CMA CGM SAO PAULO;Container Ship;CMA CGM;CMA CGM Group;Ocean Alliance;Rio de Janeiro;ICTSI;14/10/2025 13:15;
9938274;CMA CGM SAO PAULO;Container Ship;CMA CGM;CMA CGM Group;Ocean Alliance;Rio de Janeiro;ICTSI;23/07/2025 15:55;
9938274;CMA CGM SAO PAULO;Container Ship;CMA CGM;CMA CGM Group;Ocean Alliance;Paranaguá;TCP;14/07/2025 20:53;
9938274;CMA CGM SAO PAULO;Container Ship;CMA CGM;CMA CGM Group;Ocean Alliance;Portonave - Terminais Portuários de Navegantes;Portonave - Terminais Portuários de Navegantes;17/04/2025 10:00;
9938274;CMA CGM SAO PAULO;Container Ship;CMA CGM;CMA CGM Group;Ocean Alliance;Santos;Cais da Santos Brasil (SSZ 16) - Privativo;13/01/2025 15:15;
9938274;CMA CGM SAO PAULO;Container Ship;CMA CGM;CMA CGM Group;Ocean Alliance;Santos;Cais da Santos Brasil (SSZ 16) - Privativo;19/04/2025 06:50;
9938274;CMA CGM SAO PAULO;Container Ship;CMA CGM;CMA CGM Group;Ocean Alliance;Portonave - Terminais Portuários de Navegantes;Portonave - Terminais Portuários de Navegantes;21/01/2025 09:00;
9938274;CMA CGM SAO PAULO;Container Ship;CMA CGM;CMA CGM Group;Ocean Alliance;Portonave - Terminais Portuários de Navegantes;Portonave - Terminais Portuários de Navegantes;17/07/2025 11:54;
9938274;CMA CGM SAO PAULO;Container Ship;CMA CGM;CMA CGM Group;Ocean Alliance;Paranaguá;TCP;15/01/2025 19:00;
9938274;CMA CGM SAO PAULO;Container Ship;CMA CGM;CMA CGM Group;Ocean Alliance;Santos;Cais da Santos Brasil (SSZ 16) - Privativo;17/10/2025 00:25;
9938274;CMA CGM SAO PAULO;Container Ship;CMA CGM;CMA CGM Group;Ocean Alliance;Rio de Janeiro;ICTSI;09/04/2025 16:35;
9938274;CMA CGM SAO PAULO;Container Ship;CMA CGM;CMA CGM Group;Ocean Alliance;Santos;Cais da Santos Brasil (SSZ 16) - Privativo;19/07/2025 13:05;
9938274;CMA CGM SAO PAULO;Container Ship;CMA CGM;CMA CGM Group;Ocean Alliance;Paranaguá;TCP;13/04/2025 05:50;
9938274;CMA CGM SAO PAULO;Container Ship;CMA CGM;CMA CGM Group;Ocean Alliance;Santos;Cais da Santos Brasil (SSZ 16) - Privativo;11/07/2025 15:21;
9267637;MSC PEGASUS VII;Container Ship;MSC;MSC;MSC (standalone);Paranaguá;TCP;29/01/2025 21:40;
9267637;MSC PEGASUS VII;Container Ship;MSC;MSC;MSC (standalone);Santos;Cais da BTP (SSZ 41) - Privativo;01/02/2025 09:05;
9267637;MSC PEGASUS VII;Container Ship;MSC;MSC;MSC (standalone);Salvador;TECON Área 2;17/05/2025 14:10;
9267637;MSC PEGASUS VII;Container Ship;MSC;MSC;MSC (standalone);Itajaí;Cais Arrendado Transitoriamente;27/01/2025 16:19;
9267637;MSC PEGASUS VII;Container Ship;MSC;MSC;MSC (standalone);Rio de Janeiro;Multi-Rio;24/07/2025 01:10;
9267637;MSC PEGASUS VII;Container Ship;MSC;MSC;MSC (standalone);Santos;Cais da Santos Brasil (SSZ 16) - Privativo;11/08/2025 01:45;
9267637;MSC PEGASUS VII;Container Ship;MSC;MSC;MSC (standalone);Paranaguá;TCP;29/04/2025 05:50;
9267637;MSC PEGASUS VII;Container Ship;MSC;MSC;MSC (standalone);Santos;Cais da BTP (SSZ 41) - Privativo;13/05/2025 00:01;
9267637;MSC PEGASUS VII;Container Ship;MSC;MSC;MSC (standalone);Rio Grande;Cais Tecon Rio Grande S.A.;09/05/2025 07:50;
9267637;MSC PEGASUS VII;Container Ship;MSC;MSC;MSC (standalone);Itajaí;Cais Arrendado Transitoriamente;11/05/2025 00:40;
9267637;MSC PEGASUS VII;Container Ship;MSC;MSC;MSC (standalone);Rio de Janeiro;Multi-Rio;06/02/2025 16:10;
9267637;MSC PEGASUS VII;Container Ship;MSC;MSC;MSC (standalone);Rio de Janeiro;Multi-Rio;14/05/2025 22:30;
9267637;MSC PEGASUS VII;Container Ship;MSC;MSC;MSC (standalone);Terminal Portuário do Pecém;Terminal Portuário do Pecém;18/07/2025 20:17;
9267637;MSC PEGASUS VII;Container Ship;MSC;MSC;MSC (standalone);Salvador;TECON Área 2;10/02/2025 11:00;
9458999;BROOKLYN BRIDGE;Container Ship;UNKNOWN;UNKNOWN;Unknown;Rio de Janeiro;ICTSI;30/10/2025 01:15;
9458999;BROOKLYN BRIDGE;Container Ship;UNKNOWN;UNKNOWN;Unknown;Paranaguá;TCP;30/01/2025 13:16;
9458999;BROOKLYN BRIDGE;Container Ship;UNKNOWN;UNKNOWN;Unknown;Rio de Janeiro;ICTSI;03/02/2025 07:15;
9458999;BROOKLYN BRIDGE;Container Ship;UNKNOWN;UNKNOWN;Unknown;Santos;Cais da Santos Brasil (SSZ 16) - Privativo;13/10/2025 08:40;
9458999;BROOKLYN BRIDGE;Container Ship;UNKNOWN;UNKNOWN;Unknown;Santos;Cais da Santos Brasil (SSZ 16) - Privativo;14/12/2025 21:23;
9458999;BROOKLYN BRIDGE;Container Ship;UNKNOWN;UNKNOWN;Unknown;Santos;Cais da Santos Brasil (SSZ 16) - Privativo;24/10/2025 17:22;
9458999;BROOKLYN BRIDGE;Container Ship;UNKNOWN;UNKNOWN;Unknown;Rio de Janeiro;ICTSI;14/04/2025 00:30;
9458999;BROOKLYN BRIDGE;Container Ship;UNKNOWN;UNKNOWN;Unknown;Rio de Janeiro;ICTSI;27/06/2025 17:10;
9458999;BROOKLYN BRIDGE;Container Ship;UNKNOWN;UNKNOWN;Unknown;Santos;Cais da Santos Brasil (SSZ 16) - Privativo;09/06/2025 09:49;
9458999;BROOKLYN BRIDGE;Container Ship;UNKNOWN;UNKNOWN;Unknown;Paranaguá;TCP;11/06/2025 12:10;
9458999;BROOKLYN BRIDGE;Container Ship;UNKNOWN;UNKNOWN;Unknown;Santos;Cais da Santos Brasil (SSZ 16) - Privativo;17/01/2025 01:48;
9945473;ZIM USA;Container Ship;ZIM;ZIM;Non-aligned;Santos;Cais da Santos Brasil (SSZ 16) - Privativo;27/01/2025 01:48;
9945473;ZIM USA;Container Ship;ZIM;ZIM;Non-aligned;Santos;Cais da BTP (SSZ 41) - Privativo;11/02/2025 20:55;
9945473;ZIM USA;Container Ship;ZIM;ZIM;Non-aligned;Paranaguá;TCP;16/11/2025 19:20;
9945473;ZIM USA;Container Ship;ZIM;ZIM;Non-aligned;Paranaguá;TCP;09/02/2025 17:50;
9143556;DUSSELDORF EXPRESS;;HAPAG-LLOYD;Hapag-Lloyd;Gemini Cooperation;Rio de Janeiro;ICTSI;27/09/2025 20:40;4600.0
9143556;DUSSELDORF EXPRESS;;HAPAG-LLOYD;Hapag-Lloyd;Gemini Cooperation;Rio de Janeiro;ICTSI;03/05/2025 00:00;4600.0
9143556;DUSSELDORF EXPRESS;;HAPAG-LLOYD;Hapag-Lloyd;Gemini Cooperation;Santos;Cais da Santos Brasil (SSZ 16) - Privativo;17/11/2025 09:56;4600.0
9143556;DUSSELDORF EXPRESS;;HAPAG-LLOYD;Hapag-Lloyd;Gemini Cooperation;Rio de Janeiro;ICTSI;14/03/2025 11:15;4600.0
9143556;DUSSELDORF EXPRESS;;HAPAG-LLOYD;Hapag-Lloyd;Gemini Cooperation;Santos;Cais da Santos Brasil (SSZ 16) - Privativo;28/01/2025 08:36;4600.0
9143556;DUSSELDORF EXPRESS;;HAPAG-LLOYD;Hapag-Lloyd;Gemini Cooperation;Santos;Cais da Santos Brasil (SSZ 16) - Privativo;28/09/2025 23:07;4600.0
9143556;DUSSELDORF EXPRESS;;HAPAG-LLOYD;Hapag-Lloyd;Gemini Cooperation;Rio de Janeiro;ICTSI;08/08/2025 17:30;4600.0
9143556;DUSSELDORF EXPRESS;;HAPAG-LLOYD;Hapag-Lloyd;Gemini Cooperation;Rio de Janeiro;ICTSI;20/06/2025 17:30;4600.0
9143556;DUSSELDORF EXPRESS;;HAPAG-LLOYD;Hapag-Lloyd;Gemini Cooperation;Santos;Cais da Santos Brasil (SSZ 16) - Privativo;04/05/2025 08:42;4600.0
9143556;DUSSELDORF EXPRESS;;HAPAG-LLOYD;Hapag-Lloyd;Gemini Cooperation;Santos;Cais da Santos Brasil (SSZ 16) - Privativo;10/08/2025 19:42;4600.0
9143556;DUSSELDORF EXPRESS;;HAPAG-LLOYD;Hapag-Lloyd;Gemini Cooperation;Santos;Cais da Santos Brasil (SSZ 16) - Privativo;22/06/2025 13:13;4600.0
9143556;DUSSELDORF EXPRESS;;HAPAG-LLOYD;Hapag-Lloyd;Gemini Cooperation;Santos;Cais da Santos Brasil (SSZ 16) - Privativo;17/03/2025 22:20;4600.0
9143556;DUSSELDORF EXPRESS;;HAPAG-LLOYD;Hapag-Lloyd;Gemini Cooperation;Rio de Janeiro;ICTSI;25/01/2025 07:40;4600.0
9633965;CAP SAN TAINARO;Container Ship;HAMBURG SUD;Maersk Group;Gemini Cooperation;Paranaguá;TCP;02/02/2025 17:00;
9633965;CAP SAN TAINARO;Container Ship;HAMBURG SUD;Maersk Group;Gemini Cooperation;Santos;Cais da Santos Brasil (SSZ 16) - Privativo;19/01/2025 16:22;
9633965;CAP SAN TAINARO;Container Ship;HAMBURG SUD;Maersk Group;Gemini Cooperation;Paranaguá;TCP;04/05/2025 14:06;
9633965;CAP SAN TAINARO;Container Ship;HAMBURG SUD;Maersk Group;Gemini Cooperation;Santos;Cais da BTP (SSZ 41) - Privativo;05/02/2025 02:42;
9214214;GSL ARCADIA;Container Ship;UNKNOWN;UNKNOWN;Unknown;Santos;Cais da BTP (SSZ 41) - Privativo;11/04/2025 10:15;
9214214;GSL ARCADIA;Container Ship;UNKNOWN;UNKNOWN;Unknown;Rio de Janeiro;Multi-Rio;29/09/2025 17:30;
9214214;GSL ARCADIA;Container Ship;UNKNOWN;UNKNOWN;Unknown;Paranaguá;TCP;29/05/2025 10:46;
9214214;GSL ARCADIA;Container Ship;UNKNOWN;UNKNOWN;Unknown;Rio de Janeiro;Multi-Rio;03/06/2025 10:50;
9214214;GSL ARCADIA;Container Ship;UNKNOWN;UNKNOWN;Unknown;Santos;Cais da BTP (SSZ 41) - Privativo;02/04/2025 16:20;
9214214;GSL ARCADIA;Container Ship;UNKNOWN;UNKNOWN;Unknown;Santos;Cais da BTP (SSZ 41) - Privativo;02/02/2025 22:28;
9214214;GSL ARCADIA;Container Ship;UNKNOWN;UNKNOWN;Unknown;Santos;Cais da BTP (SSZ 41) - Privativo;17/11/2025 09:54;
9214214;GSL ARCADIA;Container Ship;UNKNOWN;UNKNOWN;Unknown;Paranaguá;TCP;24/07/2025 18:56;
9214214;GSL ARCADIA;Container Ship;UNKNOWN;UNKNOWN;Unknown;Rio de Janeiro;Multi-Rio;13/04/2025 13:30;
9214214;GSL ARCADIA;Container Ship;UNKNOWN;UNKNOWN;Unknown;Rio de Janeiro;Multi-Rio;19/11/2025 10:50;
9214214;GSL ARCADIA;Container Ship;UNKNOWN;UNKNOWN;Unknown;Rio de Janeiro;Multi-Rio;02/08/2025 15:40;
9214214;GSL ARCADIA;Container Ship;UNKNOWN;UNKNOWN;Unknown;Paranaguá;TCP;08/04/2025 12:52;
9214214;GSL ARCADIA;Container Ship;UNKNOWN;UNKNOWN;Unknown;Santos;Cais da BTP (SSZ 41) - Privativo;09/11/2025 10:02;
9214214;GSL ARCADIA;Container Ship;UNKNOWN;UNKNOWN;Unknown;Santos;Cais da BTP (SSZ 41) - Privativo;13/09/2025 17:26;
9214214;GSL ARCADIA;Container Ship;UNKNOWN;UNKNOWN;Unknown;Paranaguá;TCP;19/09/2025 07:25;
9214214;GSL ARCADIA;Container Ship;UNKNOWN;UNKNOWN;Unknown;Santos;Cais da BTP (SSZ 41) - Privativo;26/01/2025 23:52;
9214214;GSL ARCADIA;Container Ship;UNKNOWN;UNKNOWN;Unknown;Paranaguá;TCP;01/02/2025 07:50;
9214214;GSL ARCADIA;Container Ship;UNKNOWN;UNKNOWN;Unknown;Santos;Cais da BTP (SSZ 41) - Privativo;01/06/2025 04:35;
9214214;GSL ARCADIA;Container Ship;UNKNOWN;UNKNOWN;Unknown;Santos;Cais da BTP (SSZ 41) - Privativo;26/09/2025 17:23;
9214214;GSL ARCADIA;Container Ship;UNKNOWN;UNKNOWN;Unknown;Santos;Cais da BTP (SSZ 41) - Privativo;27/07/2025 17:55;
9214214;GSL ARCADIA;Container Ship;UNKNOWN;UNKNOWN;Unknown;Santos;Cais da BTP (SSZ 41) - Privativo;20/07/2025 14:50;
9224300;SEASPAN HAMBURG;Container Ship;UNKNOWN;UNKNOWN;Unknown;Santos;Cais da Santos Brasil (SSZ 16) - Privativo;12/05/2025 08:45;
9224300;SEASPAN HAMBURG;Container Ship;UNKNOWN;UNKNOWN;Unknown;Rio de Janeiro;ICTSI;31/01/2025 21:30;
9224300;SEASPAN HAMBURG;Container Ship;UNKNOWN;UNKNOWN;Unknown;Santos;Cais da Santos Brasil (SSZ 16) - Privativo;29/06/2025 21:10;
9224300;SEASPAN HAMBURG;Container Ship;UNKNOWN;UNKNOWN;Unknown;Santos;Cais da Santos Brasil (SSZ 16) - Privativo;24/03/2025 06:20;
9224300;SEASPAN HAMBURG;Container Ship;UNKNOWN;UNKNOWN;Unknown;Rio de Janeiro;ICTSI;09/05/2025 17:50;
9224300;SEASPAN HAMBURG;Container Ship;UNKNOWN;UNKNOWN;Unknown;Rio de Janeiro;ICTSI;21/03/2025 19:55;
9224300;SEASPAN HAMBURG;Container Ship;UNKNOWN;UNKNOWN;Unknown;Santos;Cais da Santos Brasil (SSZ 16) - Privativo;02/02/2025 12:40;
9224300;SEASPAN HAMBURG;Container Ship;UNKNOWN;UNKNOWN;Unknown;Rio de Janeiro;ICTSI;27/06/2025 06:15;
9348065;MAERSK MONTE ALEGRE;Container Ship;MAERSK;Maersk Group;Gemini Cooperation;Terminal Portuário do Pecém;Terminal Portuário do Pecém;17/08/2025 06:19;
9348065;MAERSK MONTE ALEGRE;Container Ship;MAERSK;Maersk Group;Gemini Cooperation;Salvador;TECON;31/01/2025 00:30;
9348065;MAERSK MONTE ALEGRE;Container Ship;MAERSK;Maersk Group;Gemini Cooperation;Salvador;TECON Área 2;20/03/2025 13:43;
9348065;MAERSK MONTE ALEGRE;Container Ship;MAERSK;Maersk Group;Gemini Cooperation;Salvador;TECON Área 2;26/06/2025 14:40;
9348065;MAERSK MONTE ALEGRE;Container Ship;MAERSK;Maersk Group;Gemini Cooperation;Salvador;TECON Área 2;08/05/2025 19:30;
9348065;MAERSK MONTE ALEGRE;Container Ship;MAERSK;Maersk Group;Gemini Cooperation;Rio Grande;Cais Tecon Rio Grande S.A.;18/06/2025 04:30;
9348065;MAERSK MONTE ALEGRE;Container Ship;MAERSK;Maersk Group;Gemini Cooperation;Santos;Cais da Santos Brasil (SSZ 16) - Privativo;15/03/2025 21:04;
9348065;MAERSK MONTE ALEGRE;Container Ship;MAERSK;Maersk Group;Gemini Cooperation;Terminal Portuário do Pecém;Terminal Portuário do Pecém;11/05/2025 06:20;
9348065;MAERSK MONTE ALEGRE;Container Ship;MAERSK;Maersk Group;Gemini Cooperation;Terminal Portuário do Pecém;Terminal Portuário do Pecém;29/06/2025 06:14;
9348065;MAERSK MONTE ALEGRE;Container Ship;MAERSK;Maersk Group;Gemini Cooperation;Terminal Portuário do Pecém;Terminal Portuário do Pecém;23/03/2025 06:26;
9348065;MAERSK MONTE ALEGRE;Container Ship;MAERSK;Maersk Group;Gemini Cooperation;Santos;Cais da Santos Brasil (SSZ 16) - Privativo;25/01/2025 19:46;
9348065;MAERSK MONTE ALEGRE;Container Ship;MAERSK;Maersk Group;Gemini Cooperation;Salvador;TECON Área 2;03/10/2025 00:03;
9348065;MAERSK MONTE ALEGRE;Container Ship;MAERSK;Maersk Group;Gemini Cooperation;Rio Grande;Cais Tecon Rio Grande S.A.;11/03/2025 07:50;
9348065;MAERSK MONTE ALEGRE;Container Ship;MAERSK;Maersk Group;Gemini Cooperation;Terminal Portuário do Pecém;Terminal Portuário do Pecém;23/11/2025 09:24;
9348065;MAERSK MONTE ALEGRE;Container Ship;MAERSK;Maersk Group;Gemini Cooperation;Rio de Janeiro;ICTSI;06/05/2025 01:55;
9348065;MAERSK MONTE ALEGRE;Container Ship;MAERSK;Maersk Group;Gemini Cooperation;Rio Grande;Cais Tecon Rio Grande S.A.;13/11/2025 18:15;
9348065;MAERSK MONTE ALEGRE;Container Ship;MAERSK;Maersk Group;Gemini Cooperation;Santos;Cais da Santos Brasil (SSZ 16) - Privativo;05/03/2025 02:38;
9348065;MAERSK MONTE ALEGRE;Container Ship;MAERSK;Maersk Group;Gemini Cooperation;Terminal Portuário do Pecém;Terminal Portuário do Pecém;02/02/2025 06:40;
9348065;MAERSK MONTE ALEGRE;Container Ship;MAERSK;Maersk Group;Gemini Cooperation;Santos;Cais da Santos Brasil (SSZ 16) - Privativo;22/01/2025 08:50;
9348065;MAERSK MONTE ALEGRE;Container Ship;MAERSK;Maersk Group;Gemini Cooperation;Rio de Janeiro;ICTSI;19/11/2025 17:10;
9348065;MAERSK MONTE ALEGRE;Container Ship;MAERSK;Maersk Group;Gemini Cooperation;Rio de Janeiro;ICTSI;26/12/2025 04:05;
9348065;MAERSK MONTE ALEGRE;Container Ship;MAERSK;Maersk Group;Gemini Cooperation;Rio de Janeiro;ICTSI;27/01/2025 10:40;
9348065;MAERSK MONTE ALEGRE;Container Ship;MAERSK;Maersk Group;Gemini Cooperation;Rio Grande;Cais Tecon Rio Grande S.A.;23/09/2025 16:45;
9348065;MAERSK MONTE ALEGRE;Container Ship;MAERSK;Maersk Group;Gemini Cooperation;Rio de Janeiro;ICTSI;12/08/2025 10:55;
9348065;MAERSK MONTE ALEGRE;Container Ship;MAERSK;Maersk Group;Gemini Cooperation;Santos;Cais da BTP (SSZ 41) - Privativo;04/05/2025 14:58;
9348065;MAERSK MONTE ALEGRE;Container Ship;MAERSK;Maersk Group;Gemini Cooperation;Santos;Cais da BTP (SSZ 41) - Privativo;21/06/2025 21:42;
9348065;MAERSK MONTE ALEGRE;Container Ship;MAERSK;Maersk Group;Gemini Cooperation;Rio Grande;Cais Tecon Rio Grande S.A.;05/08/2025 14:55;
9622239;SAN AUGUSTIN MAERSK;Container Ship;MAERSK;Maersk Group;Gemini Cooperation;Paranaguá;TCP;09/05/2025 13:34;
9622239;SAN AUGUSTIN MAERSK;Container Ship;MAERSK;Maersk Group;Gemini Cooperation;Santos;Cais da Santos Brasil (SSZ 16) - Privativo;09/03/2025 06:18;
9622239;SAN AUGUSTIN MAERSK;Container Ship;MAERSK;Maersk Group;Gemini Cooperation;Santos;Cais da Santos Brasil (SSZ 16) - Privativo;22/02/2025 01:25;
9622239;SAN AUGUSTIN MAERSK;Container Ship;MAERSK;Maersk Group;Gemini Cooperation;Santos;Cais da Santos Brasil (SSZ 16) - Privativo;05/01/2025 22:23;
9622239;SAN AUGUSTIN MAERSK;Container Ship;MAERSK;Maersk Group;Gemini Cooperation;Paranaguá;TCP;28/04/2025 13:19;
9622239;SAN AUGUSTIN MAERSK;Container Ship;MAERSK;Maersk Group;Gemini Cooperation;Santos;Cais da BTP (SSZ 41) - Privativo;26/04/2025 15:05;
9622239;SAN AUGUSTIN MAERSK;Container Ship;MAERSK;Maersk Group;Gemini Cooperation;Paranaguá;TCP;01/07/2025 01:50;
9622239;SAN AUGUSTIN MAERSK;Container Ship;MAERSK;Maersk Group;Gemini Cooperation;Paranaguá;TCP;24/02/2025 11:35;
9622239;SAN AUGUSTIN MAERSK;Container Ship;MAERSK;Maersk Group;Gemini Cooperation;Paranaguá;TCP;07/03/2025 06:17;
9622239;SAN AUGUSTIN MAERSK;Container Ship;MAERSK;Maersk Group;Gemini Cooperation;Santos;Cais da BTP (SSZ 41) - Privativo;11/05/2025 16:11;
9622239;SAN AUGUSTIN MAERSK;Container Ship;MAERSK;Maersk Group;Gemini Cooperation;Paranaguá;TCP;13/07/2025 18:45;
9622239;SAN AUGUSTIN MAERSK;Container Ship;MAERSK;Maersk Group;Gemini Cooperation;Rio Grande;Cais Tecon Rio Grande S.A.;02/01/2025 03:05;
9622239;SAN AUGUSTIN MAERSK;Container Ship;MAERSK;Maersk Group;Gemini Cooperation;Rio Grande;Cais Tecon Rio Grande S.A.;07/05/2025 02:40;
9622239;SAN AUGUSTIN MAERSK;Container Ship;MAERSK;Maersk Group;Gemini Cooperation;Rio Grande;Cais Tecon Rio Grande S.A.;04/03/2025 15:25;
9622239;SAN AUGUSTIN MAERSK;Container Ship;MAERSK;Maersk Group;Gemini Cooperation;Santos;Cais da BTP (SSZ 41) - Privativo;27/06/2025 22:20;
9785469;MSC EUGENIA;Container Ship;MSC;MSC;MSC (standalone);Paranaguá;TCP;28/05/2025 04:55;
9785469;MSC EUGENIA;Container Ship;MSC;MSC;MSC (standalone);Portonave - Terminais Portuários de Navegantes;Portonave - Terminais Portuários de Navegantes;12/03/2025 16:00;
9785469;MSC EUGENIA;Container Ship;MSC;MSC;MSC (standalone);Paranaguá;TCP;07/01/2025 02:25;
9785469;MSC EUGENIA;Container Ship;MSC;MSC;MSC (standalone);Salvador;TECON;03/06/2025 12:00;
9785469;MSC EUGENIA;Container Ship;MSC;MSC;MSC (standalone);Rio de Janeiro;Multi-Rio;11/05/2025 12:05;
9785469;MSC EUGENIA;Container Ship;MSC;MSC;MSC (standalone);Rio Grande;Cais Tecon Rio Grande S.A.;25/05/2025 12:00;
9785469;MSC EUGENIA;Container Ship;MSC;MSC;MSC (standalone);Salvador;TECON Área 2;23/03/2025 08:10;
9785469;MSC EUGENIA;Container Ship;MSC;MSC;MSC (standalone);Rio Grande;Cais Tecon Rio Grande S.A.;08/03/2025 12:30;
9785469;MSC EUGENIA;Container Ship;MSC;MSC;MSC (standalone);Rio de Janeiro;Multi-Rio;01/06/2025 07:55;
9785469;MSC EUGENIA;Container Ship;MSC;MSC;MSC (standalone);Paranaguá;TCP;15/03/2025 05:55;
9785469;MSC EUGENIA;Container Ship;MSC;MSC;MSC (standalone);Rio Grande;Cais Tecon Rio Grande S.A.;02/01/2025 04:10;
9785469;MSC EUGENIA;Container Ship;MSC;MSC;MSC (standalone);Santos;Cais da BTP (SSZ 41) - Privativo;17/03/2025 13:10;
9785469;MSC EUGENIA;Container Ship;MSC;MSC;MSC (standalone);Rio de Janeiro;Multi-Rio;25/02/2025 05:15;
9785469;MSC EUGENIA;Container Ship;MSC;MSC;MSC (standalone);Santos;Cais da BTP (SSZ 41) - Privativo;13/05/2025 19:04;
9785469;MSC EUGENIA;Container Ship;MSC;MSC;MSC (standalone);Portonave - Terminais Portuários de Navegantes;Portonave - Terminais Portuários de Navegantes;27/05/2025 10:54;
9785469;MSC EUGENIA;Container Ship;MSC;MSC;MSC (standalone);Santos;Cais da BTP (SSZ 41) - Privativo;08/01/2025 07:35;
9785469;MSC EUGENIA;Container Ship;MSC;MSC;MSC (standalone);Rio de Janeiro;Multi-Rio;19/03/2025 19:00;
9785469;MSC EUGENIA;Container Ship;MSC;MSC;MSC (standalone);Santos;Cais da BTP (SSZ 41) - Privativo;27/02/2025 23:51;
9785469;MSC EUGENIA;Container Ship;MSC;MSC;MSC (standalone);Salvador;TECON Área 2;11/01/2025 18:45;
9785469;MSC EUGENIA;Container Ship;MSC;MSC;MSC (standalone);Santos;Cais da BTP (SSZ 41) - Privativo;30/05/2025 02:10;
9928188;MAERSK ACADIA;Container Ship;MAERSK;Maersk Group;Gemini Cooperation;Santos;Cais da Santos Brasil (SSZ 16) - Privativo;26/05/2025 03:21;
9928188;MAERSK ACADIA;Container Ship;MAERSK;Maersk Group;Gemini Cooperation;Rio de Janeiro;ICTSI;04/04/2025 19:00;
9928188;MAERSK ACADIA;Container Ship;MAERSK;Maersk Group;Gemini Cooperation;Santos;Cais da Santos Brasil (SSZ 16) - Privativo;17/02/2025 20:55;
9928188;MAERSK ACADIA;Container Ship;MAERSK;Maersk Group;Gemini Cooperation;Santos;Cais da Santos Brasil (SSZ 16) - Privativo;14/07/2025 02:25;
9928188;MAERSK ACADIA;Container Ship;MAERSK;Maersk Group;Gemini Cooperation;Rio de Janeiro;ICTSI;24/05/2025 12:50;
9928188;MAERSK ACADIA;Container Ship;MAERSK;Maersk Group;Gemini Cooperation;Rio de Janeiro;ICTSI;17/10/2025 19:15;
9928188;MAERSK ACADIA;Container Ship;MAERSK;Maersk Group;Gemini Cooperation;Santos;Cais da Santos Brasil (SSZ 16) - Privativo;07/12/2025 17:01;
9928188;MAERSK ACADIA;Container Ship;MAERSK;Maersk Group;Gemini Cooperation;Rio de Janeiro;ICTSI;15/02/2025 15:30;
9928188;MAERSK ACADIA;Container Ship;MAERSK;Maersk Group;Gemini Cooperation;Santos;Cais da Santos Brasil (SSZ 16) - Privativo;30/12/2024 23:08;
9928188;MAERSK ACADIA;Container Ship;MAERSK;Maersk Group;Gemini Cooperation;Rio de Janeiro;ICTSI;06/12/2025 03:20;
9928188;MAERSK ACADIA;Container Ship;MAERSK;Maersk Group;Gemini Cooperation;Santos;Cais da Santos Brasil (SSZ 16) - Privativo;19/10/2025 22:44;
9928188;MAERSK ACADIA;Container Ship;MAERSK;Maersk Group;Gemini Cooperation;Santos;Cais da Santos Brasil (SSZ 16) - Privativo;06/04/2025 08:20;
9928188;MAERSK ACADIA;Container Ship;MAERSK;Maersk Group;Gemini Cooperation;Santos;Cais da Santos Brasil (SSZ 16) - Privativo;02/09/2025 02:09;
9928188;MAERSK ACADIA;Container Ship;MAERSK;Maersk Group;Gemini Cooperation;Rio de Janeiro;ICTSI;12/07/2025 03:00;
9928188;MAERSK ACADIA;Container Ship;MAERSK;Maersk Group;Gemini Cooperation;Rio de Janeiro;ICTSI;30/08/2025 10:45;
9262118;XIN CHONG QING;Container Ship;UNKNOWN;UNKNOWN;Unknown;Rio de Janeiro;ICTSI;06/08/2025 20:05;
9262118;XIN CHONG QING;Container Ship;UNKNOWN;UNKNOWN;Unknown;Santos;Cais da Santos Brasil (SSZ 16) - Privativo;22/09/2025 02:22;
9262118;XIN CHONG QING;Container Ship;UNKNOWN;UNKNOWN;Unknown;Rio de Janeiro;ICTSI;13/01/2025 23:50;
9262118;XIN CHONG QING;Container Ship;UNKNOWN;UNKNOWN;Unknown;Rio de Janeiro;ICTSI;06/10/2025 16:40;
9262118;XIN CHONG QING;Container Ship;UNKNOWN;UNKNOWN;Unknown;Santos;Cais da Santos Brasil (SSZ 16) - Privativo;24/11/2025 14:48;
9262118;XIN CHONG QING;Container Ship;UNKNOWN;UNKNOWN;Unknown;Rio de Janeiro;ICTSI;26/05/2025 12:10;
9262118;XIN CHONG QING;Container Ship;UNKNOWN;UNKNOWN;Unknown;Santos;Cais da Santos Brasil (SSZ 16) - Privativo;20/07/2025 20:27;
9262118;XIN CHONG QING;Container Ship;UNKNOWN;UNKNOWN;Unknown;Santos;Cais da Santos Brasil (SSZ 16) - Privativo;18/12/2025 08:45;
9262118;XIN CHONG QING;Container Ship;UNKNOWN;UNKNOWN;Unknown;Santos;Cais da Santos Brasil (SSZ 16) - Privativo;04/10/2025 15:15;
9262118;XIN CHONG QING;Container Ship;UNKNOWN;UNKNOWN;Unknown;Paranaguá;TCP;30/11/2025 10:50;
9531909;HANS SCHULTE;Container Ship;UNKNOWN;UNKNOWN;Unknown;Rio de Janeiro;ICTSI;22/11/2025 18:10;
9531909;HANS SCHULTE;Container Ship;UNKNOWN;UNKNOWN;Unknown;Salvador;TECON;25/11/2025 10:25;
9531909;HANS SCHULTE;Container Ship;UNKNOWN;UNKNOWN;Unknown;Santos;Cais da Santos Brasil (SSZ 16) - Privativo;25/07/2025 14:45;
9531909;HANS SCHULTE;Container Ship;UNKNOWN;UNKNOWN;Unknown;Paranaguá;TCP;18/03/2025 04:20;
9531909;HANS SCHULTE;Container Ship;UNKNOWN;UNKNOWN;Unknown;Santos;Cais da Santos Brasil (SSZ 16) - Privativo;05/06/2025 01:25;
9531909;HANS SCHULTE;Container Ship;UNKNOWN;UNKNOWN;Unknown;Salvador;TECON;03/10/2025 03:45;
9531909;HANS SCHULTE;Container Ship;UNKNOWN;UNKNOWN;Unknown;Paranaguá;TCP;26/07/2025 14:15;
9531909;HANS SCHULTE;Container Ship;UNKNOWN;UNKNOWN;Unknown;Paranaguá;TCP;14/01/2025 01:30;
9531909;HANS SCHULTE;Container Ship;UNKNOWN;UNKNOWN;Unknown;Paranaguá;TCP;31/05/2025 17:40;
9531909;HANS SCHULTE;Container Ship;UNKNOWN;UNKNOWN;Unknown;Santos;Cais da Santos Brasil (SSZ 16) - Privativo;24/09/2025 20:54;
9531909;HANS SCHULTE;Container Ship;UNKNOWN;UNKNOWN;Unknown;Salvador;TECON Área 2;08/08/2025 11:55;
9531909;HANS SCHULTE;Container Ship;UNKNOWN;UNKNOWN;Unknown;Rio de Janeiro;ICTSI;28/09/2025 17:15;
9531909;HANS SCHULTE;Container Ship;UNKNOWN;UNKNOWN;Unknown;Santos;Cais da Santos Brasil (SSZ 16) - Privativo;13/11/2025 19:03;
9531909;HANS SCHULTE;Container Ship;UNKNOWN;UNKNOWN;Unknown;Salvador;TECON;09/06/2025 14:00;
9531909;HANS SCHULTE;Container Ship;UNKNOWN;UNKNOWN;Unknown;Santos;Cais da Santos Brasil (SSZ 16) - Privativo;03/08/2025 04:42;
9531909;HANS SCHULTE;Container Ship;UNKNOWN;UNKNOWN;Unknown;Santos;Cais da Santos Brasil (SSZ 16) - Privativo;20/11/2025 17:40;
9964481;MAERSK EL PALOMAR;Container Ship;MAERSK;Maersk Group;Gemini Cooperation;Santos;Cais da BTP (SSZ 41) - Privativo;21/01/2025 03:25;
9964481;MAERSK EL PALOMAR;Container Ship;MAERSK;Maersk Group;Gemini Cooperation;Paranaguá;TCP;06/01/2025 09:48;
9964481;MAERSK EL PALOMAR;Container Ship;MAERSK;Maersk Group;Gemini Cooperation;Paranaguá;TCP;19/01/2025 21:00;
9964481;MAERSK EL PALOMAR;Container Ship;MAERSK;Maersk Group;Gemini Cooperation;Santos;Cais da Santos Brasil (SSZ 16) - Privativo;04/01/2025 00:25;
9702261;MSC SARA ELENA;Container Ship;MSC;MSC;MSC (standalone);Santos;Cais da Santos Brasil (SSZ 16) - Privativo;07/05/2025 06:06;
9702261;MSC SARA ELENA;Container Ship;MSC;MSC;MSC (standalone);Portonave - Terminais Portuários de Navegantes;Portonave - Terminais Portuários de Navegantes;17/09/2025 10:36;
9702261;MSC SARA ELENA;Container Ship;MSC;MSC;MSC (standalone);Santos;Cais da Santos Brasil (SSZ 16) - Privativo;23/01/2025 21:26;
9702261;MSC SARA ELENA;Container Ship;MSC;MSC;MSC (standalone);Portonave - Terminais Portuários de Navegantes;Portonave - Terminais Portuários de Navegantes;15/07/2025 08:18;
9702261;MSC SARA ELENA;Container Ship;MSC;MSC;MSC (standalone);Rio de Janeiro;Multi-Rio;20/01/2025 09:50;
9702261;MSC SARA ELENA;Container Ship;MSC;MSC;MSC (standalone);Santos;Cais da BTP (SSZ 41) - Privativo;19/07/2025 13:50;
9702261;MSC SARA ELENA;Container Ship;MSC;MSC;MSC (standalone);Santos;Cais da Santos Brasil (SSZ 16) - Privativo;10/07/2025 05:15;
9702261;MSC SARA ELENA;Container Ship;MSC;MSC;MSC (standalone);Rio de Janeiro;Multi-Rio;25/05/2025 16:00;
9702261;MSC SARA ELENA;Container Ship;MSC;MSC;MSC (standalone);Paranaguá;TCP;08/05/2025 14:40;
9702261;MSC SARA ELENA;Container Ship;MSC;MSC;MSC (standalone);Santos;Cais da BTP (SSZ 41) - Privativo;03/02/2025 13:32;
9702261;MSC SARA ELENA;Container Ship;MSC;MSC;MSC (standalone);Paranaguá;TCP;27/09/2025 20:00;
9702261;MSC SARA ELENA;Container Ship;MSC;MSC;MSC (standalone);Rio de Janeiro;Multi-Rio;07/07/2025 19:30;
9702261;MSC SARA ELENA;Container Ship;MSC;MSC;MSC (standalone);Rio de Janeiro;Multi-Rio;14/09/2025 20:20;
9702261;MSC SARA ELENA;Container Ship;MSC;MSC;MSC (standalone);Santos;Cais da BTP (SSZ 41) - Privativo;19/05/2025 14:30;
9702261;MSC SARA ELENA;Container Ship;MSC;MSC;MSC (standalone);Terminal Portuário do Pecém;Terminal Portuário do Pecém;16/02/2025 17:24;
9702261;MSC SARA ELENA;Container Ship;MSC;MSC;MSC (standalone);Rio de Janeiro;Multi-Rio;22/07/2025 08:30;
9702261;MSC SARA ELENA;Container Ship;MSC;MSC;MSC (standalone);Itajaí;Cais Arrendado Transitoriamente;30/09/2025 04:13;
9702261;MSC SARA ELENA;Container Ship;MSC;MSC;MSC (standalone);Rio de Janeiro;Multi-Rio;05/05/2025 01:40;
9702261;MSC SARA ELENA;Container Ship;MSC;MSC;MSC (standalone);Rio de Janeiro;Multi-Rio;08/02/2025 10:50;
9702261;MSC SARA ELENA;Container Ship;MSC;MSC;MSC (standalone);Portonave - Terminais Portuários de Navegantes;Portonave - Terminais Portuários de Navegantes;17/05/2025 11:42;
9702261;MSC SARA ELENA;Container Ship;MSC;MSC;MSC (standalone);Paranaguá;TCP;30/01/2025 06:25;
9702261;MSC SARA ELENA;Container Ship;MSC;MSC;MSC (standalone);Santos;Cais da Santos Brasil (SSZ 16) - Privativo;11/09/2025 10:20;
9702261;MSC SARA ELENA;Container Ship;MSC;MSC;MSC (standalone);Santos;Cais da BTP (SSZ 41) - Privativo;04/10/2025 22:20;
9793923;ESPIRITO SANTO EXP;Container Ship;HAPAG-LLOYD;Hapag-Lloyd;Gemini Cooperation;Rio Grande;Cais Tecon Rio Grande S.A.;19/12/2025 18:00;
9793923;ESPIRITO SANTO EXP;Container Ship;HAPAG-LLOYD;Hapag-Lloyd;Gemini Cooperation;Santos;Cais da BTP (SSZ 41) - Privativo;31/07/2025 20:45;
9793923;ESPIRITO SANTO EXP;Container Ship;HAPAG-LLOYD;Hapag-Lloyd;Gemini Cooperation;Paranaguá;TCP;08/08/2025 05:25;
9793923;ESPIRITO SANTO EXP;Container Ship;HAPAG-LLOYD;Hapag-Lloyd;Gemini Cooperation;Rio Grande;Cais Tecon Rio Grande S.A.;06/02/2025 03:40;
9793923;ESPIRITO SANTO EXP;Container Ship;HAPAG-LLOYD;Hapag-Lloyd;Gemini Cooperation;Rio Grande;Cais Tecon Rio Grande S.A.;13/05/2025 07:00;
9793923;ESPIRITO SANTO EXP;Container Ship;HAPAG-LLOYD;Hapag-Lloyd;Gemini Cooperation;Portonave - Terminais Portuários de Navegantes;Portonave - Terminais Portuários de Navegantes;15/05/2025 12:48;
9793923;ESPIRITO SANTO EXP;Container Ship;HAPAG-LLOYD;Hapag-Lloyd;Gemini Cooperation;Paranaguá;TCP;08/02/2025 13:55;
9793923;ESPIRITO SANTO EXP;Container Ship;HAPAG-LLOYD;Hapag-Lloyd;Gemini Cooperation;Paranaguá;TCP;23/12/2025 19:30;
9793923;ESPIRITO SANTO EXP;Container Ship;HAPAG-LLOYD;Hapag-Lloyd;Gemini Cooperation;Santos;Cais da BTP (SSZ 41) - Privativo;28/08/2025 00:30;
9793923;ESPIRITO SANTO EXP;Container Ship;HAPAG-LLOYD;Hapag-Lloyd;Gemini Cooperation;Portonave - Terminais Portuários de Navegantes;Portonave - Terminais Portuários de Navegantes;26/01/2025 23:12;
9793923;ESPIRITO SANTO EXP;Container Ship;HAPAG-LLOYD;Hapag-Lloyd;Gemini Cooperation;Santos;Cais da BTP (SSZ 41) - Privativo;21/05/2025 00:08;
9793923;ESPIRITO SANTO EXP;Container Ship;HAPAG-LLOYD;Hapag-Lloyd;Gemini Cooperation;Portonave - Terminais Portuários de Navegantes;Portonave - Terminais Portuários de Navegantes;24/08/2025 00:42;
9793923;ESPIRITO SANTO EXP;Container Ship;HAPAG-LLOYD;Hapag-Lloyd;Gemini Cooperation;Santos;Cais da BTP (SSZ 41) - Privativo;14/02/2025 14:35;
9793923;ESPIRITO SANTO EXP;Container Ship;HAPAG-LLOYD;Hapag-Lloyd;Gemini Cooperation;Santos;Cais da BTP (SSZ 41) - Privativo;27/12/2025 19:39;
9793923;ESPIRITO SANTO EXP;Container Ship;HAPAG-LLOYD;Hapag-Lloyd;Gemini Cooperation;Santos;Cais da BTP (SSZ 41) - Privativo;29/04/2025 14:25;
9793923;ESPIRITO SANTO EXP;Container Ship;HAPAG-LLOYD;Hapag-Lloyd;Gemini Cooperation;Rio Grande;Cais Tecon Rio Grande S.A.;19/08/2025 04:35;
9793923;ESPIRITO SANTO EXP;Container Ship;HAPAG-LLOYD;Hapag-Lloyd;Gemini Cooperation;Portonave - Terminais Portuários de Navegantes;Portonave - Terminais Portuários de Navegantes;10/02/2025 02:18;
9793923;ESPIRITO SANTO EXP;Container Ship;HAPAG-LLOYD;Hapag-Lloyd;Gemini Cooperation;Portonave - Terminais Portuários de Navegantes;Portonave - Terminais Portuários de Navegantes;08/12/2025 13:30;
9793923;ESPIRITO SANTO EXP;Container Ship;HAPAG-LLOYD;Hapag-Lloyd;Gemini Cooperation;Portonave - Terminais Portuários de Navegantes;Portonave - Terminais Portuários de Navegantes;05/05/2025 04:12;
9793923;ESPIRITO SANTO EXP;Container Ship;HAPAG-LLOYD;Hapag-Lloyd;Gemini Cooperation;Santos;Cais da BTP (SSZ 41) - Privativo;24/01/2025 13:35;
9793923;ESPIRITO SANTO EXP;Container Ship;HAPAG-LLOYD;Hapag-Lloyd;Gemini Cooperation;Portonave - Terminais Portuários de Navegantes;Portonave - Terminais Portuários de Navegantes;02/08/2025 23:36;
9793923;ESPIRITO SANTO EXP;Container Ship;HAPAG-LLOYD;Hapag-Lloyd;Gemini Cooperation;Paranaguá;TCP;28/01/2025 02:53;
9793923;ESPIRITO SANTO EXP;Container Ship;HAPAG-LLOYD;Hapag-Lloyd;Gemini Cooperation;Paranaguá;TCP;17/05/2025 03:26;
9793923;ESPIRITO SANTO EXP;Container Ship;HAPAG-LLOYD;Hapag-Lloyd;Gemini Cooperation;Santos;Cais da BTP (SSZ 41) - Privativo;02/12/2025 02:25;
9793923;ESPIRITO SANTO EXP;Container Ship;HAPAG-LLOYD;Hapag-Lloyd;Gemini Cooperation;Paranaguá;TCP;03/05/2025 06:52;
9302102;RDO ENDEAVOUR;Container Ship;UNKNOWN;UNKNOWN;Unknown;Rio de Janeiro;Multi-Rio;22/01/2025 05:00;
9302102;RDO ENDEAVOUR;Container Ship;UNKNOWN;UNKNOWN;Unknown;Portonave - Terminais Portuários de Navegantes;Portonave - Terminais Portuários de Navegantes;27/03/2025 11:36;
9302102;RDO ENDEAVOUR;Container Ship;UNKNOWN;UNKNOWN;Unknown;Rio Grande;Cais Tecon Rio Grande S.A.;03/06/2025 12:45;
9302102;RDO ENDEAVOUR;Container Ship;UNKNOWN;UNKNOWN;Unknown;Rio Grande;Cais Tecon Rio Grande S.A.;11/08/2025 17:50;
9302102;RDO ENDEAVOUR;Container Ship;UNKNOWN;UNKNOWN;Unknown;Itajaí;Cais Arrendado Transitoriamente;14/08/2025 17:20;
9302102;RDO ENDEAVOUR;Container Ship;UNKNOWN;UNKNOWN;Unknown;Paranaguá;TCP;06/06/2025 23:38;
9302102;RDO ENDEAVOUR;Container Ship;UNKNOWN;UNKNOWN;Unknown;Rio de Janeiro;Multi-Rio;01/04/2025 21:50;
9302102;RDO ENDEAVOUR;Container Ship;UNKNOWN;UNKNOWN;Unknown;Rio Grande;Cais Tecon Rio Grande S.A.;03/01/2025 11:36;
9605231;MSC DAKAR X;Container Ship;MSC;MSC;MSC (standalone);Rio Grande;Cais Tecon Rio Grande S.A.;21/03/2025 04:45;
9605231;MSC DAKAR X;Container Ship;MSC;MSC;MSC (standalone);Rio de Janeiro;Multi-Rio;05/10/2025 08:00;
9605231;MSC DAKAR X;Container Ship;MSC;MSC;MSC (standalone);Santos;Cais da BTP (SSZ 41) - Privativo;12/01/2025 01:25;
9605231;MSC DAKAR X;Container Ship;MSC;MSC;MSC (standalone);Rio de Janeiro;Multi-Rio;12/03/2025 02:55;
9605231;MSC DAKAR X;Container Ship;MSC;MSC;MSC (standalone);Rio de Janeiro;Multi-Rio;22/01/2025 10:15;
9605231;MSC DAKAR X;Container Ship;MSC;MSC;MSC (standalone);Salvador;TECON Área 2;04/07/2025 17:40;
9605231;MSC DAKAR X;Container Ship;MSC;MSC;MSC (standalone);Santos;Cais da BTP (SSZ 41) - Privativo;07/10/2025 19:32;
9605231;MSC DAKAR X;Container Ship;MSC;MSC;MSC (standalone);Salvador;TECON Área 2;27/01/2025 01:40;
9605231;MSC DAKAR X;Container Ship;MSC;MSC;MSC (standalone);Terminal Portuário do Pecém;Terminal Portuário do Pecém;21/09/2025 10:44;
9605231;MSC DAKAR X;Container Ship;MSC;MSC;MSC (standalone);Rio Grande;Cais Tecon Rio Grande S.A.;04/01/2025 20:45;
9605231;MSC DAKAR X;Container Ship;MSC;MSC;MSC (standalone);Terminal Portuário do Pecém;Terminal Portuário do Pecém;28/06/2025 07:40;
9605231;MSC DAKAR X;Container Ship;MSC;MSC;MSC (standalone);Terminal Portuário do Pecém;Terminal Portuário do Pecém;27/06/2025 18:51;
9605231;MSC DAKAR X;Container Ship;MSC;MSC;MSC (standalone);Santos;Cais da BTP (SSZ 41) - Privativo;30/03/2025 23:10;
9605231;MSC DAKAR X;Container Ship;MSC;MSC;MSC (standalone);Santos;Cais da Santos Brasil (SSZ 16) - Privativo;14/03/2025 02:45;
9605231;MSC DAKAR X;Container Ship;MSC;MSC;MSC (standalone);Itajaí;Cais Arrendado Transitoriamente;29/03/2025 05:50;
9605231;MSC DAKAR X;Container Ship;MSC;MSC;MSC (standalone);Salvador;TECON Área 2;28/09/2025 05:00;
9744685;TIGER PLATA;Container Ship;UNKNOWN;UNKNOWN;Unknown;Rio Grande;Cais Tecon Rio Grande S.A.;30/05/2025 19:05;
9744685;TIGER PLATA;Container Ship;UNKNOWN;UNKNOWN;Unknown;Rio Grande;Cais Tecon Rio Grande S.A.;10/08/2025 13:00;
9744685;TIGER PLATA;Container Ship;UNKNOWN;UNKNOWN;Unknown;Rio Grande;Cais Tecon Rio Grande S.A.;04/05/2025 06:40;
9744685;TIGER PLATA;Container Ship;UNKNOWN;UNKNOWN;Unknown;Rio Grande;Cais Tecon Rio Grande S.A.;02/04/2025 00:35;
9744685;TIGER PLATA;Container Ship;UNKNOWN;UNKNOWN;Unknown;Rio Grande;Cais Tecon Rio Grande S.A.;31/01/2025 20:23;
9744685;TIGER PLATA;Container Ship;UNKNOWN;UNKNOWN;Unknown;Rio Grande;Cais Tecon Rio Grande S.A.;30/06/2025 10:50;
9744685;TIGER PLATA;Container Ship;UNKNOWN;UNKNOWN;Unknown;Rio Grande;Cais Tecon Rio Grande S.A.;19/04/2025 00:50;
9744685;TIGER PLATA;Container Ship;UNKNOWN;UNKNOWN;Unknown;Rio Grande;Cais Tecon Rio Grande S.A.;05/01/2025 12:30;
9744685;TIGER PLATA;Container Ship;UNKNOWN;UNKNOWN;Unknown;Rio Grande;Cais Tecon Rio Grande S.A.;17/01/2025 08:50;
9744685;TIGER PLATA;Container Ship;UNKNOWN;UNKNOWN;Unknown;Rio Grande;Cais Tecon Rio Grande S.A.;11/05/2025 19:00;
9744685;TIGER PLATA;Container Ship;UNKNOWN;UNKNOWN;Unknown;Rio Grande;Cais Tecon Rio Grande S.A.;27/04/2025 00:45;
9744685;TIGER PLATA;Container Ship;UNKNOWN;UNKNOWN;Unknown;Rio Grande;Cais Tecon Rio Grande S.A.;04/03/2025 02:55;
9744685;TIGER PLATA;Container Ship;UNKNOWN;UNKNOWN;Unknown;Rio Grande;Cais Tecon Rio Grande S.A.;24/10/2025 17:10;
9744685;TIGER PLATA;Container Ship;UNKNOWN;UNKNOWN;Unknown;Rio Grande;Cais Tecon Rio Grande S.A.;11/01/2025 16:20;
9744685;TIGER PLATA;Container Ship;UNKNOWN;UNKNOWN;Unknown;Rio Grande;Cais Tecon Rio Grande S.A.;11/04/2025 12:10;
9744685;TIGER PLATA;Container Ship;UNKNOWN;UNKNOWN;Unknown;Rio Grande;Cais Tecon Rio Grande S.A.;24/03/2025 09:35;
9744685;TIGER PLATA;Container Ship;UNKNOWN;UNKNOWN;Unknown;Rio Grande;Cais Tecon Rio Grande S.A.;18/05/2025 16:30;
9744685;TIGER PLATA;Container Ship;UNKNOWN;UNKNOWN;Unknown;Rio Grande;Cais Tecon Rio Grande S.A.;15/02/2025 07:45;
9744685;TIGER PLATA;Container Ship;UNKNOWN;UNKNOWN;Unknown;Rio Grande;Cais Tecon Rio Grande S.A.;28/09/2025 10:15;
9744685;TIGER PLATA;Container Ship;UNKNOWN;UNKNOWN;Unknown;Rio Grande;Cais Tecon Rio Grande S.A.;06/12/2025 02:50;
9744685;TIGER PLATA;Container Ship;UNKNOWN;UNKNOWN;Unknown;Rio Grande;Cais Tecon Rio Grande S.A.;25/07/2025 17:05;
9744685;TIGER PLATA;Container Ship;UNKNOWN;UNKNOWN;Unknown;Rio Grande;Cais Tecon Rio Grande S.A.;15/06/2025 10:00;
9744685;TIGER PLATA;Container Ship;UNKNOWN;UNKNOWN;Unknown;Rio Grande;Cais Tecon Rio Grande S.A.;07/02/2025 22:45;
9744685;TIGER PLATA;Container Ship;UNKNOWN;UNKNOWN;Unknown;Rio Grande;Cais Tecon Rio Grande S.A.;17/10/2025 12:05;
9744685;TIGER PLATA;Container Ship;UNKNOWN;UNKNOWN;Unknown;Rio Grande;Cais Tecon Rio Grande S.A.;18/07/2025 19:10;
9744685;TIGER PLATA;Container Ship;UNKNOWN;UNKNOWN;Unknown;Rio Grande;Cais Tecon Rio Grande S.A.;02/09/2025 00:20;
9744685;TIGER PLATA;Container Ship;UNKNOWN;UNKNOWN;Unknown;Rio Grande;Cais Tecon Rio Grande S.A.;13/09/2025 03:30;
9744685;TIGER PLATA;Container Ship;UNKNOWN;UNKNOWN;Unknown;Rio Grande;Cais Tecon Rio Grande S.A.;16/11/2025 08:15;
9744685;TIGER PLATA;Container Ship;UNKNOWN;UNKNOWN;Unknown;Rio Grande;Cais Tecon Rio Grande S.A.;24/01/2025 22:20;
9744685;TIGER PLATA;Container Ship;UNKNOWN;UNKNOWN;Unknown;Rio Grande;Cais Tecon Rio Grande S.A.;19/12/2025 04:45;
9744685;TIGER PLATA;Container Ship;UNKNOWN;UNKNOWN;Unknown;Rio Grande;Cais Tecon Rio Grande S.A.;26/12/2025 09:45;
9744685;TIGER PLATA;Container Ship;UNKNOWN;UNKNOWN;Unknown;Rio Grande;Cais Tecon Rio Grande S.A.;21/02/2025 10:15;
9744685;TIGER PLATA;Container Ship;UNKNOWN;UNKNOWN;Unknown;Rio Grande;Cais Tecon Rio Grande S.A.;12/03/2025 02:00;
9744685;TIGER PLATA;Container Ship;UNKNOWN;UNKNOWN;Unknown;Rio Grande;Cais Tecon Rio Grande S.A.;13/12/2025 05:50;
9744685;TIGER PLATA;Container Ship;UNKNOWN;UNKNOWN;Unknown;Rio Grande;Cais Tecon Rio Grande S.A.;09/10/2025 23:30;
9744685;TIGER PLATA;Container Ship;UNKNOWN;UNKNOWN;Unknown;Rio Grande;Cais Tecon Rio Grande S.A.;17/03/2025 15:30;
9744685;TIGER PLATA;Container Ship;UNKNOWN;UNKNOWN;Unknown;Rio Grande;Cais Tecon Rio Grande S.A.;27/11/2025 11:05;
9744685;TIGER PLATA;Container Ship;UNKNOWN;UNKNOWN;Unknown;Rio Grande;Cais Tecon Rio Grande S.A.;10/07/2025 15:15;
9744685;TIGER PLATA;Container Ship;UNKNOWN;UNKNOWN;Unknown;Rio Grande;Cais Tecon Rio Grande S.A.;21/06/2025 15:50;
9744685;TIGER PLATA;Container Ship;UNKNOWN;UNKNOWN;Unknown;Rio Grande;Cais Tecon Rio Grande S.A.;20/08/2025 18:04;
9744685;TIGER PLATA;Container Ship;UNKNOWN;UNKNOWN;Unknown;Rio Grande;Cais Tecon Rio Grande S.A.;08/06/2025 03:50;
9744685;TIGER PLATA;Container Ship;UNKNOWN;UNKNOWN;Unknown;Rio Grande;Cais Tecon Rio Grande S.A.;08/11/2025 09:35;
9744685;TIGER PLATA;Container Ship;UNKNOWN;UNKNOWN;Unknown;Rio Grande;Cais Tecon Rio Grande S.A.;04/08/2025 19:00;
9744685;TIGER PLATA;Container Ship;UNKNOWN;UNKNOWN;Unknown;Rio Grande;Cais Tecon Rio Grande S.A.;31/10/2025 16:00;
9362437;CMA CGM PLATON;Container Ship;CMA CGM;CMA CGM Group;Ocean Alliance;Santos;Cais da Santos Brasil (SSZ 16) - Privativo;01/01/2025 21:43;
9362437;CMA CGM PLATON;Container Ship;CMA CGM;CMA CGM Group;Ocean Alliance;Itajaí;Cais Arrendado Transitoriamente;26/02/2025 11:44;
9362437;CMA CGM PLATON;Container Ship;CMA CGM;CMA CGM Group;Ocean Alliance;Santos;Cais da Santos Brasil (SSZ 16) - Privativo;05/04/2025 12:45;
9362437;CMA CGM PLATON;Container Ship;CMA CGM;CMA CGM Group;Ocean Alliance;Santos;Cais da Santos Brasil (SSZ 16) - Privativo;06/02/2025 07:48;
9362437;CMA CGM PLATON;Container Ship;CMA CGM;CMA CGM Group;Ocean Alliance;Santos;Cais da Santos Brasil (SSZ 16) - Privativo;06/05/2025 21:28;
9362437;CMA CGM PLATON;Container Ship;CMA CGM;CMA CGM Group;Ocean Alliance;Rio de Janeiro;ICTSI;08/02/2025 18:20;
9362437;CMA CGM PLATON;Container Ship;CMA CGM;CMA CGM Group;Ocean Alliance;Santos;Cais da Santos Brasil (SSZ 16) - Privativo;22/03/2025 21:45;
9362437;CMA CGM PLATON;Container Ship;CMA CGM;CMA CGM Group;Ocean Alliance;Paranaguá;TCP;21/03/2025 21:21;
9362437;CMA CGM PLATON;Container Ship;CMA CGM;CMA CGM Group;Ocean Alliance;Santos;Cais da Santos Brasil (SSZ 16) - Privativo;20/04/2025 02:48;
9362437;CMA CGM PLATON;Container Ship;CMA CGM;CMA CGM Group;Ocean Alliance;Santos;Cais da Santos Brasil (SSZ 16) - Privativo;24/02/2025 12:40;
9362437;CMA CGM PLATON;Container Ship;CMA CGM;CMA CGM Group;Ocean Alliance;Salvador;TECON Área 2;20/02/2025 01:30;
9362437;CMA CGM PLATON;Container Ship;CMA CGM;CMA CGM Group;Ocean Alliance;Santos;Cais da Santos Brasil (SSZ 16) - Privativo;22/01/2025 01:40;
9633941;CAP SAN MALEAS;Container Ship;HAMBURG SUD;Maersk Group;Gemini Cooperation;Paranaguá;TCP;03/03/2025 06:04;
9633941;CAP SAN MALEAS;Container Ship;HAMBURG SUD;Maersk Group;Gemini Cooperation;Paranaguá;TCP;22/12/2025 04:22;
9633941;CAP SAN MALEAS;Container Ship;HAMBURG SUD;Maersk Group;Gemini Cooperation;Santos;Cais da Santos Brasil (SSZ 16) - Privativo;01/03/2025 03:23;
9633941;CAP SAN MALEAS;Container Ship;HAMBURG SUD;Maersk Group;Gemini Cooperation;Santos;Cais da BTP (SSZ 41) - Privativo;18/03/2025 14:30;
9633941;CAP SAN MALEAS;Container Ship;HAMBURG SUD;Maersk Group;Gemini Cooperation;Paranaguá;TCP;16/03/2025 17:42;
9633941;CAP SAN MALEAS;Container Ship;HAMBURG SUD;Maersk Group;Gemini Cooperation;Paranaguá;TCP;15/06/2025 20:33;
9633941;CAP SAN MALEAS;Container Ship;HAMBURG SUD;Maersk Group;Gemini Cooperation;Paranaguá;TCP;14/09/2025 19:20;
9633941;CAP SAN MALEAS;Container Ship;HAMBURG SUD;Maersk Group;Gemini Cooperation;Rio Grande;Cais Tecon Rio Grande S.A.;07/01/2025 18:20;
9633941;CAP SAN MALEAS;Container Ship;HAMBURG SUD;Maersk Group;Gemini Cooperation;Paranaguá;TCP;10/01/2025 06:12;
9633941;CAP SAN MALEAS;Container Ship;HAMBURG SUD;Maersk Group;Gemini Cooperation;Santos;Cais da Santos Brasil (SSZ 16) - Privativo;11/01/2025 20:15;
9625530;HMM PREMIUM;Container Ship;HMM;HMM;Premier Alliance;Portonave - Terminais Portuários de Navegantes;Portonave - Terminais Portuários de Navegantes;12/01/2025 13:54;
9625530;HMM PREMIUM;Container Ship;HMM;HMM;Premier Alliance;Paranaguá;TCP;11/01/2025 19:50;
9625530;HMM PREMIUM;Container Ship;HMM;HMM;Premier Alliance;Portonave - Terminais Portuários de Navegantes;Portonave - Terminais Portuários de Navegantes;16/04/2025 18:48;
9625530;HMM PREMIUM;Container Ship;HMM;HMM;Premier Alliance;Rio Grande;Cais Tecon Rio Grande S.A.;18/09/2025 00:05;
9625530;HMM PREMIUM;Container Ship;HMM;HMM;Premier Alliance;Rio Grande;Cais Tecon Rio Grande S.A.;28/06/2025 22:15;
9641223;PANAMA EXPRESS;Container Ship;HAPAG-LLOYD;Hapag-Lloyd;Gemini Cooperation;Itajaí;Cais Arrendado Transitoriamente;04/01/2025 03:35;
9641223;PANAMA EXPRESS;Container Ship;HAPAG-LLOYD;Hapag-Lloyd;Gemini Cooperation;Santos;Cais da BTP (SSZ 41) - Privativo;19/01/2025 18:43;
9976202;SEATRADE CHILE;Container Ship;UNKNOWN;UNKNOWN;Unknown;Paranaguá;TCP;24/02/2025 21:50;
9409209;CMA CGM MAUPASSANT;Container Ship;CMA CGM;CMA CGM Group;Ocean Alliance;Salvador;TECON;19/05/2025 10:00;
9409209;CMA CGM MAUPASSANT;Container Ship;CMA CGM;CMA CGM Group;Ocean Alliance;Salvador;TECON Área 2;18/07/2025 00:50;
9409209;CMA CGM MAUPASSANT;Container Ship;CMA CGM;CMA CGM Group;Ocean Alliance;Santos;Cais da Santos Brasil (SSZ 16) - Privativo;11/07/2025 14:34;
9409209;CMA CGM MAUPASSANT;Container Ship;CMA CGM;CMA CGM Group;Ocean Alliance;Rio de Janeiro;ICTSI;14/07/2025 11:20;
9409209;CMA CGM MAUPASSANT;Container Ship;CMA CGM;CMA CGM Group;Ocean Alliance;Paranaguá;TCP;12/05/2025 09:50;
9409209;CMA CGM MAUPASSANT;Container Ship;CMA CGM;CMA CGM Group;Ocean Alliance;Rio de Janeiro;ICTSI;16/05/2025 09:50;
9409209;CMA CGM MAUPASSANT;Container Ship;CMA CGM;CMA CGM Group;Ocean Alliance;Santos;Cais da Santos Brasil (SSZ 16) - Privativo;09/05/2025 07:25;
9409209;CMA CGM MAUPASSANT;Container Ship;CMA CGM;CMA CGM Group;Ocean Alliance;Santos;Cais da Santos Brasil (SSZ 16) - Privativo;04/07/2025 15:25;
9409209;CMA CGM MAUPASSANT;Container Ship;CMA CGM;CMA CGM Group;Ocean Alliance;Salvador;TECON Área 2;28/01/2025 20:18;
9409209;CMA CGM MAUPASSANT;Container Ship;CMA CGM;CMA CGM Group;Ocean Alliance;Paranaguá;TCP;11/01/2025 14:35;
9330707;HYUNDAI FORWARD;Container Ship;HMM;HMM;Premier Alliance;Portonave - Terminais Portuários de Navegantes;Portonave - Terminais Portuários de Navegantes;18/01/2025 13:57;
9330707;HYUNDAI FORWARD;Container Ship;HMM;HMM;Premier Alliance;Paranaguá;TCP;16/01/2025 23:30;
9330707;HYUNDAI FORWARD;Container Ship;HMM;HMM;Premier Alliance;Portonave - Terminais Portuários de Navegantes;Portonave - Terminais Portuários de Navegantes;19/04/2025 20:00;
9686912;JAMAICA EXPRESS;Container Ship;HAPAG-LLOYD;Hapag-Lloyd;Gemini Cooperation;Portonave - Terminais Portuários de Navegantes;Portonave - Terminais Portuários de Navegantes;15/01/2025 10:25;
9686912;JAMAICA EXPRESS;Container Ship;HAPAG-LLOYD;Hapag-Lloyd;Gemini Cooperation;Rio Grande;Cais Tecon Rio Grande S.A.;13/01/2025 17:00;
9686912;JAMAICA EXPRESS;Container Ship;HAPAG-LLOYD;Hapag-Lloyd;Gemini Cooperation;Santos;Cais da Santos Brasil (SSZ 16) - Privativo;16/01/2025 22:25;
9527063;MAERSK LABREA;Container Ship;MAERSK;Maersk Group;Gemini Cooperation;Paranaguá;TCP;16/07/2025 15:10;
9527063;MAERSK LABREA;Container Ship;MAERSK;Maersk Group;Gemini Cooperation;Paranaguá;TCP;31/07/2025 13:45;
9527063;MAERSK LABREA;Container Ship;MAERSK;Maersk Group;Gemini Cooperation;Santos;Cais da BTP (SSZ 41) - Privativo;10/05/2025 09:12;
9527063;MAERSK LABREA;Container Ship;MAERSK;Maersk Group;Gemini Cooperation;Santos;Cais da BTP (SSZ 41) - Privativo;15/11/2025 07:52;
9527063;MAERSK LABREA;Container Ship;MAERSK;Maersk Group;Gemini Cooperation;Rio Grande;Cais Tecon Rio Grande S.A.;14/01/2025 09:50;
9527063;MAERSK LABREA;Container Ship;MAERSK;Maersk Group;Gemini Cooperation;Rio Grande;Cais Tecon Rio Grande S.A.;20/05/2025 14:10;
9527063;MAERSK LABREA;Container Ship;MAERSK;Maersk Group;Gemini Cooperation;Rio Grande;Cais Tecon Rio Grande S.A.;18/03/2025 08:10;
9527063;MAERSK LABREA;Container Ship;MAERSK;Maersk Group;Gemini Cooperation;Santos;Cais da BTP (SSZ 41) - Privativo;12/07/2025 12:55;
9527063;MAERSK LABREA;Container Ship;MAERSK;Maersk Group;Gemini Cooperation;Paranaguá;TCP;21/03/2025 07:55;
9527063;MAERSK LABREA;Container Ship;MAERSK;Maersk Group;Gemini Cooperation;Paranaguá;TCP;23/05/2025 08:45;
9527063;MAERSK LABREA;Container Ship;MAERSK;Maersk Group;Gemini Cooperation;Santos;Cais da Santos Brasil (SSZ 16) - Privativo;22/03/2025 12:30;
9527063;MAERSK LABREA;Container Ship;MAERSK;Maersk Group;Gemini Cooperation;Santos;Cais da BTP (SSZ 41) - Privativo;25/05/2025 07:50;
9527063;MAERSK LABREA;Container Ship;MAERSK;Maersk Group;Gemini Cooperation;Santos;Cais da Santos Brasil (SSZ 16) - Privativo;05/01/2025 13:06;
9527063;MAERSK LABREA;Container Ship;MAERSK;Maersk Group;Gemini Cooperation;Paranaguá;TCP;10/03/2025 09:47;
9527063;MAERSK LABREA;Container Ship;MAERSK;Maersk Group;Gemini Cooperation;Paranaguá;TCP;26/09/2025 19:16;
9527063;MAERSK LABREA;Container Ship;MAERSK;Maersk Group;Gemini Cooperation;Paranaguá;TCP;17/01/2025 07:23;
9527063;MAERSK LABREA;Container Ship;MAERSK;Maersk Group;Gemini Cooperation;Santos;Cais da BTP (SSZ 41) - Privativo;28/09/2025 11:58;
9527063;MAERSK LABREA;Container Ship;MAERSK;Maersk Group;Gemini Cooperation;Santos;Cais da Santos Brasil (SSZ 16) - Privativo;08/03/2025 05:52;
9527063;MAERSK LABREA;Container Ship;MAERSK;Maersk Group;Gemini Cooperation;Paranaguá;TCP;12/05/2025 10:17;
9527063;MAERSK LABREA;Container Ship;MAERSK;Maersk Group;Gemini Cooperation;Rio Grande;Cais Tecon Rio Grande S.A.;25/11/2025 15:25;
9527063;MAERSK LABREA;Container Ship;MAERSK;Maersk Group;Gemini Cooperation;Paranaguá;TCP;15/09/2025 12:08;
9527063;MAERSK LABREA;Container Ship;MAERSK;Maersk Group;Gemini Cooperation;Santos;Cais da BTP (SSZ 41) - Privativo;30/11/2025 14:37;
9527063;MAERSK LABREA;Container Ship;MAERSK;Maersk Group;Gemini Cooperation;Santos;Cais da Santos Brasil (SSZ 16) - Privativo;19/01/2025 12:25;
9527063;MAERSK LABREA;Container Ship;MAERSK;Maersk Group;Gemini Cooperation;Paranaguá;TCP;28/11/2025 12:57;
9527063;MAERSK LABREA;Container Ship;MAERSK;Maersk Group;Gemini Cooperation;Santos;Cais da BTP (SSZ 41) - Privativo;13/09/2025 08:55;
9778399;BRIGHT;Container Ship;UNKNOWN;UNKNOWN;Unknown;Santos;Cais da Santos Brasil (SSZ 16) - Privativo;11/03/2025 10:25;
9778399;BRIGHT;Container Ship;UNKNOWN;UNKNOWN;Unknown;Santos;Cais da Santos Brasil (SSZ 16) - Privativo;07/01/2025 13:15;
9778399;BRIGHT;Container Ship;UNKNOWN;UNKNOWN;Unknown;Paranaguá;TCP;09/03/2025 20:10;
9778399;BRIGHT;Container Ship;UNKNOWN;UNKNOWN;Unknown;Santos;Cais da Santos Brasil (SSZ 16) - Privativo;28/02/2025 02:50;
9928205;MAERSK EVERGLADES;Container Ship;MAERSK;Maersk Group;Gemini Cooperation;Santos;Cais da Santos Brasil (SSZ 16) - Privativo;14/09/2025 13:12;
9928205;MAERSK EVERGLADES;Container Ship;MAERSK;Maersk Group;Gemini Cooperation;Rio de Janeiro;ICTSI;28/02/2025 23:25;
9928205;MAERSK EVERGLADES;Container Ship;MAERSK;Maersk Group;Gemini Cooperation;Rio de Janeiro;ICTSI;06/06/2025 19:00;
9928205;MAERSK EVERGLADES;Container Ship;MAERSK;Maersk Group;Gemini Cooperation;Santos;Cais da Santos Brasil (SSZ 16) - Privativo;20/04/2025 22:25;
9928205;MAERSK EVERGLADES;Container Ship;MAERSK;Maersk Group;Gemini Cooperation;Rio de Janeiro;ICTSI;13/09/2025 13:30;
9928205;MAERSK EVERGLADES;Container Ship;MAERSK;Maersk Group;Gemini Cooperation;Santos;Cais da Santos Brasil (SSZ 16) - Privativo;13/01/2025 06:40;
9928205;MAERSK EVERGLADES;Container Ship;MAERSK;Maersk Group;Gemini Cooperation;Santos;Cais da Santos Brasil (SSZ 16) - Privativo;02/03/2025 20:40;
9928205;MAERSK EVERGLADES;Container Ship;MAERSK;Maersk Group;Gemini Cooperation;Santos;Cais da Santos Brasil (SSZ 16) - Privativo;21/12/2025 11:17;
9928205;MAERSK EVERGLADES;Container Ship;MAERSK;Maersk Group;Gemini Cooperation;Santos;Cais da Santos Brasil (SSZ 16) - Privativo;17/09/2025 02:45;
9928205;MAERSK EVERGLADES;Container Ship;MAERSK;Maersk Group;Gemini Cooperation;Santos;Cais da Santos Brasil (SSZ 16) - Privativo;09/06/2025 16:32;
9928205;MAERSK EVERGLADES;Container Ship;MAERSK;Maersk Group;Gemini Cooperation;Rio de Janeiro;ICTSI;18/04/2025 19:30;
9928205;MAERSK EVERGLADES;Container Ship;MAERSK;Maersk Group;Gemini Cooperation;Rio de Janeiro;ICTSI;27/07/2025 23:15;
9928205;MAERSK EVERGLADES;Container Ship;MAERSK;Maersk Group;Gemini Cooperation;Rio de Janeiro;ICTSI;10/01/2025 19:00;
9786736;SAO PAULO EXPRESS;Container Ship;HAPAG-LLOYD;Hapag-Lloyd;Gemini Cooperation;Portonave - Terminais Portuários de Navegantes;Portonave - Terminais Portuários de Navegantes;18/02/2025 03:18;
9786736;SAO PAULO EXPRESS;Container Ship;HAPAG-LLOYD;Hapag-Lloyd;Gemini Cooperation;Paranaguá;TCP;02/02/2025 00:24;
9786736;SAO PAULO EXPRESS;Container Ship;HAPAG-LLOYD;Hapag-Lloyd;Gemini Cooperation;Paranaguá;TCP;25/05/2025 08:35;
9786736;SAO PAULO EXPRESS;Container Ship;HAPAG-LLOYD;Hapag-Lloyd;Gemini Cooperation;Santos;Cais da BTP (SSZ 41) - Privativo;27/05/2025 20:12;
9786736;SAO PAULO EXPRESS;Container Ship;HAPAG-LLOYD;Hapag-Lloyd;Gemini Cooperation;Santos;Cais da BTP (SSZ 41) - Privativo;21/02/2025 14:42;
9786736;SAO PAULO EXPRESS;Container Ship;HAPAG-LLOYD;Hapag-Lloyd;Gemini Cooperation;Paranaguá;TCP;19/02/2025 07:25;
9786736;SAO PAULO EXPRESS;Container Ship;HAPAG-LLOYD;Hapag-Lloyd;Gemini Cooperation;Portonave - Terminais Portuários de Navegantes;Portonave - Terminais Portuários de Navegantes;24/05/2025 02:54;
9786736;SAO PAULO EXPRESS;Container Ship;HAPAG-LLOYD;Hapag-Lloyd;Gemini Cooperation;Paranaguá;TCP;28/08/2025 00:00;
9786736;SAO PAULO EXPRESS;Container Ship;HAPAG-LLOYD;Hapag-Lloyd;Gemini Cooperation;Paranaguá;TCP;08/05/2025 02:05;
9786736;SAO PAULO EXPRESS;Container Ship;HAPAG-LLOYD;Hapag-Lloyd;Gemini Cooperation;Santos;Cais da BTP (SSZ 41) - Privativo;05/05/2025 11:15;
9786736;SAO PAULO EXPRESS;Container Ship;HAPAG-LLOYD;Hapag-Lloyd;Gemini Cooperation;Rio Grande;Cais Tecon Rio Grande S.A.;15/02/2025 11:35;
9786736;SAO PAULO EXPRESS;Container Ship;HAPAG-LLOYD;Hapag-Lloyd;Gemini Cooperation;Portonave - Terminais Portuários de Navegantes;Portonave - Terminais Portuários de Navegantes;04/02/2025 00:30;
9786736;SAO PAULO EXPRESS;Container Ship;HAPAG-LLOYD;Hapag-Lloyd;Gemini Cooperation;Portonave - Terminais Portuários de Navegantes;Portonave - Terminais Portuários de Navegantes;11/05/2025 12:42;
9786736;SAO PAULO EXPRESS;Container Ship;HAPAG-LLOYD;Hapag-Lloyd;Gemini Cooperation;Santos;Cais da BTP (SSZ 41) - Privativo;01/09/2025 09:40;
9786736;SAO PAULO EXPRESS;Container Ship;HAPAG-LLOYD;Hapag-Lloyd;Gemini Cooperation;Santos;Cais da BTP (SSZ 41) - Privativo;29/01/2025 15:10;
9786736;SAO PAULO EXPRESS;Container Ship;HAPAG-LLOYD;Hapag-Lloyd;Gemini Cooperation;Portonave - Terminais Portuários de Navegantes;Portonave - Terminais Portuários de Navegantes;10/08/2025 23:12;
9786736;SAO PAULO EXPRESS;Container Ship;HAPAG-LLOYD;Hapag-Lloyd;Gemini Cooperation;Santos;Cais da BTP (SSZ 41) - Privativo;07/08/2025 14:20;
9943085;MAERSK REDWOOD;Container Ship;MAERSK;Maersk Group;Gemini Cooperation;Santos;Cais da Santos Brasil (SSZ 16) - Privativo;31/03/2025 18:20;
9943085;MAERSK REDWOOD;Container Ship;MAERSK;Maersk Group;Gemini Cooperation;Santos;Cais da Santos Brasil (SSZ 16) - Privativo;12/10/2025 14:43;
9943085;MAERSK REDWOOD;Container Ship;MAERSK;Maersk Group;Gemini Cooperation;Santos;Cais da Santos Brasil (SSZ 16) - Privativo;30/11/2025 14:43;
9943085;MAERSK REDWOOD;Container Ship;MAERSK;Maersk Group;Gemini Cooperation;Rio de Janeiro;ICTSI;04/07/2025 18:00;
9943085;MAERSK REDWOOD;Container Ship;MAERSK;Maersk Group;Gemini Cooperation;Santos;Cais da Santos Brasil (SSZ 16) - Privativo;10/02/2025 10:05;
9943085;MAERSK REDWOOD;Container Ship;MAERSK;Maersk Group;Gemini Cooperation;Rio de Janeiro;ICTSI;23/08/2025 06:45;
9943085;MAERSK REDWOOD;Container Ship;MAERSK;Maersk Group;Gemini Cooperation;Santos;Cais da Santos Brasil (SSZ 16) - Privativo;06/07/2025 22:30;
9943085;MAERSK REDWOOD;Container Ship;MAERSK;Maersk Group;Gemini Cooperation;Santos;Cais da Santos Brasil (SSZ 16) - Privativo;18/05/2025 22:31;
9943085;MAERSK REDWOOD;Container Ship;MAERSK;Maersk Group;Gemini Cooperation;Santos;Cais da Santos Brasil (SSZ 16) - Privativo;24/08/2025 21:52;
9943085;MAERSK REDWOOD;Container Ship;MAERSK;Maersk Group;Gemini Cooperation;Rio de Janeiro;ICTSI;16/05/2025 19:00;
9943085;MAERSK REDWOOD;Container Ship;MAERSK;Maersk Group;Gemini Cooperation;Rio de Janeiro;ICTSI;07/02/2025 19:40;
9491501;NORTH;Container Ship;UNKNOWN;UNKNOWN;Unknown;Rio Grande;Cais Tecon Rio Grande S.A.;28/03/2025 16:30;
9347619;HYUNDAI SUPREME;Container Ship;HMM;HMM;Premier Alliance;Paranaguá;TCP;14/02/2025 16:05;
9347619;HYUNDAI SUPREME;Container Ship;HMM;HMM;Premier Alliance;Portonave - Terminais Portuários de Navegantes;Portonave - Terminais Portuários de Navegantes;16/02/2025 12:36;
9330719;HYUNDAI UNITY;Container Ship;HMM;HMM;Premier Alliance;Rio Grande;Cais Tecon Rio Grande S.A.;07/05/2025 13:25;
9330719;HYUNDAI UNITY;Container Ship;HMM;HMM;Premier Alliance;Paranaguá;TCP;18/02/2025 21:00;
9330719;HYUNDAI UNITY;Container Ship;HMM;HMM;Premier Alliance;Portonave - Terminais Portuários de Navegantes;Portonave - Terminais Portuários de Navegantes;21/02/2025 17:06;
9786712;KOTA PAHLAWAN;Container Ship;PIL;PIL;Non-aligned;Santos;Cais da Santos Brasil (SSZ 16) - Privativo;17/09/2025 03:58;
9786712;KOTA PAHLAWAN;Container Ship;PIL;PIL;Non-aligned;Portonave - Terminais Portuários de Navegantes;Portonave - Terminais Portuários de Navegantes;17/12/2025 23:00;
9786712;KOTA PAHLAWAN;Container Ship;PIL;PIL;Non-aligned;Paranaguá;TCP;22/06/2025 15:35;
9786712;KOTA PAHLAWAN;Container Ship;PIL;PIL;Non-aligned;Portonave - Terminais Portuários de Navegantes;Portonave - Terminais Portuários de Navegantes;25/02/2025 16:12;
9786712;KOTA PAHLAWAN;Container Ship;PIL;PIL;Non-aligned;Santos;Cais da Santos Brasil (SSZ 16) - Privativo;02/07/2025 08:25;
9786712;KOTA PAHLAWAN;Container Ship;PIL;PIL;Non-aligned;Santos;Cais da Santos Brasil (SSZ 16) - Privativo;06/06/2025 04:07;
9786712;KOTA PAHLAWAN;Container Ship;PIL;PIL;Non-aligned;Paranaguá;TCP;08/03/2025 03:45;
9786712;KOTA PAHLAWAN;Container Ship;PIL;PIL;Non-aligned;Portonave - Terminais Portuários de Navegantes;Portonave - Terminais Portuários de Navegantes;08/06/2025 14:42;
9786712;KOTA PAHLAWAN;Container Ship;PIL;PIL;Non-aligned;Rio de Janeiro;ICTSI;15/12/2025 11:50;
9786712;KOTA PAHLAWAN;Container Ship;PIL;PIL;Non-aligned;Santos;Cais da Santos Brasil (SSZ 16) - Privativo;13/12/2025 23:07;
9786712;KOTA PAHLAWAN;Container Ship;PIL;PIL;Non-aligned;Rio de Janeiro;ICTSI;03/06/2025 12:30;
9786712;KOTA PAHLAWAN;Container Ship;PIL;PIL;Non-aligned;Portonave - Terminais Portuários de Navegantes;Portonave - Terminais Portuários de Navegantes;20/09/2025 08:12;
9786712;KOTA PAHLAWAN;Container Ship;PIL;PIL;Non-aligned;Rio de Janeiro;ICTSI;10/09/2025 18:25;
9786712;KOTA PAHLAWAN;Container Ship;PIL;PIL;Non-aligned;Paranaguá;TCP;03/10/2025 19:30;
9786712;KOTA PAHLAWAN;Container Ship;PIL;PIL;Non-aligned;Portonave - Terminais Portuários de Navegantes;Portonave - Terminais Portuários de Navegantes;07/10/2025 12:30;
9786712;KOTA PAHLAWAN;Container Ship;PIL;PIL;Non-aligned;Rio de Janeiro;ICTSI;23/02/2025 15:00;
9727625;CAPE SOUNIO;Container Ship;UNKNOWN;UNKNOWN;Unknown;Santos;Cais da Santos Brasil (SSZ 16) - Privativo;05/02/2025 18:23;
9727625;CAPE SOUNIO;Container Ship;UNKNOWN;UNKNOWN;Unknown;Paranaguá;TCP;07/02/2025 06:10;
9727625;CAPE SOUNIO;Container Ship;UNKNOWN;UNKNOWN;Unknown;Paranaguá;TCP;20/02/2025 13:30;
9727625;CAPE SOUNIO;Container Ship;UNKNOWN;UNKNOWN;Unknown;Portonave - Terminais Portuários de Navegantes;Portonave - Terminais Portuários de Navegantes;08/02/2025 18:24;
9727625;CAPE SOUNIO;Container Ship;UNKNOWN;UNKNOWN;Unknown;Rio Grande;Cais Tecon Rio Grande S.A.;17/02/2025 16:57;
9727625;CAPE SOUNIO;Container Ship;UNKNOWN;UNKNOWN;Unknown;Portonave - Terminais Portuários de Navegantes;Portonave - Terminais Portuários de Navegantes;24/02/2025 01:00;
9727625;CAPE SOUNIO;Container Ship;UNKNOWN;UNKNOWN;Unknown;Santos;Cais da BTP (SSZ 41) - Privativo;26/02/2025 20:30;
9622203;SAN NICOLAS MAERSK;Container Ship;MAERSK;Maersk Group;Gemini Cooperation;Paranaguá;TCP;14/04/2025 16:23;
9622203;SAN NICOLAS MAERSK;Container Ship;MAERSK;Maersk Group;Gemini Cooperation;Paranaguá;TCP;21/02/2025 06:48;
9622203;SAN NICOLAS MAERSK;Container Ship;MAERSK;Maersk Group;Gemini Cooperation;Santos;Cais da BTP (SSZ 41) - Privativo;12/04/2025 21:45;
9622203;SAN NICOLAS MAERSK;Container Ship;MAERSK;Maersk Group;Gemini Cooperation;Santos;Cais da Santos Brasil (SSZ 16) - Privativo;08/02/2025 05:06;
9622203;SAN NICOLAS MAERSK;Container Ship;MAERSK;Maersk Group;Gemini Cooperation;Santos;Cais da Santos Brasil (SSZ 16) - Privativo;23/02/2025 03:50;
9622203;SAN NICOLAS MAERSK;Container Ship;MAERSK;Maersk Group;Gemini Cooperation;Paranaguá;TCP;10/02/2025 08:10;
9622203;SAN NICOLAS MAERSK;Container Ship;MAERSK;Maersk Group;Gemini Cooperation;Rio Grande;Cais Tecon Rio Grande S.A.;18/02/2025 17:15;
9622203;SAN NICOLAS MAERSK;Container Ship;MAERSK;Maersk Group;Gemini Cooperation;Paranaguá;TCP;20/10/2025 13:50;
9622203;SAN NICOLAS MAERSK;Container Ship;MAERSK;Maersk Group;Gemini Cooperation;Paranaguá;TCP;20/04/2025 14:35;
9706190;MSC MARIA SAVERIA;;MSC;MSC;MSC (standalone);Santos;Cais da BTP (SSZ 41) - Privativo;15/02/2025 21:25;19224.0
9706190;MSC MARIA SAVERIA;;MSC;MSC;MSC (standalone);Paranaguá;TCP;24/02/2025 01:50;19224.0
9706190;MSC MARIA SAVERIA;;MSC;MSC;MSC (standalone);Rio de Janeiro;Multi-Rio;11/02/2025 14:20;19224.0
9706190;MSC MARIA SAVERIA;;MSC;MSC;MSC (standalone);Santos;Cais da BTP (SSZ 41) - Privativo;26/02/2025 20:00;19224.0
9706190;MSC MARIA SAVERIA;;MSC;MSC;MSC (standalone);Rio de Janeiro;Multi-Rio;01/03/2025 14:00;19224.0
9193317;AMSTERDAM EXPRESS;Container Ship;HAPAG-LLOYD;Hapag-Lloyd;Gemini Cooperation;Rio de Janeiro;ICTSI;25/04/2025 17:20;
9193317;AMSTERDAM EXPRESS;Container Ship;HAPAG-LLOYD;Hapag-Lloyd;Gemini Cooperation;Santos;Cais da Santos Brasil (SSZ 16) - Privativo;22/09/2025 20:05;
9193317;AMSTERDAM EXPRESS;Container Ship;HAPAG-LLOYD;Hapag-Lloyd;Gemini Cooperation;Santos;Cais da Santos Brasil (SSZ 16) - Privativo;26/04/2025 23:40;
9193317;AMSTERDAM EXPRESS;Container Ship;HAPAG-LLOYD;Hapag-Lloyd;Gemini Cooperation;Rio de Janeiro;ICTSI;13/06/2025 23:55;
9193317;AMSTERDAM EXPRESS;Container Ship;HAPAG-LLOYD;Hapag-Lloyd;Gemini Cooperation;Rio de Janeiro;ICTSI;17/01/2025 18:30;
9193317;AMSTERDAM EXPRESS;Container Ship;HAPAG-LLOYD;Hapag-Lloyd;Gemini Cooperation;Santos;Cais da Santos Brasil (SSZ 16) - Privativo;10/03/2025 00:48;
9193317;AMSTERDAM EXPRESS;Container Ship;HAPAG-LLOYD;Hapag-Lloyd;Gemini Cooperation;Santos;Cais da Santos Brasil (SSZ 16) - Privativo;15/06/2025 15:22;
9193317;AMSTERDAM EXPRESS;Container Ship;HAPAG-LLOYD;Hapag-Lloyd;Gemini Cooperation;Santos;Cais da Santos Brasil (SSZ 16) - Privativo;05/08/2025 07:10;
9193317;AMSTERDAM EXPRESS;Container Ship;HAPAG-LLOYD;Hapag-Lloyd;Gemini Cooperation;Santos;Cais da Santos Brasil (SSZ 16) - Privativo;20/01/2025 15:00;
9193317;AMSTERDAM EXPRESS;Container Ship;HAPAG-LLOYD;Hapag-Lloyd;Gemini Cooperation;Rio de Janeiro;ICTSI;20/09/2025 10:55;
9193317;AMSTERDAM EXPRESS;Container Ship;HAPAG-LLOYD;Hapag-Lloyd;Gemini Cooperation;Rio de Janeiro;ICTSI;07/03/2025 18:30;
9193317;AMSTERDAM EXPRESS;Container Ship;HAPAG-LLOYD;Hapag-Lloyd;Gemini Cooperation;Rio de Janeiro;ICTSI;02/08/2025 02:00;
9723241;CZECH;Container Ship;UNKNOWN;UNKNOWN;Unknown;Rio de Janeiro;Multi-Rio;07/12/2025 10:30;
9723241;CZECH;Container Ship;UNKNOWN;UNKNOWN;Unknown;Rio de Janeiro;Multi-Rio;29/04/2025 13:10;
9723241;CZECH;Container Ship;UNKNOWN;UNKNOWN;Unknown;Santos;Cais da BTP (SSZ 41) - Privativo;23/09/2025 09:25;
9723241;CZECH;Container Ship;UNKNOWN;UNKNOWN;Unknown;Santos;Cais da BTP (SSZ 41) - Privativo;16/10/2025 20:31;
9723241;CZECH;Container Ship;UNKNOWN;UNKNOWN;Unknown;Santos;Cais da BTP (SSZ 41) - Privativo;28/07/2025 18:53;
9723241;CZECH;Container Ship;UNKNOWN;UNKNOWN;Unknown;Santos;Cais da BTP (SSZ 41) - Privativo;15/05/2025 11:00;
9723241;CZECH;Container Ship;UNKNOWN;UNKNOWN;Unknown;Santos;Cais da BTP (SSZ 41) - Privativo;08/07/2025 23:50;
9723241;CZECH;Container Ship;UNKNOWN;UNKNOWN;Unknown;Terminal Portuário do Pecém;Terminal Portuário do Pecém;27/10/2025 23:29;
9723241;CZECH;Container Ship;UNKNOWN;UNKNOWN;Unknown;Terminal Portuário do Pecém;Terminal Portuário do Pecém;26/10/2025 23:36;
9723241;CZECH;Container Ship;UNKNOWN;UNKNOWN;Unknown;Santos;Cais da BTP (SSZ 41) - Privativo;28/12/2025 19:55;
9723241;CZECH;Container Ship;UNKNOWN;UNKNOWN;Unknown;Paranaguá;TCP;24/12/2025 08:20;
9723241;CZECH;Container Ship;UNKNOWN;UNKNOWN;Unknown;Rio de Janeiro;Multi-Rio;05/08/2025 11:30;
9723241;CZECH;Container Ship;UNKNOWN;UNKNOWN;Unknown;Santos;Cais da BTP (SSZ 41) - Privativo;01/03/2025 18:03;
9723241;CZECH;Container Ship;UNKNOWN;UNKNOWN;Unknown;Rio de Janeiro;ICTSI;14/02/2025 11:00;
9723241;CZECH;Container Ship;UNKNOWN;UNKNOWN;Unknown;Paranaguá;TCP;26/02/2025 03:20;
9723241;CZECH;Container Ship;UNKNOWN;UNKNOWN;Unknown;Salvador;TECON Área 2;20/05/2025 09:40;
9723241;CZECH;Container Ship;UNKNOWN;UNKNOWN;Unknown;Salvador;TECON Área 2;23/10/2025 22:10;
9723241;CZECH;Container Ship;UNKNOWN;UNKNOWN;Unknown;Rio Grande;Cais Tecon Rio Grande S.A.;23/02/2025 20:10;
9723241;CZECH;Container Ship;UNKNOWN;UNKNOWN;Unknown;Rio Grande;Cais Tecon Rio Grande S.A.;20/12/2025 05:00;
9723241;CZECH;Container Ship;UNKNOWN;UNKNOWN;Unknown;Portonave - Terminais Portuários de Navegantes;Portonave - Terminais Portuários de Navegantes;21/07/2025 20:00;
9723241;CZECH;Container Ship;UNKNOWN;UNKNOWN;Unknown;Rio Grande;Cais Tecon Rio Grande S.A.;11/10/2025 07:45;
9723241;CZECH;Container Ship;UNKNOWN;UNKNOWN;Unknown;Rio Grande;Cais Tecon Rio Grande S.A.;09/05/2025 18:46;
9723241;CZECH;Container Ship;UNKNOWN;UNKNOWN;Unknown;Portonave - Terminais Portuários de Navegantes;Portonave - Terminais Portuários de Navegantes;12/05/2025 22:54;
9723241;CZECH;Container Ship;UNKNOWN;UNKNOWN;Unknown;Santos;Cais da BTP (SSZ 41) - Privativo;01/05/2025 13:37;
9723241;CZECH;Container Ship;UNKNOWN;UNKNOWN;Unknown;Santos;Cais da BTP (SSZ 41) - Privativo;09/12/2025 16:35;
9723241;CZECH;Container Ship;UNKNOWN;UNKNOWN;Unknown;Salvador;TECON;09/08/2025 07:05;
9723241;CZECH;Container Ship;UNKNOWN;UNKNOWN;Unknown;Paranaguá;TCP;15/10/2025 14:30;
9723241;CZECH;Container Ship;UNKNOWN;UNKNOWN;Unknown;Rio de Janeiro;Multi-Rio;05/03/2025 18:15;
9723241;CZECH;Container Ship;UNKNOWN;UNKNOWN;Unknown;Rio de Janeiro;Multi-Rio;18/10/2025 06:00;
9723241;CZECH;Container Ship;UNKNOWN;UNKNOWN;Unknown;Rio Grande;Cais Tecon Rio Grande S.A.;19/07/2025 05:25;
9723241;CZECH;Container Ship;UNKNOWN;UNKNOWN;Unknown;Rio de Janeiro;Multi-Rio;16/05/2025 21:30;
9723241;CZECH;Container Ship;UNKNOWN;UNKNOWN;Unknown;Portonave - Terminais Portuários de Navegantes;Portonave - Terminais Portuários de Navegantes;22/12/2025 18:00;
9723241;CZECH;Container Ship;UNKNOWN;UNKNOWN;Unknown;Paranaguá;TCP;23/07/2025 03:35;
9723241;CZECH;Container Ship;UNKNOWN;UNKNOWN;Unknown;Rio de Janeiro;Multi-Rio;06/07/2025 16:15;
9723241;CZECH;Container Ship;UNKNOWN;UNKNOWN;Unknown;Paranaguá;TCP;13/05/2025 16:35;
9723241;CZECH;Container Ship;UNKNOWN;UNKNOWN;Unknown;Rio de Janeiro;Multi-Rio;21/09/2025 11:35;
9247766;MSC TAURUS VII;Container Ship;MSC;MSC;MSC (standalone);Itajaí;Cais Arrendado Transitoriamente;31/08/2025 22:38;
9247766;MSC TAURUS VII;Container Ship;MSC;MSC;MSC (standalone);Santos;Cais da BTP (SSZ 41) - Privativo;06/06/2025 21:42;
9247766;MSC TAURUS VII;Container Ship;MSC;MSC;MSC (standalone);Santos;Cais da BTP (SSZ 41) - Privativo;19/08/2025 04:55;
9247766;MSC TAURUS VII;Container Ship;MSC;MSC;MSC (standalone);Itajaí;Cais Arrendado Transitoriamente;15/06/2025 20:54;
9247766;MSC TAURUS VII;Container Ship;MSC;MSC;MSC (standalone);Terminal Portuário do Pecém;Terminal Portuário do Pecém;28/01/2025 02:00;
9247766;MSC TAURUS VII;Container Ship;MSC;MSC;MSC (standalone);Santos;Cais da BTP (SSZ 41) - Privativo;08/09/2025 21:11;
9247766;MSC TAURUS VII;Container Ship;MSC;MSC;MSC (standalone);Santos;Cais da BTP (SSZ 41) - Privativo;20/06/2025 20:55;
9247766;MSC TAURUS VII;Container Ship;MSC;MSC;MSC (standalone);Salvador;TECON Área 2;05/02/2025 02:30;
9247766;MSC TAURUS VII;Container Ship;MSC;MSC;MSC (standalone);Paranaguá;TCP;06/09/2025 14:55;
9247766;MSC TAURUS VII;Container Ship;MSC;MSC;MSC (standalone);Rio de Janeiro;Multi-Rio;12/09/2025 12:10;
9633939;CAP SAN ARTEMISSIO;Container Ship;HAMBURG SUD;Maersk Group;Gemini Cooperation;Paranaguá;TCP;26/08/2025 21:55;
9633939;CAP SAN ARTEMISSIO;Container Ship;HAMBURG SUD;Maersk Group;Gemini Cooperation;Santos;Cais da BTP (SSZ 41) - Privativo;06/07/2025 22:55;
9633939;CAP SAN ARTEMISSIO;Container Ship;HAMBURG SUD;Maersk Group;Gemini Cooperation;Paranaguá;TCP;21/04/2025 14:40;
9633939;CAP SAN ARTEMISSIO;Container Ship;HAMBURG SUD;Maersk Group;Gemini Cooperation;Santos;Cais da Santos Brasil (SSZ 16) - Privativo;29/12/2024 21:55;
9633939;CAP SAN ARTEMISSIO;Container Ship;HAMBURG SUD;Maersk Group;Gemini Cooperation;Rio Grande;Cais Tecon Rio Grande S.A.;02/07/2025 05:55;
9633939;CAP SAN ARTEMISSIO;Container Ship;HAMBURG SUD;Maersk Group;Gemini Cooperation;Santos;Cais da BTP (SSZ 41) - Privativo;23/08/2025 14:27;
9633939;CAP SAN ARTEMISSIO;Container Ship;HAMBURG SUD;Maersk Group;Gemini Cooperation;Santos;Cais da BTP (SSZ 41) - Privativo;04/05/2025 14:25;
9633939;CAP SAN ARTEMISSIO;Container Ship;HAMBURG SUD;Maersk Group;Gemini Cooperation;Paranaguá;TCP;15/12/2025 02:52;
9633939;CAP SAN ARTEMISSIO;Container Ship;HAMBURG SUD;Maersk Group;Gemini Cooperation;Paranaguá;TCP;04/07/2025 11:37;
9633939;CAP SAN ARTEMISSIO;Container Ship;HAMBURG SUD;Maersk Group;Gemini Cooperation;Santos;Cais da Santos Brasil (SSZ 16) - Privativo;02/03/2025 05:30;
9633939;CAP SAN ARTEMISSIO;Container Ship;HAMBURG SUD;Maersk Group;Gemini Cooperation;Paranaguá;TCP;02/05/2025 06:45;
9633939;CAP SAN ARTEMISSIO;Container Ship;HAMBURG SUD;Maersk Group;Gemini Cooperation;Paranaguá;TCP;17/02/2025 20:14;
9633939;CAP SAN ARTEMISSIO;Container Ship;HAMBURG SUD;Maersk Group;Gemini Cooperation;Santos;Cais da Santos Brasil (SSZ 16) - Privativo;15/02/2025 03:40;
9633939;CAP SAN ARTEMISSIO;Container Ship;HAMBURG SUD;Maersk Group;Gemini Cooperation;Paranaguá;TCP;08/09/2025 23:17;
9633939;CAP SAN ARTEMISSIO;Container Ship;HAMBURG SUD;Maersk Group;Gemini Cooperation;Rio Grande;Cais Tecon Rio Grande S.A.;29/04/2025 08:25;
9633939;CAP SAN ARTEMISSIO;Container Ship;HAMBURG SUD;Maersk Group;Gemini Cooperation;Santos;Cais da BTP (SSZ 41) - Privativo;21/06/2025 21:02;
9633939;CAP SAN ARTEMISSIO;Container Ship;HAMBURG SUD;Maersk Group;Gemini Cooperation;Rio Grande;Cais Tecon Rio Grande S.A.;25/02/2025 16:19;
9633939;CAP SAN ARTEMISSIO;Container Ship;HAMBURG SUD;Maersk Group;Gemini Cooperation;Santos;Cais da BTP (SSZ 41) - Privativo;19/04/2025 23:10;
9633939;CAP SAN ARTEMISSIO;Container Ship;HAMBURG SUD;Maersk Group;Gemini Cooperation;Paranaguá;TCP;28/02/2025 11:05;
9633939;CAP SAN ARTEMISSIO;Container Ship;HAMBURG SUD;Maersk Group;Gemini Cooperation;Paranaguá;TCP;23/06/2025 15:10;
9398216;MSC ANTONIA;Container Ship;MSC;MSC;MSC (standalone);Paranaguá;TCP;02/03/2025 04:45;
9398216;MSC ANTONIA;Container Ship;MSC;MSC;MSC (standalone);Rio de Janeiro;Multi-Rio;03/03/2025 17:10;
9398216;MSC ANTONIA;Container Ship;MSC;MSC;MSC (standalone);Itajaí;Cais Arrendado Transitoriamente;28/02/2025 23:00;
9398216;MSC ANTONIA;Container Ship;MSC;MSC;MSC (standalone);Santos;Cais da BTP (SSZ 41) - Privativo;16/02/2025 23:26;
9398216;MSC ANTONIA;Container Ship;MSC;MSC;MSC (standalone);Salvador;TECON;08/03/2025 22:00;
9793894;SALVADOR EXPRESS;Container Ship;HAPAG-LLOYD;Hapag-Lloyd;Gemini Cooperation;Rio Grande;Cais Tecon Rio Grande S.A.;04/06/2025 19:30;
9793894;SALVADOR EXPRESS;Container Ship;HAPAG-LLOYD;Hapag-Lloyd;Gemini Cooperation;Paranaguá;TCP;09/06/2025 15:45;
9793894;SALVADOR EXPRESS;Container Ship;HAPAG-LLOYD;Hapag-Lloyd;Gemini Cooperation;Portonave - Terminais Portuários de Navegantes;Portonave - Terminais Portuários de Navegantes;07/06/2025 14:18;
9793894;SALVADOR EXPRESS;Container Ship;HAPAG-LLOYD;Hapag-Lloyd;Gemini Cooperation;Santos;Cais da BTP (SSZ 41) - Privativo;05/03/2025 18:40;
9793894;SALVADOR EXPRESS;Container Ship;HAPAG-LLOYD;Hapag-Lloyd;Gemini Cooperation;Paranaguá;TCP;22/05/2025 02:30;
9793894;SALVADOR EXPRESS;Container Ship;HAPAG-LLOYD;Hapag-Lloyd;Gemini Cooperation;Portonave - Terminais Portuários de Navegantes;Portonave - Terminais Portuários de Navegantes;15/02/2025 04:52;
9793894;SALVADOR EXPRESS;Container Ship;HAPAG-LLOYD;Hapag-Lloyd;Gemini Cooperation;Paranaguá;TCP;12/02/2025 23:20;
9793894;SALVADOR EXPRESS;Container Ship;HAPAG-LLOYD;Hapag-Lloyd;Gemini Cooperation;Portonave - Terminais Portuários de Navegantes;Portonave - Terminais Portuários de Navegantes;04/03/2025 06:42;
9793894;SALVADOR EXPRESS;Container Ship;HAPAG-LLOYD;Hapag-Lloyd;Gemini Cooperation;Santos;Cais da BTP (SSZ 41) - Privativo;20/05/2025 11:50;
9793894;SALVADOR EXPRESS;Container Ship;HAPAG-LLOYD;Hapag-Lloyd;Gemini Cooperation;Rio Grande;Cais Tecon Rio Grande S.A.;27/02/2025 02:15;
9793894;SALVADOR EXPRESS;Container Ship;HAPAG-LLOYD;Hapag-Lloyd;Gemini Cooperation;Portonave - Terminais Portuários de Navegantes;Portonave - Terminais Portuários de Navegantes;23/05/2025 08:42;
9793894;SALVADOR EXPRESS;Container Ship;HAPAG-LLOYD;Hapag-Lloyd;Gemini Cooperation;Paranaguá;TCP;01/03/2025 09:40;
9793894;SALVADOR EXPRESS;Container Ship;HAPAG-LLOYD;Hapag-Lloyd;Gemini Cooperation;Santos;Cais da BTP (SSZ 41) - Privativo;11/06/2025 09:08;
9793894;SALVADOR EXPRESS;Container Ship;HAPAG-LLOYD;Hapag-Lloyd;Gemini Cooperation;Santos;Cais da BTP (SSZ 41) - Privativo;09/02/2025 10:25;
9770763;MSC GAYANE;;MSC;MSC;MSC (standalone);Paranaguá;TCP;23/01/2025 18:35;11600.0
9770763;MSC GAYANE;;MSC;MSC;MSC (standalone);Santos;Cais da BTP (SSZ 41) - Privativo;23/09/2025 21:30;11600.0
9770763;MSC GAYANE;;MSC;MSC;MSC (standalone);Itajaí;Cais Arrendado Transitoriamente;25/01/2025 17:11;11600.0
9770763;MSC GAYANE;;MSC;MSC;MSC (standalone);Paranaguá;TCP;03/12/2025 02:40;11600.0
9770763;MSC GAYANE;;MSC;MSC;MSC (standalone);Santos;Cais da Santos Brasil (SSZ 16) - Privativo;12/11/2025 08:28;11600.0
9770763;MSC GAYANE;;MSC;MSC;MSC (standalone);Rio de Janeiro;Multi-Rio;25/09/2025 14:30;11600.0
9770763;MSC GAYANE;;MSC;MSC;MSC (standalone);Portonave - Terminais Portuários de Navegantes;Portonave - Terminais Portuários de Navegantes;19/09/2025 17:36;11600.0
9770763;MSC GAYANE;;MSC;MSC;MSC (standalone);Santos;Cais da Santos Brasil (SSZ 16) - Privativo;21/01/2025 22:50;11600.0
9770763;MSC GAYANE;;MSC;MSC;MSC (standalone);Santos;Cais da BTP (SSZ 41) - Privativo;13/12/2025 06:20;11600.0
9770763;MSC GAYANE;;MSC;MSC;MSC (standalone);Rio de Janeiro;Multi-Rio;17/12/2025 16:45;11600.0
9770763;MSC GAYANE;;MSC;MSC;MSC (standalone);Terminal Portuário do Pecém;Terminal Portuário do Pecém;01/10/2025 15:46;11600.0
9770763;MSC GAYANE;;MSC;MSC;MSC (standalone);Rio de Janeiro;Multi-Rio;10/11/2025 11:00;11600.0
9770763;MSC GAYANE;;MSC;MSC;MSC (standalone);Itajaí;Cais Arrendado Transitoriamente;05/02/2025 18:25;11600.0
9770763;MSC GAYANE;;MSC;MSC;MSC (standalone);Itajaí;Cais Arrendado Transitoriamente;27/08/2025 15:24;11600.0
9770763;MSC GAYANE;;MSC;MSC;MSC (standalone);Santos;Cais da BTP (SSZ 41) - Privativo;12/02/2025 04:57;11600.0
9770763;MSC GAYANE;;MSC;MSC;MSC (standalone);Rio Grande;Cais Tecon Rio Grande S.A.;26/11/2025 09:15;11600.0
9770763;MSC GAYANE;;MSC;MSC;MSC (standalone);Rio de Janeiro;Multi-Rio;17/01/2025 14:50;11600.0
9770763;MSC GAYANE;;MSC;MSC;MSC (standalone);Rio de Janeiro;Multi-Rio;22/08/2025 14:20;11600.0
9770763;MSC GAYANE;;MSC;MSC;MSC (standalone);Itajaí;Cais Arrendado Transitoriamente;28/11/2025 17:37;11600.0
9785457;MSC RAYSHMI;Container Ship;MSC;MSC;MSC (standalone);Rio de Janeiro;Multi-Rio;12/01/2025 16:30;
9785457;MSC RAYSHMI;Container Ship;MSC;MSC;MSC (standalone);Santos;Cais da BTP (SSZ 41) - Privativo;17/04/2025 20:20;
9785457;MSC RAYSHMI;Container Ship;MSC;MSC;MSC (standalone);Paranaguá;TCP;15/04/2025 19:40;
9785457;MSC RAYSHMI;Container Ship;MSC;MSC;MSC (standalone);Rio Grande;Cais Tecon Rio Grande S.A.;29/01/2025 23:40;
9785457;MSC RAYSHMI;Container Ship;MSC;MSC;MSC (standalone);Paranaguá;TCP;04/02/2025 04:55;
9785457;MSC RAYSHMI;Container Ship;MSC;MSC;MSC (standalone);Salvador;TECON Área 2;22/04/2025 12:37;
9785457;MSC RAYSHMI;Container Ship;MSC;MSC;MSC (standalone);Santos;Cais da BTP (SSZ 41) - Privativo;06/02/2025 21:08;
9785457;MSC RAYSHMI;Container Ship;MSC;MSC;MSC (standalone);Rio de Janeiro;Multi-Rio;19/04/2025 17:55;
9785457;MSC RAYSHMI;Container Ship;MSC;MSC;MSC (standalone);Rio Grande;Cais Tecon Rio Grande S.A.;12/04/2025 11:15;
9785457;MSC RAYSHMI;Container Ship;MSC;MSC;MSC (standalone);Terminal Portuário do Pecém;Terminal Portuário do Pecém;18/02/2025 06:16;
9785457;MSC RAYSHMI;Container Ship;MSC;MSC;MSC (standalone);Rio de Janeiro;Multi-Rio;30/03/2025 19:15;
9785457;MSC RAYSHMI;Container Ship;MSC;MSC;MSC (standalone);Portonave - Terminais Portuários de Navegantes;Portonave - Terminais Portuários de Navegantes;15/04/2025 00:24;
9785457;MSC RAYSHMI;Container Ship;MSC;MSC;MSC (standalone);Rio de Janeiro;Multi-Rio;10/02/2025 08:40;
9785457;MSC RAYSHMI;Container Ship;MSC;MSC;MSC (standalone);Santos;Cais da BTP (SSZ 41) - Privativo;10/01/2025 02:40;
9785457;MSC RAYSHMI;Container Ship;MSC;MSC;MSC (standalone);Santos;Cais da BTP (SSZ 41) - Privativo;01/04/2025 19:45;
9785457;MSC RAYSHMI;Container Ship;MSC;MSC;MSC (standalone);Salvador;TECON Área 2;13/02/2025 13:20;
9219795;MSC DENISSE X;Container Ship;MSC;MSC;MSC (standalone);Terminal Portuário do Pecém;Terminal Portuário do Pecém;10/11/2025 12:20;
9219795;MSC DENISSE X;Container Ship;MSC;MSC;MSC (standalone);Santos;Cais da Santos Brasil (SSZ 16) - Privativo;23/01/2025 13:08;
9219795;MSC DENISSE X;Container Ship;MSC;MSC;MSC (standalone);Portonave - Terminais Portuários de Navegantes;Portonave - Terminais Portuários de Navegantes;03/02/2025 08:54;
9219795;MSC DENISSE X;Container Ship;MSC;MSC;MSC (standalone);Portonave - Terminais Portuários de Navegantes;Portonave - Terminais Portuários de Navegantes;15/02/2025 19:42;
9219795;MSC DENISSE X;Container Ship;MSC;MSC;MSC (standalone);Santos;Cais da BTP (SSZ 41) - Privativo;23/11/2025 11:05;
9219795;MSC DENISSE X;Container Ship;MSC;MSC;MSC (standalone);Salvador;TECON Área 2;18/11/2025 14:00;
9219795;MSC DENISSE X;Container Ship;MSC;MSC;MSC (standalone);Rio de Janeiro;Multi-Rio;27/01/2025 06:50;
9219795;MSC DENISSE X;Container Ship;MSC;MSC;MSC (standalone);Paranaguá;TCP;08/02/2025 09:25;
9219795;MSC DENISSE X;Container Ship;MSC;MSC;MSC (standalone);Itajaí;Cais Arrendado Transitoriamente;03/02/2025 22:25;
9604122;EVER LAMBENT;;EVERGREEN;Evergreen;Ocean Alliance;Paranaguá;TCP;03/01/2025 21:05;8508.0
9604122;EVER LAMBENT;;EVERGREEN;Evergreen;Ocean Alliance;Portonave - Terminais Portuários de Navegantes;Portonave - Terminais Portuários de Navegantes;05/01/2025 08:42;8508.0
9293765;KOTA SANTOS;Container Ship;PIL;PIL;Non-aligned;Portonave - Terminais Portuários de Navegantes;Portonave - Terminais Portuários de Navegantes;03/01/2025 22:06;
9293765;KOTA SANTOS;Container Ship;PIL;PIL;Non-aligned;Paranaguá;TCP;13/01/2025 09:40;
9793959;KOTA PURI;Container Ship;PIL;PIL;Non-aligned;Santos;Cais da Santos Brasil (SSZ 16) - Privativo;25/08/2025 11:34;
9793959;KOTA PURI;Container Ship;PIL;PIL;Non-aligned;Portonave - Terminais Portuários de Navegantes;Portonave - Terminais Portuários de Navegantes;28/04/2025 11:12;
9793959;KOTA PURI;Container Ship;PIL;PIL;Non-aligned;Portonave - Terminais Portuários de Navegantes;Portonave - Terminais Portuários de Navegantes;01/02/2025 12:36;
9793959;KOTA PURI;Container Ship;PIL;PIL;Non-aligned;Rio de Janeiro;ICTSI;04/08/2025 10:40;
9793959;KOTA PURI;Container Ship;PIL;PIL;Non-aligned;Santos;Cais da BTP (SSZ 41) - Privativo;07/08/2025 15:00;
9793959;KOTA PURI;Container Ship;PIL;PIL;Non-aligned;Rio de Janeiro;ICTSI;24/04/2025 17:30;
9793959;KOTA PURI;Container Ship;PIL;PIL;Non-aligned;Santos;Cais da Santos Brasil (SSZ 16) - Privativo;14/05/2025 00:22;
9793959;KOTA PURI;Container Ship;PIL;PIL;Non-aligned;Rio de Janeiro;ICTSI;29/01/2025 23:20;
9793959;KOTA PURI;Container Ship;PIL;PIL;Non-aligned;Santos;Cais da Santos Brasil (SSZ 16) - Privativo;26/04/2025 03:17;
9793959;KOTA PURI;Container Ship;PIL;PIL;Non-aligned;Portonave - Terminais Portuários de Navegantes;Portonave - Terminais Portuários de Navegantes;09/08/2025 14:36;
9793959;KOTA PURI;Container Ship;PIL;PIL;Non-aligned;Paranaguá;TCP;11/05/2025 03:40;
9793959;KOTA PURI;Container Ship;PIL;PIL;Non-aligned;Paranaguá;TCP;11/02/2025 21:45;
9309277;MONA LISA;Container Ship;UNKNOWN;UNKNOWN;Unknown;Itajaí;Cais Arrendado Transitoriamente;07/01/2025 09:43;
9309277;MONA LISA;Container Ship;UNKNOWN;UNKNOWN;Unknown;Itajaí;Cais Arrendado Transitoriamente;01/04/2025 07:20;
9309277;MONA LISA;Container Ship;UNKNOWN;UNKNOWN;Unknown;Santos;Cais da Santos Brasil (SSZ 16) - Privativo;16/05/2025 18:43;
9309277;MONA LISA;Container Ship;UNKNOWN;UNKNOWN;Unknown;Santos;Cais da Santos Brasil (SSZ 16) - Privativo;02/08/2025 12:20;
9309277;MONA LISA;Container Ship;UNKNOWN;UNKNOWN;Unknown;Santos;Cais da Santos Brasil (SSZ 16) - Privativo;04/04/2025 01:19;
9309277;MONA LISA;Container Ship;UNKNOWN;UNKNOWN;Unknown;Santos;Cais da Santos Brasil (SSZ 16) - Privativo;26/02/2025 03:13;
9309277;MONA LISA;Container Ship;UNKNOWN;UNKNOWN;Unknown;Paranaguá;TCP;06/01/2025 03:20;
9309277;MONA LISA;Container Ship;UNKNOWN;UNKNOWN;Unknown;Santos;Cais da Santos Brasil (SSZ 16) - Privativo;09/01/2025 07:35;
9309277;MONA LISA;Container Ship;UNKNOWN;UNKNOWN;Unknown;Paranaguá;TCP;31/03/2025 05:20;
9309277;MONA LISA;Container Ship;UNKNOWN;UNKNOWN;Unknown;Itajaí;Cais Arrendado Transitoriamente;23/02/2025 23:18;
9309277;MONA LISA;Container Ship;UNKNOWN;UNKNOWN;Unknown;Paranaguá;TCP;21/02/2025 12:45;
9309277;MONA LISA;Container Ship;UNKNOWN;UNKNOWN;Unknown;Itajaí;Cais Arrendado Transitoriamente;03/08/2025 16:27;
9309277;MONA LISA;Container Ship;UNKNOWN;UNKNOWN;Unknown;Paranaguá;TCP;23/06/2025 03:05;
9309277;MONA LISA;Container Ship;UNKNOWN;UNKNOWN;Unknown;Itajaí;Cais Arrendado Transitoriamente;13/05/2025 13:32;
9267649;MSC PHOENIX;Container Ship;MSC;MSC;MSC (standalone);Itajaí;Cais Arrendado Transitoriamente;18/12/2025 04:54;
9267649;MSC PHOENIX;Container Ship;MSC;MSC;MSC (standalone);Rio de Janeiro;Multi-Rio;27/05/2025 10:20;
9267649;MSC PHOENIX;Container Ship;MSC;MSC;MSC (standalone);Rio Grande;Cais Tecon Rio Grande S.A.;06/10/2025 15:25;
9267649;MSC PHOENIX;Container Ship;MSC;MSC;MSC (standalone);Portonave - Terminais Portuários de Navegantes;Portonave - Terminais Portuários de Navegantes;18/03/2025 15:48;
9267649;MSC PHOENIX;Container Ship;MSC;MSC;MSC (standalone);Rio de Janeiro;Multi-Rio;09/08/2025 01:25;
9267649;MSC PHOENIX;Container Ship;MSC;MSC;MSC (standalone);Paranaguá;TCP;20/12/2025 22:35;
9267649;MSC PHOENIX;Container Ship;MSC;MSC;MSC (standalone);Rio de Janeiro;Multi-Rio;22/03/2025 11:40;
9267649;MSC PHOENIX;Container Ship;MSC;MSC;MSC (standalone);Rio Grande;Cais Tecon Rio Grande S.A.;31/07/2025 13:05;
9267649;MSC PHOENIX;Container Ship;MSC;MSC;MSC (standalone);Rio Grande;Cais Tecon Rio Grande S.A.;15/03/2025 03:30;
9267649;MSC PHOENIX;Container Ship;MSC;MSC;MSC (standalone);Itajaí;Cais Arrendado Transitoriamente;09/10/2025 01:26;
9267649;MSC PHOENIX;Container Ship;MSC;MSC;MSC (standalone);Paranaguá;TCP;03/01/2025 12:00;
9267649;MSC PHOENIX;Container Ship;MSC;MSC;MSC (standalone);Rio de Janeiro;Multi-Rio;11/01/2025 16:30;
9267649;MSC PHOENIX;Container Ship;MSC;MSC;MSC (standalone);Santos;Cais da BTP (SSZ 41) - Privativo;05/03/2025 04:35;
9267649;MSC PHOENIX;Container Ship;MSC;MSC;MSC (standalone);Paranaguá;TCP;23/05/2025 13:45;
9267649;MSC PHOENIX;Container Ship;MSC;MSC;MSC (standalone);Rio Grande;Cais Tecon Rio Grande S.A.;19/05/2025 13:05;
9267649;MSC PHOENIX;Container Ship;MSC;MSC;MSC (standalone);Itajaí;Cais Arrendado Transitoriamente;21/05/2025 23:38;
9267649;MSC PHOENIX;Container Ship;MSC;MSC;MSC (standalone);Itajaí;Cais Arrendado Transitoriamente;03/08/2025 03:07;
9323508;HMM COLOMBO;Container Ship;HMM;HMM;Premier Alliance;Portonave - Terminais Portuários de Navegantes;Portonave - Terminais Portuários de Navegantes;05/01/2025 17:36;
9323508;HMM COLOMBO;Container Ship;HMM;HMM;Premier Alliance;Paranaguá;TCP;28/04/2025 18:20;
9323508;HMM COLOMBO;Container Ship;HMM;HMM;Premier Alliance;Paranaguá;TCP;03/01/2025 07:00;
9323508;HMM COLOMBO;Container Ship;HMM;HMM;Premier Alliance;Portonave - Terminais Portuários de Navegantes;Portonave - Terminais Portuários de Navegantes;30/04/2025 09:18;
9937323;ONE AMAZON;Container Ship;ONE;ONE;Premier Alliance;Santos;Cais da BTP (SSZ 41) - Privativo;21/03/2025 23:42;
9937323;ONE AMAZON;Container Ship;ONE;ONE;Premier Alliance;Paranaguá;TCP;28/10/2025 16:10;
9937323;ONE AMAZON;Container Ship;ONE;ONE;Premier Alliance;Paranaguá;TCP;08/04/2025 07:14;
9937323;ONE AMAZON;Container Ship;ONE;ONE;Premier Alliance;Santos;Cais da BTP (SSZ 41) - Privativo;09/01/2025 09:49;
9937323;ONE AMAZON;Container Ship;ONE;ONE;Premier Alliance;Paranaguá;TCP;15/07/2025 21:00;
9937323;ONE AMAZON;Container Ship;ONE;ONE;Premier Alliance;Paranaguá;TCP;26/06/2025 09:30;
9937323;ONE AMAZON;Container Ship;ONE;ONE;Premier Alliance;Rio Grande;Cais Tecon Rio Grande S.A.;20/10/2025 17:00;
9937323;ONE AMAZON;Container Ship;ONE;ONE;Premier Alliance;Portonave - Terminais Portuários de Navegantes;Portonave - Terminais Portuários de Navegantes;01/07/2025 14:48;
9937323;ONE AMAZON;Container Ship;ONE;ONE;Premier Alliance;Portonave - Terminais Portuários de Navegantes;Portonave - Terminais Portuários de Navegantes;23/10/2025 11:12;
9937323;ONE AMAZON;Container Ship;ONE;ONE;Premier Alliance;Santos;Cais da BTP (SSZ 41) - Privativo;12/04/2025 09:08;
9937323;ONE AMAZON;Container Ship;ONE;ONE;Premier Alliance;Paranaguá;TCP;07/01/2025 09:08;
9937323;ONE AMAZON;Container Ship;ONE;ONE;Premier Alliance;Portonave - Terminais Portuários de Navegantes;Portonave - Terminais Portuários de Navegantes;09/10/2025 00:00;
9937323;ONE AMAZON;Container Ship;ONE;ONE;Premier Alliance;Paranaguá;TCP;02/10/2025 06:13;
9937323;ONE AMAZON;Container Ship;ONE;ONE;Premier Alliance;Santos;Cais da BTP (SSZ 41) - Privativo;30/10/2025 19:07;
9937323;ONE AMAZON;Container Ship;ONE;ONE;Premier Alliance;Santos;Cais da BTP (SSZ 41) - Privativo;30/09/2025 13:50;
9937323;ONE AMAZON;Container Ship;ONE;ONE;Premier Alliance;Rio Grande;Cais Tecon Rio Grande S.A.;12/07/2025 01:15;
9937323;ONE AMAZON;Container Ship;ONE;ONE;Premier Alliance;Rio Grande;Cais Tecon Rio Grande S.A.;03/04/2025 08:10;
9937323;ONE AMAZON;Container Ship;ONE;ONE;Premier Alliance;Paranaguá;TCP;25/03/2025 00:20;
9937323;ONE AMAZON;Container Ship;ONE;ONE;Premier Alliance;Santos;Cais da BTP (SSZ 41) - Privativo;17/07/2025 20:50;
9937323;ONE AMAZON;Container Ship;ONE;ONE;Premier Alliance;Rio Grande;Cais Tecon Rio Grande S.A.;31/12/2024 14:00;
9937323;ONE AMAZON;Container Ship;ONE;ONE;Premier Alliance;Portonave - Terminais Portuários de Navegantes;Portonave - Terminais Portuários de Navegantes;14/07/2025 18:18;
9937323;ONE AMAZON;Container Ship;ONE;ONE;Premier Alliance;Santos;Cais da BTP (SSZ 41) - Privativo;24/06/2025 03:54;
9937323;ONE AMAZON;Container Ship;ONE;ONE;Premier Alliance;Portonave - Terminais Portuários de Navegantes;Portonave - Terminais Portuários de Navegantes;04/01/2025 12:48;
9937323;ONE AMAZON;Container Ship;ONE;ONE;Premier Alliance;Portonave - Terminais Portuários de Navegantes;Portonave - Terminais Portuários de Navegantes;24/03/2025 02:30;
9937323;ONE AMAZON;Container Ship;ONE;ONE;Premier Alliance;Portonave - Terminais Portuários de Navegantes;Portonave - Terminais Portuários de Navegantes;06/04/2025 22:54;
9312573;XIN WEI HAI;Container Ship;UNKNOWN;UNKNOWN;Unknown;Paranaguá;TCP;02/01/2025 19:50;
9312573;XIN WEI HAI;Container Ship;UNKNOWN;UNKNOWN;Unknown;Santos;Cais da Santos Brasil (SSZ 16) - Privativo;09/11/2025 12:52;
9312573;XIN WEI HAI;Container Ship;UNKNOWN;UNKNOWN;Unknown;Paranaguá;TCP;14/11/2025 00:10;
9312573;XIN WEI HAI;Container Ship;UNKNOWN;UNKNOWN;Unknown;Rio de Janeiro;ICTSI;06/01/2025 18:20;
9312573;XIN WEI HAI;Container Ship;UNKNOWN;UNKNOWN;Unknown;Paranaguá;TCP;23/09/2025 11:00;
9312573;XIN WEI HAI;Container Ship;UNKNOWN;UNKNOWN;Unknown;Rio de Janeiro;ICTSI;25/09/2025 00:10;
9312573;XIN WEI HAI;Container Ship;UNKNOWN;UNKNOWN;Unknown;Rio de Janeiro;ICTSI;20/07/2025 13:15;
9312573;XIN WEI HAI;Container Ship;UNKNOWN;UNKNOWN;Unknown;Santos;Cais da Santos Brasil (SSZ 16) - Privativo;07/07/2025 13:24;
9312573;XIN WEI HAI;Container Ship;UNKNOWN;UNKNOWN;Unknown;Paranaguá;TCP;06/03/2025 19:50;
9312573;XIN WEI HAI;Container Ship;UNKNOWN;UNKNOWN;Unknown;Santos;Cais da Santos Brasil (SSZ 16) - Privativo;10/09/2025 10:21;
9312573;XIN WEI HAI;Container Ship;UNKNOWN;UNKNOWN;Unknown;Rio de Janeiro;ICTSI;10/03/2025 07:50;
9312573;XIN WEI HAI;Container Ship;UNKNOWN;UNKNOWN;Unknown;Santos;Cais da Santos Brasil (SSZ 16) - Privativo;19/07/2025 05:08;
9312573;XIN WEI HAI;Container Ship;UNKNOWN;UNKNOWN;Unknown;Rio de Janeiro;ICTSI;18/05/2025 16:00;
9312573;XIN WEI HAI;Container Ship;UNKNOWN;UNKNOWN;Unknown;Paranaguá;TCP;15/05/2025 18:20;
9399753;AS CASPRIA;Container Ship;UNKNOWN;UNKNOWN;Unknown;Santos;Cais da Santos Brasil (SSZ 16) - Privativo;28/03/2025 02:50;
9399753;AS CASPRIA;Container Ship;UNKNOWN;UNKNOWN;Unknown;Santos;Cais da Santos Brasil (SSZ 16) - Privativo;08/04/2025 00:34;
9399753;AS CASPRIA;Container Ship;UNKNOWN;UNKNOWN;Unknown;Santos;Cais da Santos Brasil (SSZ 16) - Privativo;04/02/2025 06:25;
9399753;AS CASPRIA;Container Ship;UNKNOWN;UNKNOWN;Unknown;Paranaguá;TCP;03/02/2025 00:35;
9399753;AS CASPRIA;Container Ship;UNKNOWN;UNKNOWN;Unknown;Santos;Cais da Santos Brasil (SSZ 16) - Privativo;10/06/2025 20:24;
9399753;AS CASPRIA;Container Ship;UNKNOWN;UNKNOWN;Unknown;Santos;Cais da Santos Brasil (SSZ 16) - Privativo;08/08/2025 09:57;
9399753;AS CASPRIA;Container Ship;UNKNOWN;UNKNOWN;Unknown;Santos;Cais da Santos Brasil (SSZ 16) - Privativo;21/08/2025 13:20;
9399753;AS CASPRIA;Container Ship;UNKNOWN;UNKNOWN;Unknown;Rio de Janeiro;ICTSI;14/06/2025 11:20;
9399753;AS CASPRIA;Container Ship;UNKNOWN;UNKNOWN;Unknown;Santos;Cais da Santos Brasil (SSZ 16) - Privativo;24/01/2025 06:25;
9945863;COSCOSHIPPING MEXICO;Container Ship;COSCO;Cosco Shipping;Ocean Alliance;Paranaguá;TCP;27/07/2025 10:10;
9945863;COSCOSHIPPING MEXICO;Container Ship;COSCO;Cosco Shipping;Ocean Alliance;Santos;Cais da Santos Brasil (SSZ 16) - Privativo;03/11/2025 07:00;
9945863;COSCOSHIPPING MEXICO;Container Ship;COSCO;Cosco Shipping;Ocean Alliance;Santos;Cais da Santos Brasil (SSZ 16) - Privativo;14/11/2025 22:55;
9945863;COSCOSHIPPING MEXICO;Container Ship;COSCO;Cosco Shipping;Ocean Alliance;Santos;Cais da Santos Brasil (SSZ 16) - Privativo;29/04/2025 08:45;
9945863;COSCOSHIPPING MEXICO;Container Ship;COSCO;Cosco Shipping;Ocean Alliance;Portonave - Terminais Portuários de Navegantes;Portonave - Terminais Portuários de Navegantes;06/02/2025 07:54;
9945863;COSCOSHIPPING MEXICO;Container Ship;COSCO;Cosco Shipping;Ocean Alliance;Santos;Cais da Santos Brasil (SSZ 16) - Privativo;07/02/2025 22:40;
9945863;COSCOSHIPPING MEXICO;Container Ship;COSCO;Cosco Shipping;Ocean Alliance;Santos;Cais da Santos Brasil (SSZ 16) - Privativo;24/07/2025 19:58;
9945863;COSCOSHIPPING MEXICO;Container Ship;COSCO;Cosco Shipping;Ocean Alliance;Rio de Janeiro;ICTSI;10/02/2025 12:20;
9945863;COSCOSHIPPING MEXICO;Container Ship;COSCO;Cosco Shipping;Ocean Alliance;Santos;Cais da Santos Brasil (SSZ 16) - Privativo;30/01/2025 02:30;
9945863;COSCOSHIPPING MEXICO;Container Ship;COSCO;Cosco Shipping;Ocean Alliance;Santos;Cais da Santos Brasil (SSZ 16) - Privativo;11/05/2025 03:05;
9945863;COSCOSHIPPING MEXICO;Container Ship;COSCO;Cosco Shipping;Ocean Alliance;Portonave - Terminais Portuários de Navegantes;Portonave - Terminais Portuários de Navegantes;09/05/2025 11:06;
9945863;COSCOSHIPPING MEXICO;Container Ship;COSCO;Cosco Shipping;Ocean Alliance;Rio de Janeiro;ICTSI;22/07/2025 16:20;
9945863;COSCOSHIPPING MEXICO;Container Ship;COSCO;Cosco Shipping;Ocean Alliance;Paranaguá;TCP;02/05/2025 21:45;
9945863;COSCOSHIPPING MEXICO;Container Ship;COSCO;Cosco Shipping;Ocean Alliance;Rio de Janeiro;ICTSI;13/05/2025 10:40;
9945863;COSCOSHIPPING MEXICO;Container Ship;COSCO;Cosco Shipping;Ocean Alliance;Rio de Janeiro;ICTSI;28/01/2025 10:20;
9945863;COSCOSHIPPING MEXICO;Container Ship;COSCO;Cosco Shipping;Ocean Alliance;Paranaguá;TCP;09/11/2025 17:00;
9945863;COSCOSHIPPING MEXICO;Container Ship;COSCO;Cosco Shipping;Ocean Alliance;Rio de Janeiro;ICTSI;27/04/2025 09:20;
9945863;COSCOSHIPPING MEXICO;Container Ship;COSCO;Cosco Shipping;Ocean Alliance;Portonave - Terminais Portuários de Navegantes;Portonave - Terminais Portuários de Navegantes;04/08/2025 09:12;
9945863;COSCOSHIPPING MEXICO;Container Ship;COSCO;Cosco Shipping;Ocean Alliance;Paranaguá;TCP;02/02/2025 07:35;
9945863;COSCOSHIPPING MEXICO;Container Ship;COSCO;Cosco Shipping;Ocean Alliance;Rio de Janeiro;ICTSI;06/08/2025 12:40;
9945863;COSCOSHIPPING MEXICO;Container Ship;COSCO;Cosco Shipping;Ocean Alliance;Rio de Janeiro;ICTSI;29/10/2025 08:40;
9938248;CMA CGM BAHIA;Container Ship;CMA CGM;CMA CGM Group;Ocean Alliance;Rio de Janeiro;ICTSI;09/09/2025 09:15;
9938248;CMA CGM BAHIA;Container Ship;CMA CGM;CMA CGM Group;Ocean Alliance;Paranaguá;TCP;13/02/2025 16:17;
9938248;CMA CGM BAHIA;Container Ship;CMA CGM;CMA CGM Group;Ocean Alliance;Portonave - Terminais Portuários de Navegantes;Portonave - Terminais Portuários de Navegantes;10/06/2025 11:54;
9938248;CMA CGM BAHIA;Container Ship;CMA CGM;CMA CGM Group;Ocean Alliance;Rio de Janeiro;ICTSI;09/12/2025 10:20;
9938248;CMA CGM BAHIA;Container Ship;CMA CGM;CMA CGM Group;Ocean Alliance;Santos;Cais da Santos Brasil (SSZ 16) - Privativo;26/12/2025 01:50;
9938248;CMA CGM BAHIA;Container Ship;CMA CGM;CMA CGM Group;Ocean Alliance;Paranaguá;TCP;07/06/2025 04:50;
9938248;CMA CGM BAHIA;Container Ship;CMA CGM;CMA CGM Group;Ocean Alliance;Portonave - Terminais Portuários de Navegantes;Portonave - Terminais Portuários de Navegantes;19/02/2025 12:42;
9938248;CMA CGM BAHIA;Container Ship;CMA CGM;CMA CGM Group;Ocean Alliance;Santos;Cais da Santos Brasil (SSZ 16) - Privativo;11/02/2025 04:37;
9938248;CMA CGM BAHIA;Container Ship;CMA CGM;CMA CGM Group;Ocean Alliance;Santos;Cais da Santos Brasil (SSZ 16) - Privativo;16/06/2025 09:32;
9938248;CMA CGM BAHIA;Container Ship;CMA CGM;CMA CGM Group;Ocean Alliance;Paranaguá;TCP;23/09/2025 10:10;
9938248;CMA CGM BAHIA;Container Ship;CMA CGM;CMA CGM Group;Ocean Alliance;Santos;Cais da Santos Brasil (SSZ 16) - Privativo;01/06/2025 04:30;
9938248;CMA CGM BAHIA;Container Ship;CMA CGM;CMA CGM Group;Ocean Alliance;Santos;Cais da Santos Brasil (SSZ 16) - Privativo;12/09/2025 23:34;
9938248;CMA CGM BAHIA;Container Ship;CMA CGM;CMA CGM Group;Ocean Alliance;Santos;Cais da Santos Brasil (SSZ 16) - Privativo;11/12/2025 13:05;
9938248;CMA CGM BAHIA;Container Ship;CMA CGM;CMA CGM Group;Ocean Alliance;Portonave - Terminais Portuários de Navegantes;Portonave - Terminais Portuários de Navegantes;29/12/2025 18:12;
9938248;CMA CGM BAHIA;Container Ship;CMA CGM;CMA CGM Group;Ocean Alliance;Santos;Cais da Santos Brasil (SSZ 16) - Privativo;21/02/2025 09:30;
9938248;CMA CGM BAHIA;Container Ship;CMA CGM;CMA CGM Group;Ocean Alliance;Rio de Janeiro;ICTSI;26/09/2025 12:50;
9938248;CMA CGM BAHIA;Container Ship;CMA CGM;CMA CGM Group;Ocean Alliance;Portonave - Terminais Portuários de Navegantes;Portonave - Terminais Portuários de Navegantes;18/09/2025 18:00;
9938248;CMA CGM BAHIA;Container Ship;CMA CGM;CMA CGM Group;Ocean Alliance;Rio de Janeiro;ICTSI;23/05/2025 10:05;
9938248;CMA CGM BAHIA;Container Ship;CMA CGM;CMA CGM Group;Ocean Alliance;Rio de Janeiro;ICTSI;07/02/2025 10:00;
9961960;LOG-IN EVOLUTION;Container Ship;LOG-IN;Log-In;Regional / affiliated carrier;Portonave - Terminais Portuários de Navegantes;Portonave - Terminais Portuários de Navegantes;13/01/2025 02:36;
9961960;LOG-IN EVOLUTION;Container Ship;LOG-IN;Log-In;Regional / affiliated carrier;Portonave - Terminais Portuários de Navegantes;Portonave - Terminais Portuários de Navegantes;31/01/2025 20:24;
9961960;LOG-IN EVOLUTION;Container Ship;LOG-IN;Log-In;Regional / affiliated carrier;Salvador;TECON Área 2;18/10/2025 19:10;
9961960;LOG-IN EVOLUTION;Container Ship;LOG-IN;Log-In;Regional / affiliated carrier;Portonave - Terminais Portuários de Navegantes;Portonave - Terminais Portuários de Navegantes;22/02/2025 12:02;
9961960;LOG-IN EVOLUTION;Container Ship;LOG-IN;Log-In;Regional / affiliated carrier;Portonave - Terminais Portuários de Navegantes;Portonave - Terminais Portuários de Navegantes;14/02/2025 06:50;
9961960;LOG-IN EVOLUTION;Container Ship;LOG-IN;Log-In;Regional / affiliated carrier;Portonave - Terminais Portuários de Navegantes;Portonave - Terminais Portuários de Navegantes;22/01/2025 09:36;
9961960;LOG-IN EVOLUTION;Container Ship;LOG-IN;Log-In;Regional / affiliated carrier;Portonave - Terminais Portuários de Navegantes;Portonave - Terminais Portuários de Navegantes;31/12/2024 21:12;
9222297;ATETI;Container Ship;UNKNOWN;UNKNOWN;Unknown;Rio de Janeiro;ICTSI;15/09/2025 15:40;
9222297;ATETI;Container Ship;UNKNOWN;UNKNOWN;Unknown;Santos;Cais da Santos Brasil (SSZ 16) - Privativo;05/11/2025 07:08;
9222297;ATETI;Container Ship;UNKNOWN;UNKNOWN;Unknown;Santos;Cais da Santos Brasil (SSZ 16) - Privativo;12/09/2025 03:50;
9222297;ATETI;Container Ship;UNKNOWN;UNKNOWN;Unknown;Paranaguá;TCP;01/11/2025 18:15;
9222297;ATETI;Container Ship;UNKNOWN;UNKNOWN;Unknown;Paranaguá;TCP;08/02/2025 21:45;
9222297;ATETI;Container Ship;UNKNOWN;UNKNOWN;Unknown;Santos;Cais da Santos Brasil (SSZ 16) - Privativo;15/05/2025 23:42;
9222297;ATETI;Container Ship;UNKNOWN;UNKNOWN;Unknown;Salvador;TECON Área 2;17/02/2025 16:13;
9222297;ATETI;Container Ship;UNKNOWN;UNKNOWN;Unknown;Santos;Cais da Santos Brasil (SSZ 16) - Privativo;22/05/2025 09:45;
9222297;ATETI;Container Ship;UNKNOWN;UNKNOWN;Unknown;Santos;Cais da Santos Brasil (SSZ 16) - Privativo;17/07/2025 19:20;
9222297;ATETI;Container Ship;UNKNOWN;UNKNOWN;Unknown;Rio de Janeiro;ICTSI;07/11/2025 18:30;
9222297;ATETI;Container Ship;UNKNOWN;UNKNOWN;Unknown;Rio de Janeiro;ICTSI;14/09/2025 18:30;
9222297;ATETI;Container Ship;UNKNOWN;UNKNOWN;Unknown;Rio de Janeiro;ICTSI;19/07/2025 15:20;
9222297;ATETI;Container Ship;UNKNOWN;UNKNOWN;Unknown;Paranaguá;TCP;17/05/2025 08:54;
9222297;ATETI;Container Ship;UNKNOWN;UNKNOWN;Unknown;Salvador;TECON;11/11/2025 19:18;
9222297;ATETI;Container Ship;UNKNOWN;UNKNOWN;Unknown;Paranaguá;TCP;12/07/2025 18:40;
9222297;ATETI;Container Ship;UNKNOWN;UNKNOWN;Unknown;Salvador;TECON;26/05/2025 10:00;
9222297;ATETI;Container Ship;UNKNOWN;UNKNOWN;Unknown;Salvador;TECON;22/07/2025 12:40;
9945851;COSCO URUGUAY;Container Ship;COSCO;Cosco Shipping;Ocean Alliance;Rio de Janeiro;ICTSI;27/05/2025 14:40;
9945851;COSCO URUGUAY;Container Ship;COSCO;Cosco Shipping;Ocean Alliance;Rio de Janeiro;ICTSI;24/08/2025 13:40;
9945851;COSCO URUGUAY;Container Ship;COSCO;Cosco Shipping;Ocean Alliance;Santos;Cais da Santos Brasil (SSZ 16) - Privativo;20/11/2025 16:58;
9945851;COSCO URUGUAY;Container Ship;COSCO;Cosco Shipping;Ocean Alliance;Santos;Cais da Santos Brasil (SSZ 16) - Privativo;29/11/2025 02:53;
9945851;COSCO URUGUAY;Container Ship;COSCO;Cosco Shipping;Ocean Alliance;Rio de Janeiro;ICTSI;02/12/2025 07:10;
9945851;COSCO URUGUAY;Container Ship;COSCO;Cosco Shipping;Ocean Alliance;Rio de Janeiro;ICTSI;11/05/2025 14:30;
9945851;COSCO URUGUAY;Container Ship;COSCO;Cosco Shipping;Ocean Alliance;Santos;Cais da Santos Brasil (SSZ 16) - Privativo;09/05/2025 02:54;
9945851;COSCO URUGUAY;Container Ship;COSCO;Cosco Shipping;Ocean Alliance;Paranaguá;TCP;05/02/2025 02:00;
9945851;COSCO URUGUAY;Container Ship;COSCO;Cosco Shipping;Ocean Alliance;Santos;Cais da Santos Brasil (SSZ 16) - Privativo;15/02/2025 06:10;
9945851;COSCO URUGUAY;Container Ship;COSCO;Cosco Shipping;Ocean Alliance;Santos;Cais da Santos Brasil (SSZ 16) - Privativo;25/05/2025 04:00;
9945851;COSCO URUGUAY;Container Ship;COSCO;Cosco Shipping;Ocean Alliance;Portonave - Terminais Portuários de Navegantes;Portonave - Terminais Portuários de Navegantes;21/08/2025 18:15;
9945851;COSCO URUGUAY;Container Ship;COSCO;Cosco Shipping;Ocean Alliance;Paranaguá;TCP;17/08/2025 00:30;
9945851;COSCO URUGUAY;Container Ship;COSCO;Cosco Shipping;Ocean Alliance;Rio de Janeiro;ICTSI;15/11/2025 09:20;
9945851;COSCO URUGUAY;Container Ship;COSCO;Cosco Shipping;Ocean Alliance;Paranaguá;TCP;14/05/2025 22:30;
9945851;COSCO URUGUAY;Container Ship;COSCO;Cosco Shipping;Ocean Alliance;Paranaguá;TCP;23/11/2025 06:35;
9945851;COSCO URUGUAY;Container Ship;COSCO;Cosco Shipping;Ocean Alliance;Santos;Cais da Santos Brasil (SSZ 16) - Privativo;03/02/2025 10:16;
9945851;COSCO URUGUAY;Container Ship;COSCO;Cosco Shipping;Ocean Alliance;Santos;Cais da Santos Brasil (SSZ 16) - Privativo;07/08/2025 19:05;
9945851;COSCO URUGUAY;Container Ship;COSCO;Cosco Shipping;Ocean Alliance;Portonave - Terminais Portuários de Navegantes;Portonave - Terminais Portuários de Navegantes;12/02/2025 17:18;
9945851;COSCO URUGUAY;Container Ship;COSCO;Cosco Shipping;Ocean Alliance;Portonave - Terminais Portuários de Navegantes;Portonave - Terminais Portuários de Navegantes;20/05/2025 09:25;
9945851;COSCO URUGUAY;Container Ship;COSCO;Cosco Shipping;Ocean Alliance;Rio de Janeiro;ICTSI;01/02/2025 13:10;
9731951;COSCO SHIPPING RHINE;Container Ship;COSCO;Cosco Shipping;Ocean Alliance;Portonave - Terminais Portuários de Navegantes;Portonave - Terminais Portuários de Navegantes;07/02/2025 09:30;
9731951;COSCO SHIPPING RHINE;Container Ship;COSCO;Cosco Shipping;Ocean Alliance;Santos;Cais da Santos Brasil (SSZ 16) - Privativo;04/02/2025 20:38;
9731951;COSCO SHIPPING RHINE;Container Ship;COSCO;Cosco Shipping;Ocean Alliance;Santos;Cais da Santos Brasil (SSZ 16) - Privativo;21/08/2025 12:24;
9731951;COSCO SHIPPING RHINE;Container Ship;COSCO;Cosco Shipping;Ocean Alliance;Paranaguá;TCP;18/02/2025 09:55;
9731951;COSCO SHIPPING RHINE;Container Ship;COSCO;Cosco Shipping;Ocean Alliance;Paranaguá;TCP;06/12/2025 18:25;
9731951;COSCO SHIPPING RHINE;Container Ship;COSCO;Cosco Shipping;Ocean Alliance;Santos;Cais da Santos Brasil (SSZ 16) - Privativo;18/05/2025 02:25;
9731951;COSCO SHIPPING RHINE;Container Ship;COSCO;Cosco Shipping;Ocean Alliance;Rio de Janeiro;ICTSI;19/11/2025 15:55;
9731951;COSCO SHIPPING RHINE;Container Ship;COSCO;Cosco Shipping;Ocean Alliance;Santos;Cais da Santos Brasil (SSZ 16) - Privativo;10/12/2025 02:06;
9731951;COSCO SHIPPING RHINE;Container Ship;COSCO;Cosco Shipping;Ocean Alliance;Rio de Janeiro;ICTSI;02/02/2025 11:00;
9731951;COSCO SHIPPING RHINE;Container Ship;COSCO;Cosco Shipping;Ocean Alliance;Paranaguá;TCP;01/06/2025 09:05;
9731951;COSCO SHIPPING RHINE;Container Ship;COSCO;Cosco Shipping;Ocean Alliance;Santos;Cais da Santos Brasil (SSZ 16) - Privativo;23/11/2025 15:50;
9731951;COSCO SHIPPING RHINE;Container Ship;COSCO;Cosco Shipping;Ocean Alliance;Paranaguá;TCP;08/09/2025 09:20;
9731951;COSCO SHIPPING RHINE;Container Ship;COSCO;Cosco Shipping;Ocean Alliance;Portonave - Terminais Portuários de Navegantes;Portonave - Terminais Portuários de Navegantes;19/05/2025 15:48;
9731951;COSCO SHIPPING RHINE;Container Ship;COSCO;Cosco Shipping;Ocean Alliance;Santos;Cais da Santos Brasil (SSZ 16) - Privativo;11/09/2025 09:45;
9731951;COSCO SHIPPING RHINE;Container Ship;COSCO;Cosco Shipping;Ocean Alliance;Portonave - Terminais Portuários de Navegantes;Portonave - Terminais Portuários de Navegantes;27/11/2025 01:26;
9731951;COSCO SHIPPING RHINE;Container Ship;COSCO;Cosco Shipping;Ocean Alliance;Santos;Cais da Santos Brasil (SSZ 16) - Privativo;03/06/2025 20:50;
9731951;COSCO SHIPPING RHINE;Container Ship;COSCO;Cosco Shipping;Ocean Alliance;Rio de Janeiro;ICTSI;17/08/2025 08:25;
9731951;COSCO SHIPPING RHINE;Container Ship;COSCO;Cosco Shipping;Ocean Alliance;Rio de Janeiro;ICTSI;14/05/2025 11:25;
9731951;COSCO SHIPPING RHINE;Container Ship;COSCO;Cosco Shipping;Ocean Alliance;Portonave - Terminais Portuários de Navegantes;Portonave - Terminais Portuários de Navegantes;27/08/2025 17:25;
9793961;KOTA PUSAKA;Container Ship;PIL;PIL;Non-aligned;Rio de Janeiro;ICTSI;20/05/2025 09:40;
9793961;KOTA PUSAKA;Container Ship;PIL;PIL;Non-aligned;Santos;Cais da Santos Brasil (SSZ 16) - Privativo;01/12/2025 11:56;
9793961;KOTA PUSAKA;Container Ship;PIL;PIL;Non-aligned;Santos;Cais da Santos Brasil (SSZ 16) - Privativo;16/12/2025 11:55;
9793961;KOTA PUSAKA;Container Ship;PIL;PIL;Non-aligned;Paranaguá;TCP;14/09/2025 04:40;
9793961;KOTA PUSAKA;Container Ship;PIL;PIL;Non-aligned;Itajaí;Cais Arrendado Transitoriamente;05/12/2025 13:58;
9793961;KOTA PUSAKA;Container Ship;PIL;PIL;Non-aligned;Santos;Cais da Santos Brasil (SSZ 16) - Privativo;18/06/2025 09:20;
9793961;KOTA PUSAKA;Container Ship;PIL;PIL;Non-aligned;Santos;Cais da Santos Brasil (SSZ 16) - Privativo;29/08/2025 22:25;
9793961;KOTA PUSAKA;Container Ship;PIL;PIL;Non-aligned;Santos;Cais da Santos Brasil (SSZ 16) - Privativo;27/05/2025 19:43;
9793961;KOTA PUSAKA;Container Ship;PIL;PIL;Non-aligned;Portonave - Terminais Portuários de Navegantes;Portonave - Terminais Portuários de Navegantes;11/02/2025 16:12;
9793961;KOTA PUSAKA;Container Ship;PIL;PIL;Non-aligned;Rio de Janeiro;ICTSI;03/12/2025 10:10;
9793961;KOTA PUSAKA;Container Ship;PIL;PIL;Non-aligned;Rio de Janeiro;ICTSI;05/02/2025 07:40;
9793961;KOTA PUSAKA;Container Ship;PIL;PIL;Non-aligned;Paranaguá;TCP;14/06/2025 06:00;
9793961;KOTA PUSAKA;Container Ship;PIL;PIL;Non-aligned;Portonave - Terminais Portuários de Navegantes;Portonave - Terminais Portuários de Navegantes;31/08/2025 13:30;
9793961;KOTA PUSAKA;Container Ship;PIL;PIL;Non-aligned;Portonave - Terminais Portuários de Navegantes;Portonave - Terminais Portuários de Navegantes;31/05/2025 10:45;
9793961;KOTA PUSAKA;Container Ship;PIL;PIL;Non-aligned;Paranaguá;TCP;20/02/2025 21:45;
9793961;KOTA PUSAKA;Container Ship;PIL;PIL;Non-aligned;Rio de Janeiro;ICTSI;27/08/2025 14:45;
9793961;KOTA PUSAKA;Container Ship;PIL;PIL;Non-aligned;Santos;Cais da Santos Brasil (SSZ 16) - Privativo;18/09/2025 08:28;
9974474;MSC COTE DIVOIRE;Container Ship;MSC;MSC;MSC (standalone);Terminal Portuário do Pecém;Terminal Portuário do Pecém;22/01/2025 03:44;
9974474;MSC COTE DIVOIRE;Container Ship;MSC;MSC;MSC (standalone);Salvador;TECON Área 2;29/01/2025 19:45;
9327669;LOG-IN RESILIENTE;Container Ship;LOG-IN;Log-In;Regional / affiliated carrier;Santos;Cais da BTP (SSZ 41) - Privativo;16/05/2025 17:55;
9327669;LOG-IN RESILIENTE;Container Ship;LOG-IN;Log-In;Regional / affiliated carrier;Rio de Janeiro;Multi-Rio;29/09/2025 18:50;
9731913;COSCOSHIPPING DANUBE;Container Ship;COSCO;Cosco Shipping;Ocean Alliance;Rio de Janeiro;ICTSI;02/05/2025 18:00;
9731913;COSCOSHIPPING DANUBE;Container Ship;COSCO;Cosco Shipping;Ocean Alliance;Paranaguá;TCP;18/05/2025 03:55;
9731913;COSCOSHIPPING DANUBE;Container Ship;COSCO;Cosco Shipping;Ocean Alliance;Rio de Janeiro;ICTSI;24/01/2025 14:20;
9731913;COSCOSHIPPING DANUBE;Container Ship;COSCO;Cosco Shipping;Ocean Alliance;Portonave - Terminais Portuários de Navegantes;Portonave - Terminais Portuários de Navegantes;19/08/2025 11:42;
9731913;COSCOSHIPPING DANUBE;Container Ship;COSCO;Cosco Shipping;Ocean Alliance;Portonave - Terminais Portuários de Navegantes;Portonave - Terminais Portuários de Navegantes;05/05/2025 17:12;
9731913;COSCOSHIPPING DANUBE;Container Ship;COSCO;Cosco Shipping;Ocean Alliance;Rio de Janeiro;ICTSI;13/08/2025 15:10;
9731913;COSCOSHIPPING DANUBE;Container Ship;COSCO;Cosco Shipping;Ocean Alliance;Santos;Cais da Santos Brasil (SSZ 16) - Privativo;04/09/2025 07:24;
9731913;COSCOSHIPPING DANUBE;Container Ship;COSCO;Cosco Shipping;Ocean Alliance;Portonave - Terminais Portuários de Navegantes;Portonave - Terminais Portuários de Navegantes;09/02/2025 12:18;
9731913;COSCOSHIPPING DANUBE;Container Ship;COSCO;Cosco Shipping;Ocean Alliance;Paranaguá;TCP;10/02/2025 08:15;
9731913;COSCOSHIPPING DANUBE;Container Ship;COSCO;Cosco Shipping;Ocean Alliance;Santos;Cais da Santos Brasil (SSZ 16) - Privativo;17/08/2025 05:40;
9731913;COSCOSHIPPING DANUBE;Container Ship;COSCO;Cosco Shipping;Ocean Alliance;Santos;Cais da Santos Brasil (SSZ 16) - Privativo;16/11/2025 04:07;
9731913;COSCOSHIPPING DANUBE;Container Ship;COSCO;Cosco Shipping;Ocean Alliance;Santos;Cais da Santos Brasil (SSZ 16) - Privativo;21/05/2025 05:12;
9731913;COSCOSHIPPING DANUBE;Container Ship;COSCO;Cosco Shipping;Ocean Alliance;Santos;Cais da Santos Brasil (SSZ 16) - Privativo;04/05/2025 04:05;
9731913;COSCOSHIPPING DANUBE;Container Ship;COSCO;Cosco Shipping;Ocean Alliance;Paranaguá;TCP;31/08/2025 18:40;
9731913;COSCOSHIPPING DANUBE;Container Ship;COSCO;Cosco Shipping;Ocean Alliance;Santos;Cais da Santos Brasil (SSZ 16) - Privativo;03/12/2025 15:40;
9526966;MAERSK LEON;Container Ship;MAERSK;Maersk Group;Gemini Cooperation;Paranaguá;TCP;14/05/2025 10:17;
9526966;MAERSK LEON;Container Ship;MAERSK;Maersk Group;Gemini Cooperation;Santos;Cais da BTP (SSZ 41) - Privativo;04/04/2025 01:33;
9526966;MAERSK LEON;Container Ship;MAERSK;Maersk Group;Gemini Cooperation;Santos;Cais da Santos Brasil (SSZ 16) - Privativo;10/05/2025 07:20;
9526966;MAERSK LEON;Container Ship;MAERSK;Maersk Group;Gemini Cooperation;Paranaguá;TCP;19/02/2025 11:17;
9526966;MAERSK LEON;Container Ship;MAERSK;Maersk Group;Gemini Cooperation;Paranaguá;TCP;08/01/2025 12:00;
9526966;MAERSK LEON;Container Ship;MAERSK;Maersk Group;Gemini Cooperation;Salvador;TECON Área 2;10/02/2025 21:40;
9526966;MAERSK LEON;Container Ship;MAERSK;Maersk Group;Gemini Cooperation;Santos;Cais da BTP (SSZ 41) - Privativo;14/02/2025 01:00;
9526966;MAERSK LEON;Container Ship;MAERSK;Maersk Group;Gemini Cooperation;Santos;Cais da BTP (SSZ 41) - Privativo;14/12/2025 13:03;
9526966;MAERSK LEON;Container Ship;MAERSK;Maersk Group;Gemini Cooperation;Santos;Cais da BTP (SSZ 41) - Privativo;19/09/2025 06:05;
9526966;MAERSK LEON;Container Ship;MAERSK;Maersk Group;Gemini Cooperation;Salvador;TECON;05/05/2025 22:20;
9526966;MAERSK LEON;Container Ship;MAERSK;Maersk Group;Gemini Cooperation;Santos;Cais da BTP (SSZ 41) - Privativo;10/08/2025 23:47;
9526966;MAERSK LEON;Container Ship;MAERSK;Maersk Group;Gemini Cooperation;Santos;Cais da Santos Brasil (SSZ 16) - Privativo;21/06/2025 04:05;
9526966;MAERSK LEON;Container Ship;MAERSK;Maersk Group;Gemini Cooperation;Paranaguá;TCP;25/06/2025 23:25;
9526966;MAERSK LEON;Container Ship;MAERSK;Maersk Group;Gemini Cooperation;Santos;Cais da Santos Brasil (SSZ 16) - Privativo;25/10/2025 07:25;
9526966;MAERSK LEON;Container Ship;MAERSK;Maersk Group;Gemini Cooperation;Santos;Cais da Santos Brasil (SSZ 16) - Privativo;02/08/2025 01:40;
9526966;MAERSK LEON;Container Ship;MAERSK;Maersk Group;Gemini Cooperation;Paranaguá;TCP;30/10/2025 01:05;
9526966;MAERSK LEON;Container Ship;MAERSK;Maersk Group;Gemini Cooperation;Paranaguá;TCP;05/08/2025 21:25;
9526966;MAERSK LEON;Container Ship;MAERSK;Maersk Group;Gemini Cooperation;Paranaguá;TCP;11/12/2025 13:52;
9526966;MAERSK LEON;Container Ship;MAERSK;Maersk Group;Gemini Cooperation;Santos;Cais da BTP (SSZ 41) - Privativo;31/10/2025 22:20;
9526966;MAERSK LEON;Container Ship;MAERSK;Maersk Group;Gemini Cooperation;Santos;Cais da Santos Brasil (SSZ 16) - Privativo;13/09/2025 19:55;
9526966;MAERSK LEON;Container Ship;MAERSK;Maersk Group;Gemini Cooperation;Paranaguá;TCP;02/04/2025 15:38;
9526966;MAERSK LEON;Container Ship;MAERSK;Maersk Group;Gemini Cooperation;Paranaguá;TCP;17/09/2025 12:32;
9526966;MAERSK LEON;Container Ship;MAERSK;Maersk Group;Gemini Cooperation;Santos;Cais da BTP (SSZ 41) - Privativo;16/05/2025 09:15;
9526966;MAERSK LEON;Container Ship;MAERSK;Maersk Group;Gemini Cooperation;Santos;Cais da BTP (SSZ 41) - Privativo;27/06/2025 19:30;
9526966;MAERSK LEON;Container Ship;MAERSK;Maersk Group;Gemini Cooperation;Salvador;TECON Área 2;16/06/2025 19:35;
9526966;MAERSK LEON;Container Ship;MAERSK;Maersk Group;Gemini Cooperation;Santos;Cais da Santos Brasil (SSZ 16) - Privativo;06/12/2025 06:41;
9526966;MAERSK LEON;Container Ship;MAERSK;Maersk Group;Gemini Cooperation;Santos;Cais da BTP (SSZ 41) - Privativo;29/03/2025 15:40;
9526966;MAERSK LEON;Container Ship;MAERSK;Maersk Group;Gemini Cooperation;Salvador;TECON Área 2;28/07/2025 20:10;
9526966;MAERSK LEON;Container Ship;MAERSK;Maersk Group;Gemini Cooperation;Santos;Cais da BTP (SSZ 41) - Privativo;23/02/2025 03:15;
9526966;MAERSK LEON;Container Ship;MAERSK;Maersk Group;Gemini Cooperation;Santos;Cais da BTP (SSZ 41) - Privativo;11/01/2025 13:20;
9526966;MAERSK LEON;Container Ship;MAERSK;Maersk Group;Gemini Cooperation;Santos;Cais da BTP (SSZ 41) - Privativo;03/01/2025 01:00;
9618276;RUBY TOWER;Container Ship;UNKNOWN;UNKNOWN;Unknown;Rio de Janeiro;Multi-Rio;05/02/2025 14:25;
9618276;RUBY TOWER;Container Ship;UNKNOWN;UNKNOWN;Unknown;Paranaguá;TCP;11/02/2025 06:15;
9618276;RUBY TOWER;Container Ship;UNKNOWN;UNKNOWN;Unknown;Santos;Cais da Santos Brasil (SSZ 16) - Privativo;07/02/2025 13:55;
9618276;RUBY TOWER;Container Ship;UNKNOWN;UNKNOWN;Unknown;Santos;Cais da BTP (SSZ 41) - Privativo;23/02/2025 21:45;
9618276;RUBY TOWER;Container Ship;UNKNOWN;UNKNOWN;Unknown;Rio de Janeiro;Multi-Rio;28/02/2025 13:00;
9945875;COSCO SHIPPING PERU;Container Ship;COSCO;Cosco Shipping;Ocean Alliance;Rio de Janeiro;ICTSI;02/03/2025 17:15;
9945875;COSCO SHIPPING PERU;Container Ship;COSCO;Cosco Shipping;Ocean Alliance;Rio de Janeiro;ICTSI;25/11/2025 08:10;
9945875;COSCO SHIPPING PERU;Container Ship;COSCO;Cosco Shipping;Ocean Alliance;Santos;Cais da Santos Brasil (SSZ 16) - Privativo;28/11/2025 20:56;
9945875;COSCO SHIPPING PERU;Container Ship;COSCO;Cosco Shipping;Ocean Alliance;Rio de Janeiro;ICTSI;11/09/2025 17:10;
9945875;COSCO SHIPPING PERU;Container Ship;COSCO;Cosco Shipping;Ocean Alliance;Rio de Janeiro;ICTSI;11/06/2025 16:15;
9945875;COSCO SHIPPING PERU;Container Ship;COSCO;Cosco Shipping;Ocean Alliance;Portonave - Terminais Portuários de Navegantes;Portonave - Terminais Portuários de Navegantes;27/02/2025 11:52;
9945875;COSCO SHIPPING PERU;Container Ship;COSCO;Cosco Shipping;Ocean Alliance;Santos;Cais da Santos Brasil (SSZ 16) - Privativo;28/02/2025 22:30;
9945875;COSCO SHIPPING PERU;Container Ship;COSCO;Cosco Shipping;Ocean Alliance;Paranaguá;TCP;26/05/2025 16:40;
9945875;COSCO SHIPPING PERU;Container Ship;COSCO;Cosco Shipping;Ocean Alliance;Santos;Cais da Santos Brasil (SSZ 16) - Privativo;19/02/2025 17:43;
9945875;COSCO SHIPPING PERU;Container Ship;COSCO;Cosco Shipping;Ocean Alliance;Paranaguá;TCP;30/11/2025 13:10;
9945875;COSCO SHIPPING PERU;Container Ship;COSCO;Cosco Shipping;Ocean Alliance;Santos;Cais da Santos Brasil (SSZ 16) - Privativo;07/06/2025 18:15;
9945875;COSCO SHIPPING PERU;Container Ship;COSCO;Cosco Shipping;Ocean Alliance;Santos;Cais da Santos Brasil (SSZ 16) - Privativo;29/08/2025 21:20;
9945875;COSCO SHIPPING PERU;Container Ship;COSCO;Cosco Shipping;Ocean Alliance;Santos;Cais da Santos Brasil (SSZ 16) - Privativo;23/05/2025 19:15;
9945875;COSCO SHIPPING PERU;Container Ship;COSCO;Cosco Shipping;Ocean Alliance;Rio de Janeiro;ICTSI;17/05/2025 13:40;
9945875;COSCO SHIPPING PERU;Container Ship;COSCO;Cosco Shipping;Ocean Alliance;Rio de Janeiro;ICTSI;15/02/2025 07:25;
9945875;COSCO SHIPPING PERU;Container Ship;COSCO;Cosco Shipping;Ocean Alliance;Portonave - Terminais Portuários de Navegantes;Portonave - Terminais Portuários de Navegantes;03/12/2025 10:36;
9945875;COSCO SHIPPING PERU;Container Ship;COSCO;Cosco Shipping;Ocean Alliance;Rio de Janeiro;ICTSI;11/12/2025 13:25;
9945875;COSCO SHIPPING PERU;Container Ship;COSCO;Cosco Shipping;Ocean Alliance;Paranaguá;TCP;01/09/2025 17:10;
9945875;COSCO SHIPPING PERU;Container Ship;COSCO;Cosco Shipping;Ocean Alliance;Portonave - Terminais Portuários de Navegantes;Portonave - Terminais Portuários de Navegantes;04/06/2025 12:26;
9945875;COSCO SHIPPING PERU;Container Ship;COSCO;Cosco Shipping;Ocean Alliance;Santos;Cais da Santos Brasil (SSZ 16) - Privativo;06/12/2025 08:34;
9945875;COSCO SHIPPING PERU;Container Ship;COSCO;Cosco Shipping;Ocean Alliance;Paranaguá;TCP;22/02/2025 13:10;
9945875;COSCO SHIPPING PERU;Container Ship;COSCO;Cosco Shipping;Ocean Alliance;Rio de Janeiro;ICTSI;26/08/2025 17:20;
9945875;COSCO SHIPPING PERU;Container Ship;COSCO;Cosco Shipping;Ocean Alliance;Portonave - Terminais Portuários de Navegantes;Portonave - Terminais Portuários de Navegantes;04/09/2025 12:25;
9251688;MSC VANESSA;Container Ship;MSC;MSC;MSC (standalone);Salvador;TECON Área 2;19/02/2025 07:30;
9251688;MSC VANESSA;Container Ship;MSC;MSC;MSC (standalone);Rio de Janeiro;Multi-Rio;15/02/2025 10:10;
9251688;MSC VANESSA;Container Ship;MSC;MSC;MSC (standalone);Santos;Cais da BTP (SSZ 41) - Privativo;13/02/2025 17:10;
9251688;MSC VANESSA;Container Ship;MSC;MSC;MSC (standalone);Itajaí;Cais Arrendado Transitoriamente;01/02/2025 23:51;
9251688;MSC VANESSA;Container Ship;MSC;MSC;MSC (standalone);Paranaguá;TCP;12/02/2025 05:00;
9251688;MSC VANESSA;Container Ship;MSC;MSC;MSC (standalone);Itajaí;Cais Arrendado Transitoriamente;10/02/2025 17:05;
9251688;MSC VANESSA;Container Ship;MSC;MSC;MSC (standalone);Rio Grande;Cais Tecon Rio Grande S.A.;09/02/2025 06:30;
9864514;YM CONTINENT;Container Ship;YANG MING;Yang Ming;Premier Alliance;Portonave - Terminais Portuários de Navegantes;Portonave - Terminais Portuários de Navegantes;17/02/2025 15:12;
9864514;YM CONTINENT;Container Ship;YANG MING;Yang Ming;Premier Alliance;Santos;Cais da Santos Brasil (SSZ 16) - Privativo;11/02/2025 19:35;
9864514;YM CONTINENT;Container Ship;YANG MING;Yang Ming;Premier Alliance;Rio de Janeiro;ICTSI;13/02/2025 19:35;
9400083;MAIPO;Container Ship;UNKNOWN;UNKNOWN;Unknown;Rio Grande;Cais Tecon Rio Grande S.A.;17/02/2025 13:35;
9400083;MAIPO;Container Ship;UNKNOWN;UNKNOWN;Unknown;Rio Grande;Cais Tecon Rio Grande S.A.;14/07/2025 16:50;
9400083;MAIPO;Container Ship;UNKNOWN;UNKNOWN;Unknown;Portonave - Terminais Portuários de Navegantes;Portonave - Terminais Portuários de Navegantes;21/02/2025 00:36;
9400083;MAIPO;Container Ship;UNKNOWN;UNKNOWN;Unknown;Itajaí;Cais Arrendado Transitoriamente;17/07/2025 01:30;
9400083;MAIPO;Container Ship;UNKNOWN;UNKNOWN;Unknown;Rio de Janeiro;Multi-Rio;26/02/2025 19:00;
9400083;MAIPO;Container Ship;UNKNOWN;UNKNOWN;Unknown;Paranaguá;TCP;19/07/2025 01:55;
9400083;MAIPO;Container Ship;UNKNOWN;UNKNOWN;Unknown;Rio de Janeiro;Multi-Rio;13/05/2025 12:45;
9400083;MAIPO;Container Ship;UNKNOWN;UNKNOWN;Unknown;Paranaguá;TCP;09/05/2025 19:00;
9969089;CMA CGM MERCANTOUR;Container Ship;CMA CGM;CMA CGM Group;Ocean Alliance;Santos;Cais da Santos Brasil (SSZ 16) - Privativo;06/09/2025 00:47;
9969089;CMA CGM MERCANTOUR;Container Ship;CMA CGM;CMA CGM Group;Ocean Alliance;Santos;Cais da Santos Brasil (SSZ 16) - Privativo;27/06/2025 05:53;
9969089;CMA CGM MERCANTOUR;Container Ship;CMA CGM;CMA CGM Group;Ocean Alliance;Rio de Janeiro;ICTSI;07/09/2025 23:05;
9969089;CMA CGM MERCANTOUR;Container Ship;CMA CGM;CMA CGM Group;Ocean Alliance;Rio de Janeiro;ICTSI;05/07/2025 22:00;
9969089;CMA CGM MERCANTOUR;Container Ship;CMA CGM;CMA CGM Group;Ocean Alliance;Paranaguá;TCP;21/12/2025 05:30;
9969089;CMA CGM MERCANTOUR;Container Ship;CMA CGM;CMA CGM Group;Ocean Alliance;Santos;Cais da Santos Brasil (SSZ 16) - Privativo;03/07/2025 13:53;
9969089;CMA CGM MERCANTOUR;Container Ship;CMA CGM;CMA CGM Group;Ocean Alliance;Rio de Janeiro;ICTSI;17/05/2025 22:30;
9969089;CMA CGM MERCANTOUR;Container Ship;CMA CGM;CMA CGM Group;Ocean Alliance;Santos;Cais da Santos Brasil (SSZ 16) - Privativo;25/12/2025 17:07;
9969089;CMA CGM MERCANTOUR;Container Ship;CMA CGM;CMA CGM Group;Ocean Alliance;Paranaguá;TCP;03/03/2025 13:50;
9969089;CMA CGM MERCANTOUR;Container Ship;CMA CGM;CMA CGM Group;Ocean Alliance;Rio de Janeiro;ICTSI;27/12/2025 19:15;
9969089;CMA CGM MERCANTOUR;Container Ship;CMA CGM;CMA CGM Group;Ocean Alliance;Santos;Cais da Santos Brasil (SSZ 16) - Privativo;28/08/2025 15:07;
9969089;CMA CGM MERCANTOUR;Container Ship;CMA CGM;CMA CGM Group;Ocean Alliance;Salvador;TECON Área 2;04/11/2025 21:10;
9969089;CMA CGM MERCANTOUR;Container Ship;CMA CGM;CMA CGM Group;Ocean Alliance;Salvador;TECON;06/03/2025 21:00;
9969089;CMA CGM MERCANTOUR;Container Ship;CMA CGM;CMA CGM Group;Ocean Alliance;Salvador;TECON Área 2;08/07/2025 16:50;
9969089;CMA CGM MERCANTOUR;Container Ship;CMA CGM;CMA CGM Group;Ocean Alliance;Salvador;TECON;10/09/2025 11:50;
9969089;CMA CGM MERCANTOUR;Container Ship;CMA CGM;CMA CGM Group;Ocean Alliance;Santos;Cais da Santos Brasil (SSZ 16) - Privativo;30/10/2025 20:27;
9969089;CMA CGM MERCANTOUR;Container Ship;CMA CGM;CMA CGM Group;Ocean Alliance;Santos;Cais da Santos Brasil (SSZ 16) - Privativo;15/05/2025 19:54;
9410260;AS SAMANTA;Container Ship;UNKNOWN;UNKNOWN;Unknown;Santos;Cais da BTP (SSZ 41) - Privativo;24/04/2025 09:13;
9410260;AS SAMANTA;Container Ship;UNKNOWN;UNKNOWN;Unknown;Santos;Cais da BTP (SSZ 41) - Privativo;23/05/2025 20:50;
9410260;AS SAMANTA;Container Ship;UNKNOWN;UNKNOWN;Unknown;Santos;Cais da BTP (SSZ 41) - Privativo;04/06/2025 14:18;
9410260;AS SAMANTA;Container Ship;UNKNOWN;UNKNOWN;Unknown;Santos;Cais da Santos Brasil (SSZ 16) - Privativo;25/02/2025 17:41;
9953561;IRENES RULE;Container Ship;UNKNOWN;UNKNOWN;Unknown;Itajaí;Cais Arrendado Transitoriamente;17/11/2025 06:45;
9953561;IRENES RULE;Container Ship;UNKNOWN;UNKNOWN;Unknown;Itajaí;Cais Arrendado Transitoriamente;18/02/2025 08:46;
9953561;IRENES RULE;Container Ship;UNKNOWN;UNKNOWN;Unknown;Santos;Cais da Santos Brasil (SSZ 16) - Privativo;27/06/2025 19:16;
9953561;IRENES RULE;Container Ship;UNKNOWN;UNKNOWN;Unknown;Santos;Cais da Santos Brasil (SSZ 16) - Privativo;09/05/2025 11:15;
9953561;IRENES RULE;Container Ship;UNKNOWN;UNKNOWN;Unknown;Santos;Cais da Santos Brasil (SSZ 16) - Privativo;27/03/2025 13:00;
9953561;IRENES RULE;Container Ship;UNKNOWN;UNKNOWN;Unknown;Paranaguá;TCP;13/02/2025 16:30;
9953561;IRENES RULE;Container Ship;UNKNOWN;UNKNOWN;Unknown;Itajaí;Cais Arrendado Transitoriamente;30/09/2025 05:49;
9953561;IRENES RULE;Container Ship;UNKNOWN;UNKNOWN;Unknown;Itajaí;Cais Arrendado Transitoriamente;25/03/2025 08:08;
9953561;IRENES RULE;Container Ship;UNKNOWN;UNKNOWN;Unknown;Paranaguá;TCP;28/09/2025 21:15;
9953561;IRENES RULE;Container Ship;UNKNOWN;UNKNOWN;Unknown;Itajaí;Cais Arrendado Transitoriamente;05/05/2025 22:29;
9953561;IRENES RULE;Container Ship;UNKNOWN;UNKNOWN;Unknown;Itajaí;Cais Arrendado Transitoriamente;28/12/2025 05:18;
9953561;IRENES RULE;Container Ship;UNKNOWN;UNKNOWN;Unknown;Santos;Cais da Santos Brasil (SSZ 16) - Privativo;15/08/2025 14:06;
9629469;SWANSEA;Container Ship;UNKNOWN;UNKNOWN;Unknown;Santos;Cais da Santos Brasil (SSZ 16) - Privativo;17/04/2025 19:50;
9629469;SWANSEA;Container Ship;UNKNOWN;UNKNOWN;Unknown;Rio de Janeiro;ICTSI;28/06/2025 20:00;
9629469;SWANSEA;Container Ship;UNKNOWN;UNKNOWN;Unknown;Santos;Cais da Santos Brasil (SSZ 16) - Privativo;22/08/2025 02:23;
9629469;SWANSEA;Container Ship;UNKNOWN;UNKNOWN;Unknown;Santos;Cais da Santos Brasil (SSZ 16) - Privativo;20/06/2025 01:16;
9629469;SWANSEA;Container Ship;UNKNOWN;UNKNOWN;Unknown;Salvador;TECON Área 2;03/09/2025 23:00;
9629469;SWANSEA;Container Ship;UNKNOWN;UNKNOWN;Unknown;Rio de Janeiro;ICTSI;28/10/2025 09:30;
9629469;SWANSEA;Container Ship;UNKNOWN;UNKNOWN;Unknown;Santos;Cais da Santos Brasil (SSZ 16) - Privativo;25/10/2025 14:00;
9629469;SWANSEA;Container Ship;UNKNOWN;UNKNOWN;Unknown;Salvador;TECON;01/07/2025 03:10;
9629469;SWANSEA;Container Ship;UNKNOWN;UNKNOWN;Unknown;Paranaguá;TCP;19/04/2025 15:27;
9629469;SWANSEA;Container Ship;UNKNOWN;UNKNOWN;Unknown;Paranaguá;TCP;21/06/2025 10:25;
9629469;SWANSEA;Container Ship;UNKNOWN;UNKNOWN;Unknown;Rio de Janeiro;ICTSI;01/09/2025 09:40;
9629469;SWANSEA;Container Ship;UNKNOWN;UNKNOWN;Unknown;Santos;Cais da Santos Brasil (SSZ 16) - Privativo;18/12/2025 19:25;
9629469;SWANSEA;Container Ship;UNKNOWN;UNKNOWN;Unknown;Salvador;TECON Área 2;02/11/2025 01:20;
9629469;SWANSEA;Container Ship;UNKNOWN;UNKNOWN;Unknown;Santos;Cais da Santos Brasil (SSZ 16) - Privativo;30/08/2025 04:25;
9629469;SWANSEA;Container Ship;UNKNOWN;UNKNOWN;Unknown;Santos;Cais da Santos Brasil (SSZ 16) - Privativo;27/06/2025 08:45;
9629469;SWANSEA;Container Ship;UNKNOWN;UNKNOWN;Unknown;Santos;Cais da Santos Brasil (SSZ 16) - Privativo;23/04/2025 18:00;
9629469;SWANSEA;Container Ship;UNKNOWN;UNKNOWN;Unknown;Salvador;TECON Área 2;30/04/2025 04:10;
9332872;TSINGTAO EXPRESS;;HAPAG-LLOYD;Hapag-Lloyd;Gemini Cooperation;Paranaguá;TCP;27/09/2025 00:30;8750.0
9332872;TSINGTAO EXPRESS;;HAPAG-LLOYD;Hapag-Lloyd;Gemini Cooperation;Santos;Cais da BTP (SSZ 41) - Privativo;08/05/2025 06:13;8750.0
9332872;TSINGTAO EXPRESS;;HAPAG-LLOYD;Hapag-Lloyd;Gemini Cooperation;Rio de Janeiro;Multi-Rio;19/05/2025 17:20;8750.0
9332872;TSINGTAO EXPRESS;;HAPAG-LLOYD;Hapag-Lloyd;Gemini Cooperation;Paranaguá;TCP;25/07/2025 18:40;8750.0
9332872;TSINGTAO EXPRESS;;HAPAG-LLOYD;Hapag-Lloyd;Gemini Cooperation;Rio Grande;Cais Tecon Rio Grande S.A.;03/03/2025 18:00;8750.0
9332872;TSINGTAO EXPRESS;;HAPAG-LLOYD;Hapag-Lloyd;Gemini Cooperation;Rio de Janeiro;Multi-Rio;11/03/2025 10:20;8750.0
9332872;TSINGTAO EXPRESS;;HAPAG-LLOYD;Hapag-Lloyd;Gemini Cooperation;Rio Grande;Cais Tecon Rio Grande S.A.;02/12/2025 10:55;8750.0
9332872;TSINGTAO EXPRESS;;HAPAG-LLOYD;Hapag-Lloyd;Gemini Cooperation;Rio Grande;Cais Tecon Rio Grande S.A.;23/07/2025 11:35;8750.0
9332872;TSINGTAO EXPRESS;;HAPAG-LLOYD;Hapag-Lloyd;Gemini Cooperation;Rio Grande;Cais Tecon Rio Grande S.A.;14/05/2025 21:30;8750.0
9332872;TSINGTAO EXPRESS;;HAPAG-LLOYD;Hapag-Lloyd;Gemini Cooperation;Rio Grande;Cais Tecon Rio Grande S.A.;22/09/2025 13:30;8750.0
9332872;TSINGTAO EXPRESS;;HAPAG-LLOYD;Hapag-Lloyd;Gemini Cooperation;Itajaí;Cais Arrendado Transitoriamente;04/12/2025 15:36;8750.0
9332872;TSINGTAO EXPRESS;;HAPAG-LLOYD;Hapag-Lloyd;Gemini Cooperation;Paranaguá;TCP;06/12/2025 04:25;8750.0
9332872;TSINGTAO EXPRESS;;HAPAG-LLOYD;Hapag-Lloyd;Gemini Cooperation;Portonave - Terminais Portuários de Navegantes;Portonave - Terminais Portuários de Navegantes;16/05/2025 20:42;8750.0
9332872;TSINGTAO EXPRESS;;HAPAG-LLOYD;Hapag-Lloyd;Gemini Cooperation;Itajaí;Cais Arrendado Transitoriamente;24/09/2025 23:40;8750.0
9687552;CAUQUENES;Container Ship;UNKNOWN;UNKNOWN;Unknown;Rio de Janeiro;ICTSI;12/02/2025 19:15;
9243174;MAERSK GAIRLOCH;;MAERSK;Maersk Group;Gemini Cooperation;Itajaí;Cais Arrendado Transitoriamente;23/09/2025 22:00;6418.0
9243174;MAERSK GAIRLOCH;;MAERSK;Maersk Group;Gemini Cooperation;Paranaguá;TCP;28/04/2025 00:35;6418.0
9243174;MAERSK GAIRLOCH;;MAERSK;Maersk Group;Gemini Cooperation;Santos;Cais da Santos Brasil (SSZ 16) - Privativo;11/02/2025 23:50;6418.0
9243174;MAERSK GAIRLOCH;;MAERSK;Maersk Group;Gemini Cooperation;Santos;Cais da Santos Brasil (SSZ 16) - Privativo;14/06/2025 20:07;6418.0
9243174;MAERSK GAIRLOCH;;MAERSK;Maersk Group;Gemini Cooperation;Itajaí;Cais Arrendado Transitoriamente;07/08/2025 17:20;6418.0
9243174;MAERSK GAIRLOCH;;MAERSK;Maersk Group;Gemini Cooperation;Paranaguá;TCP;09/06/2025 00:50;6418.0
9243174;MAERSK GAIRLOCH;;MAERSK;Maersk Group;Gemini Cooperation;Santos;Cais da Santos Brasil (SSZ 16) - Privativo;26/09/2025 13:20;6418.0
9243174;MAERSK GAIRLOCH;;MAERSK;Maersk Group;Gemini Cooperation;Itajaí;Cais Arrendado Transitoriamente;04/11/2025 16:13;6418.0
9243174;MAERSK GAIRLOCH;;MAERSK;Maersk Group;Gemini Cooperation;Santos;Cais da Santos Brasil (SSZ 16) - Privativo;20/03/2025 16:53;6418.0
9243174;MAERSK GAIRLOCH;;MAERSK;Maersk Group;Gemini Cooperation;Itajaí;Cais Arrendado Transitoriamente;10/06/2025 06:09;6418.0
9243174;MAERSK GAIRLOCH;;MAERSK;Maersk Group;Gemini Cooperation;Itajaí;Cais Arrendado Transitoriamente;18/03/2025 14:03;6418.0
9243174;MAERSK GAIRLOCH;;MAERSK;Maersk Group;Gemini Cooperation;Santos;Cais da Santos Brasil (SSZ 16) - Privativo;01/05/2025 03:13;6418.0
9243174;MAERSK GAIRLOCH;;MAERSK;Maersk Group;Gemini Cooperation;Itajaí;Cais Arrendado Transitoriamente;21/12/2025 20:24;6418.0
9243174;MAERSK GAIRLOCH;;MAERSK;Maersk Group;Gemini Cooperation;Paranaguá;TCP;06/02/2025 11:15;6418.0
9243174;MAERSK GAIRLOCH;;MAERSK;Maersk Group;Gemini Cooperation;Paranaguá;TCP;05/08/2025 02:00;6418.0
9243174;MAERSK GAIRLOCH;;MAERSK;Maersk Group;Gemini Cooperation;Paranaguá;TCP;03/11/2025 08:40;6418.0
9850812;EVER FORWARD;;EVERGREEN;Evergreen;Ocean Alliance;Rio de Janeiro;ICTSI;05/03/2025 13:50;12118.0
9850812;EVER FORWARD;;EVERGREEN;Evergreen;Ocean Alliance;Portonave - Terminais Portuários de Navegantes;Portonave - Terminais Portuários de Navegantes;01/06/2025 23:24;12118.0
9850812;EVER FORWARD;;EVERGREEN;Evergreen;Ocean Alliance;Rio de Janeiro;ICTSI;16/02/2025 10:35;12118.0
9850812;EVER FORWARD;;EVERGREEN;Evergreen;Ocean Alliance;Itajaí;Cais Arrendado Transitoriamente;22/09/2025 21:20;12118.0
9850812;EVER FORWARD;;EVERGREEN;Evergreen;Ocean Alliance;Portonave - Terminais Portuários de Navegantes;Portonave - Terminais Portuários de Navegantes;09/09/2025 18:06;12118.0
9850812;EVER FORWARD;;EVERGREEN;Evergreen;Ocean Alliance;Paranaguá;TCP;28/12/2025 14:35;12118.0
9850812;EVER FORWARD;;EVERGREEN;Evergreen;Ocean Alliance;Santos;Cais da Santos Brasil (SSZ 16) - Privativo;24/05/2025 22:10;12118.0
9850812;EVER FORWARD;;EVERGREEN;Evergreen;Ocean Alliance;Santos;Cais da Santos Brasil (SSZ 16) - Privativo;26/05/2025 02:15;12118.0
9850812;EVER FORWARD;;EVERGREEN;Evergreen;Ocean Alliance;Santos;Cais da Santos Brasil (SSZ 16) - Privativo;07/09/2025 14:20;12118.0
9850812;EVER FORWARD;;EVERGREEN;Evergreen;Ocean Alliance;Santos;Cais da Santos Brasil (SSZ 16) - Privativo;07/12/2025 16:24;12118.0
9850812;EVER FORWARD;;EVERGREEN;Evergreen;Ocean Alliance;Portonave - Terminais Portuários de Navegantes;Portonave - Terminais Portuários de Navegantes;14/12/2025 16:06;12118.0
9850812;EVER FORWARD;;EVERGREEN;Evergreen;Ocean Alliance;Rio de Janeiro;ICTSI;03/09/2025 11:20;12118.0
9850812;EVER FORWARD;;EVERGREEN;Evergreen;Ocean Alliance;Santos;Cais da Santos Brasil (SSZ 16) - Privativo;25/09/2025 02:51;12118.0
9850812;EVER FORWARD;;EVERGREEN;Evergreen;Ocean Alliance;Portonave - Terminais Portuários de Navegantes;Portonave - Terminais Portuários de Navegantes;13/06/2025 05:00;12118.0
9850812;EVER FORWARD;;EVERGREEN;Evergreen;Ocean Alliance;Paranaguá;TCP;20/09/2025 22:00;12118.0
9850812;EVER FORWARD;;EVERGREEN;Evergreen;Ocean Alliance;Santos;Cais da Santos Brasil (SSZ 16) - Privativo;26/06/2025 05:20;12118.0
9850812;EVER FORWARD;;EVERGREEN;Evergreen;Ocean Alliance;Paranaguá;TCP;22/06/2025 00:55;12118.0
9850812;EVER FORWARD;;EVERGREEN;Evergreen;Ocean Alliance;Paranaguá;TCP;28/02/2025 22:55;12118.0
9850812;EVER FORWARD;;EVERGREEN;Evergreen;Ocean Alliance;Rio de Janeiro;ICTSI;28/05/2025 12:40;12118.0
9850812;EVER FORWARD;;EVERGREEN;Evergreen;Ocean Alliance;Portonave - Terminais Portuários de Navegantes;Portonave - Terminais Portuários de Navegantes;18/02/2025 17:12;12118.0
9850812;EVER FORWARD;;EVERGREEN;Evergreen;Ocean Alliance;Rio de Janeiro;ICTSI;10/12/2025 09:25;12118.0
9337688;NYK DIANA;Container Ship;UNKNOWN;UNKNOWN;Unknown;Paranaguá;TCP;01/03/2025 15:07;
9337688;NYK DIANA;Container Ship;UNKNOWN;UNKNOWN;Unknown;Santos;Cais da Santos Brasil (SSZ 16) - Privativo;06/09/2025 06:22;
9337688;NYK DIANA;Container Ship;UNKNOWN;UNKNOWN;Unknown;Santos;Cais da Santos Brasil (SSZ 16) - Privativo;21/11/2025 23:33;
9337688;NYK DIANA;Container Ship;UNKNOWN;UNKNOWN;Unknown;Paranaguá;TCP;22/08/2025 22:15;
9337688;NYK DIANA;Container Ship;UNKNOWN;UNKNOWN;Unknown;Rio de Janeiro;ICTSI;06/03/2025 13:00;
9337688;NYK DIANA;Container Ship;UNKNOWN;UNKNOWN;Unknown;Santos;Cais da Santos Brasil (SSZ 16) - Privativo;10/08/2025 04:45;
9337688;NYK DIANA;Container Ship;UNKNOWN;UNKNOWN;Unknown;Paranaguá;TCP;29/10/2025 13:45;
9337688;NYK DIANA;Container Ship;UNKNOWN;UNKNOWN;Unknown;Santos;Cais da Santos Brasil (SSZ 16) - Privativo;27/10/2025 08:25;
9312559;XIN CHANG SHA;Container Ship;UNKNOWN;UNKNOWN;Unknown;Santos;Cais da Santos Brasil (SSZ 16) - Privativo;20/09/2025 19:45;
9312559;XIN CHANG SHA;Container Ship;UNKNOWN;UNKNOWN;Unknown;Paranaguá;TCP;05/02/2025 06:05;
9312559;XIN CHANG SHA;Container Ship;UNKNOWN;UNKNOWN;Unknown;Rio de Janeiro;ICTSI;06/07/2025 19:40;
9312559;XIN CHANG SHA;Container Ship;UNKNOWN;UNKNOWN;Unknown;Santos;Cais da Santos Brasil (SSZ 16) - Privativo;23/08/2025 13:55;
9312559;XIN CHANG SHA;Container Ship;UNKNOWN;UNKNOWN;Unknown;Rio de Janeiro;ICTSI;28/04/2025 16:05;
9312559;XIN CHANG SHA;Container Ship;UNKNOWN;UNKNOWN;Unknown;Santos;Cais da Santos Brasil (SSZ 16) - Privativo;15/06/2025 20:35;
9312559;XIN CHANG SHA;Container Ship;UNKNOWN;UNKNOWN;Unknown;Rio de Janeiro;ICTSI;17/02/2025 11:30;
9950090;CAPE BYRON;Container Ship;UNKNOWN;UNKNOWN;Unknown;Paranaguá;TCP;22/03/2025 22:50;
9950090;CAPE BYRON;Container Ship;UNKNOWN;UNKNOWN;Unknown;Rio Grande;Cais Tecon Rio Grande S.A.;26/04/2025 16:40;
9950090;CAPE BYRON;Container Ship;UNKNOWN;UNKNOWN;Unknown;Santos;Cais da Santos Brasil (SSZ 16) - Privativo;09/05/2025 03:42;
9695028;MSC SOFIA PAZ;Container Ship;MSC;MSC;MSC (standalone);Santos;Cais da BTP (SSZ 41) - Privativo;03/10/2025 06:26;
9695028;MSC SOFIA PAZ;Container Ship;MSC;MSC;MSC (standalone);Santos;Cais da BTP (SSZ 41) - Privativo;22/02/2025 13:16;
9695028;MSC SOFIA PAZ;Container Ship;MSC;MSC;MSC (standalone);Paranaguá;TCP;06/02/2025 13:50;
9695028;MSC SOFIA PAZ;Container Ship;MSC;MSC;MSC (standalone);Terminal Portuário do Pecém;Terminal Portuário do Pecém;15/09/2025 06:15;
9695028;MSC SOFIA PAZ;Container Ship;MSC;MSC;MSC (standalone);Santos;Cais da BTP (SSZ 41) - Privativo;19/12/2025 11:05;
9695028;MSC SOFIA PAZ;Container Ship;MSC;MSC;MSC (standalone);Terminal Portuário do Pecém;Terminal Portuário do Pecém;15/06/2025 04:53;
9695028;MSC SOFIA PAZ;Container Ship;MSC;MSC;MSC (standalone);Itajaí;Cais Arrendado Transitoriamente;20/02/2025 13:07;
9695028;MSC SOFIA PAZ;Container Ship;MSC;MSC;MSC (standalone);Itajaí;Cais Arrendado Transitoriamente;08/02/2025 09:45;
9695028;MSC SOFIA PAZ;Container Ship;MSC;MSC;MSC (standalone);Itajaí;Cais Arrendado Transitoriamente;20/12/2025 20:30;
9695028;MSC SOFIA PAZ;Container Ship;MSC;MSC;MSC (standalone);Santos;Cais da BTP (SSZ 41) - Privativo;29/01/2025 02:43;
9695028;MSC SOFIA PAZ;Container Ship;MSC;MSC;MSC (standalone);Terminal Portuário do Pecém;Terminal Portuário do Pecém;14/09/2025 17:15;
9695028;MSC SOFIA PAZ;Container Ship;MSC;MSC;MSC (standalone);Terminal Portuário do Pecém;Terminal Portuário do Pecém;14/06/2025 06:19;
9695028;MSC SOFIA PAZ;Container Ship;MSC;MSC;MSC (standalone);Paranaguá;TCP;26/12/2025 08:50;
9695028;MSC SOFIA PAZ;Container Ship;MSC;MSC;MSC (standalone);Rio de Janeiro;Multi-Rio;17/12/2025 15:10;
9695028;MSC SOFIA PAZ;Container Ship;MSC;MSC;MSC (standalone);Salvador;TECON Área 2;18/06/2025 00:55;
9622215;SAN MARCO MAERSK;Container Ship;MAERSK;Maersk Group;Gemini Cooperation;Santos;Cais da BTP (SSZ 41) - Privativo;29/12/2025 12:32;
9622215;SAN MARCO MAERSK;Container Ship;MAERSK;Maersk Group;Gemini Cooperation;Santos;Cais da BTP (SSZ 41) - Privativo;29/08/2025 15:00;
9622215;SAN MARCO MAERSK;Container Ship;MAERSK;Maersk Group;Gemini Cooperation;Santos;Cais da Santos Brasil (SSZ 16) - Privativo;17/02/2025 02:25;
9622215;SAN MARCO MAERSK;Container Ship;MAERSK;Maersk Group;Gemini Cooperation;Rio Grande;Cais Tecon Rio Grande S.A.;11/02/2025 15:55;
9622215;SAN MARCO MAERSK;Container Ship;MAERSK;Maersk Group;Gemini Cooperation;Paranaguá;TCP;24/10/2025 12:40;
9622215;SAN MARCO MAERSK;Container Ship;MAERSK;Maersk Group;Gemini Cooperation;Rio Grande;Cais Tecon Rio Grande S.A.;26/08/2025 08:40;
9622215;SAN MARCO MAERSK;Container Ship;MAERSK;Maersk Group;Gemini Cooperation;Santos;Cais da BTP (SSZ 41) - Privativo;22/06/2025 22:03;
9622215;SAN MARCO MAERSK;Container Ship;MAERSK;Maersk Group;Gemini Cooperation;Santos;Cais da BTP (SSZ 41) - Privativo;11/10/2025 12:52;
9622215;SAN MARCO MAERSK;Container Ship;MAERSK;Maersk Group;Gemini Cooperation;Santos;Cais da BTP (SSZ 41) - Privativo;09/08/2025 09:26;
9622215;SAN MARCO MAERSK;Container Ship;MAERSK;Maersk Group;Gemini Cooperation;Paranaguá;TCP;12/08/2025 19:47;
9622215;SAN MARCO MAERSK;Container Ship;MAERSK;Maersk Group;Gemini Cooperation;Paranaguá;TCP;18/04/2025 06:16;
9622215;SAN MARCO MAERSK;Container Ship;MAERSK;Maersk Group;Gemini Cooperation;Paranaguá;TCP;14/02/2025 10:46;
9622215;SAN MARCO MAERSK;Container Ship;MAERSK;Maersk Group;Gemini Cooperation;Santos;Cais da BTP (SSZ 41) - Privativo;07/06/2025 07:30;
9622215;SAN MARCO MAERSK;Container Ship;MAERSK;Maersk Group;Gemini Cooperation;Rio Grande;Cais Tecon Rio Grande S.A.;15/04/2025 12:20;
9622215;SAN MARCO MAERSK;Container Ship;MAERSK;Maersk Group;Gemini Cooperation;Santos;Cais da BTP (SSZ 41) - Privativo;21/04/2025 07:03;
9622215;SAN MARCO MAERSK;Container Ship;MAERSK;Maersk Group;Gemini Cooperation;Paranaguá;TCP;03/02/2025 12:18;
9622215;SAN MARCO MAERSK;Container Ship;MAERSK;Maersk Group;Gemini Cooperation;Santos;Cais da Santos Brasil (SSZ 16) - Privativo;01/02/2025 08:53;
9622215;SAN MARCO MAERSK;Container Ship;MAERSK;Maersk Group;Gemini Cooperation;Paranaguá;TCP;09/04/2025 14:31;
9622215;SAN MARCO MAERSK;Container Ship;MAERSK;Maersk Group;Gemini Cooperation;Santos;Cais da BTP (SSZ 41) - Privativo;28/10/2025 19:00;
9622215;SAN MARCO MAERSK;Container Ship;MAERSK;Maersk Group;Gemini Cooperation;Paranaguá;TCP;20/06/2025 08:15;
9622215;SAN MARCO MAERSK;Container Ship;MAERSK;Maersk Group;Gemini Cooperation;Paranaguá;TCP;14/10/2025 07:38;
9622215;SAN MARCO MAERSK;Container Ship;MAERSK;Maersk Group;Gemini Cooperation;Paranaguá;TCP;09/06/2025 14:48;
9622215;SAN MARCO MAERSK;Container Ship;MAERSK;Maersk Group;Gemini Cooperation;Rio Grande;Cais Tecon Rio Grande S.A.;17/06/2025 12:30;
9622215;SAN MARCO MAERSK;Container Ship;MAERSK;Maersk Group;Gemini Cooperation;Santos;Cais da BTP (SSZ 41) - Privativo;13/12/2025 11:00;
9622215;SAN MARCO MAERSK;Container Ship;MAERSK;Maersk Group;Gemini Cooperation;Santos;Cais da BTP (SSZ 41) - Privativo;06/04/2025 20:58;
9622215;SAN MARCO MAERSK;Container Ship;MAERSK;Maersk Group;Gemini Cooperation;Paranaguá;TCP;16/12/2025 00:26;
9622215;SAN MARCO MAERSK;Container Ship;MAERSK;Maersk Group;Gemini Cooperation;Paranaguá;TCP;27/12/2025 20:53;
9732606;MAERSK DANANG;;MAERSK;Maersk Group;Gemini Cooperation;Santos;Cais da Santos Brasil (SSZ 16) - Privativo;01/11/2025 08:53;3600.0
9732606;MAERSK DANANG;;MAERSK;Maersk Group;Gemini Cooperation;Santos;Cais da BTP (SSZ 41) - Privativo;07/11/2025 15:39;3600.0
9732606;MAERSK DANANG;;MAERSK;Maersk Group;Gemini Cooperation;Santos;Cais da Santos Brasil (SSZ 16) - Privativo;20/12/2025 14:49;3600.0
9732606;MAERSK DANANG;;MAERSK;Maersk Group;Gemini Cooperation;Paranaguá;TCP;14/08/2025 20:47;3600.0
9732606;MAERSK DANANG;;MAERSK;Maersk Group;Gemini Cooperation;Paranaguá;TCP;05/11/2025 21:00;3600.0
9732606;MAERSK DANANG;;MAERSK;Maersk Group;Gemini Cooperation;Paranaguá;TCP;02/07/2025 14:12;3600.0
9732606;MAERSK DANANG;;MAERSK;Maersk Group;Gemini Cooperation;Salvador;TECON;15/09/2025 20:30;3600.0
9732606;MAERSK DANANG;;MAERSK;Maersk Group;Gemini Cooperation;Santos;Cais da BTP (SSZ 41) - Privativo;21/08/2025 20:06;3600.0
9732606;MAERSK DANANG;;MAERSK;Maersk Group;Gemini Cooperation;Paranaguá;TCP;27/02/2025 22:15;3600.0
9732606;MAERSK DANANG;;MAERSK;Maersk Group;Gemini Cooperation;Paranaguá;TCP;25/09/2025 05:22;3600.0
9732606;MAERSK DANANG;;MAERSK;Maersk Group;Gemini Cooperation;Paranaguá;TCP;22/05/2025 06:25;3600.0
9732606;MAERSK DANANG;;MAERSK;Maersk Group;Gemini Cooperation;Santos;Cais da Santos Brasil (SSZ 16) - Privativo;20/09/2025 10:51;3600.0
9732606;MAERSK DANANG;;MAERSK;Maersk Group;Gemini Cooperation;Santos;Cais da Santos Brasil (SSZ 16) - Privativo;28/06/2025 10:48;3600.0
9732606;MAERSK DANANG;;MAERSK;Maersk Group;Gemini Cooperation;Santos;Cais da Santos Brasil (SSZ 16) - Privativo;09/08/2025 08:48;3600.0
9732606;MAERSK DANANG;;MAERSK;Maersk Group;Gemini Cooperation;Santos;Cais da BTP (SSZ 41) - Privativo;04/03/2025 22:50;3600.0
9732606;MAERSK DANANG;;MAERSK;Maersk Group;Gemini Cooperation;Santos;Cais da Santos Brasil (SSZ 16) - Privativo;25/02/2025 15:22;3600.0
9732606;MAERSK DANANG;;MAERSK;Maersk Group;Gemini Cooperation;Santos;Cais da Santos Brasil (SSZ 16) - Privativo;13/12/2025 08:22;3600.0
9732606;MAERSK DANANG;;MAERSK;Maersk Group;Gemini Cooperation;Salvador;TECON Área 2;04/08/2025 21:45;3600.0
9732606;MAERSK DANANG;;MAERSK;Maersk Group;Gemini Cooperation;Santos;Cais da BTP (SSZ 41) - Privativo;04/07/2025 11:27;3600.0
9732606;MAERSK DANANG;;MAERSK;Maersk Group;Gemini Cooperation;Santos;Cais da BTP (SSZ 41) - Privativo;20/04/2025 00:17;3600.0
9732606;MAERSK DANANG;;MAERSK;Maersk Group;Gemini Cooperation;Santos;Cais da Santos Brasil (SSZ 16) - Privativo;21/12/2025 01:44;3600.0
9732606;MAERSK DANANG;;MAERSK;Maersk Group;Gemini Cooperation;Salvador;TECON Área 2;27/10/2025 20:45;3600.0
9732606;MAERSK DANANG;;MAERSK;Maersk Group;Gemini Cooperation;Santos;Cais da Santos Brasil (SSZ 16) - Privativo;08/04/2025 14:50;3600.0
9732606;MAERSK DANANG;;MAERSK;Maersk Group;Gemini Cooperation;Paranaguá;TCP;12/04/2025 14:46;3600.0
9732606;MAERSK DANANG;;MAERSK;Maersk Group;Gemini Cooperation;Santos;Cais da BTP (SSZ 41) - Privativo;29/05/2025 09:20;3600.0
9732606;MAERSK DANANG;;MAERSK;Maersk Group;Gemini Cooperation;Santos;Cais da BTP (SSZ 41) - Privativo;30/09/2025 15:08;3600.0
9732606;MAERSK DANANG;;MAERSK;Maersk Group;Gemini Cooperation;Santos;Cais da Santos Brasil (SSZ 16) - Privativo;20/05/2025 16:54;3600.0
9619452;MSC ARICA;Container Ship;MSC;MSC;MSC (standalone);Rio de Janeiro;Multi-Rio;17/02/2025 21:30;
9619452;MSC ARICA;Container Ship;MSC;MSC;MSC (standalone);Rio de Janeiro;Multi-Rio;02/01/2025 19:45;
9619452;MSC ARICA;Container Ship;MSC;MSC;MSC (standalone);Rio de Janeiro;Multi-Rio;27/08/2025 00:45;
9619452;MSC ARICA;Container Ship;MSC;MSC;MSC (standalone);Santos;Cais da BTP (SSZ 41) - Privativo;02/03/2025 05:50;
9619452;MSC ARICA;Container Ship;MSC;MSC;MSC (standalone);Paranaguá;TCP;25/02/2025 10:10;
9619452;MSC ARICA;Container Ship;MSC;MSC;MSC (standalone);Rio de Janeiro;Multi-Rio;23/06/2025 15:45;
9619452;MSC ARICA;Container Ship;MSC;MSC;MSC (standalone);Paranaguá;TCP;29/08/2025 19:30;
9619452;MSC ARICA;Container Ship;MSC;MSC;MSC (standalone);Rio de Janeiro;Multi-Rio;10/07/2025 08:25;
9619452;MSC ARICA;Container Ship;MSC;MSC;MSC (standalone);Rio de Janeiro;Multi-Rio;21/04/2025 07:30;
9619452;MSC ARICA;Container Ship;MSC;MSC;MSC (standalone);Santos;Cais da BTP (SSZ 41) - Privativo;04/07/2025 07:46;
9619452;MSC ARICA;Container Ship;MSC;MSC;MSC (standalone);Portonave - Terminais Portuários de Navegantes;Portonave - Terminais Portuários de Navegantes;03/05/2025 14:30;
9619452;MSC ARICA;Container Ship;MSC;MSC;MSC (standalone);Rio de Janeiro;Multi-Rio;12/09/2025 14:10;
9619452;MSC ARICA;Container Ship;MSC;MSC;MSC (standalone);Paranaguá;TCP;24/04/2025 19:50;
9619452;MSC ARICA;Container Ship;MSC;MSC;MSC (standalone);Portonave - Terminais Portuários de Navegantes;Portonave - Terminais Portuários de Navegantes;03/07/2025 02:24;
9619452;MSC ARICA;Container Ship;MSC;MSC;MSC (standalone);Santos;Cais da Santos Brasil (SSZ 16) - Privativo;20/02/2025 07:18;
9619452;MSC ARICA;Container Ship;MSC;MSC;MSC (standalone);Santos;Cais da BTP (SSZ 41) - Privativo;09/09/2025 22:10;
9619452;MSC ARICA;Container Ship;MSC;MSC;MSC (standalone);Portonave - Terminais Portuários de Navegantes;Portonave - Terminais Portuários de Navegantes;28/02/2025 20:30;
9619452;MSC ARICA;Container Ship;MSC;MSC;MSC (standalone);Paranaguá;TCP;29/06/2025 15:15;
9619452;MSC ARICA;Container Ship;MSC;MSC;MSC (standalone);Santos;Cais da Santos Brasil (SSZ 16) - Privativo;23/04/2025 00:30;
9619452;MSC ARICA;Container Ship;MSC;MSC;MSC (standalone);Santos;Cais da BTP (SSZ 41) - Privativo;26/06/2025 05:10;
9619452;MSC ARICA;Container Ship;MSC;MSC;MSC (standalone);Portonave - Terminais Portuários de Navegantes;Portonave - Terminais Portuários de Navegantes;06/09/2025 14:30;
9619452;MSC ARICA;Container Ship;MSC;MSC;MSC (standalone);Santos;Cais da BTP (SSZ 41) - Privativo;06/05/2025 21:13;
9778088;MSC MADHU B;Container Ship;MSC;MSC;MSC (standalone);Portonave - Terminais Portuários de Navegantes;Portonave - Terminais Portuários de Navegantes;30/09/2025 01:54;
9778088;MSC MADHU B;Container Ship;MSC;MSC;MSC (standalone);Santos;Cais da BTP (SSZ 41) - Privativo;26/12/2025 11:54;
9778088;MSC MADHU B;Container Ship;MSC;MSC;MSC (standalone);Rio Grande;Cais Tecon Rio Grande S.A.;16/06/2025 19:45;
9778088;MSC MADHU B;Container Ship;MSC;MSC;MSC (standalone);Portonave - Terminais Portuários de Navegantes;Portonave - Terminais Portuários de Navegantes;06/06/2025 21:42;
9778088;MSC MADHU B;Container Ship;MSC;MSC;MSC (standalone);Paranaguá;TCP;18/09/2025 15:45;
9778088;MSC MADHU B;Container Ship;MSC;MSC;MSC (standalone);Portonave - Terminais Portuários de Navegantes;Portonave - Terminais Portuários de Navegantes;19/06/2025 08:48;
9778088;MSC MADHU B;Container Ship;MSC;MSC;MSC (standalone);Santos;Cais da BTP (SSZ 41) - Privativo;10/10/2025 13:16;
9778088;MSC MADHU B;Container Ship;MSC;MSC;MSC (standalone);Paranaguá;TCP;15/03/2025 22:55;
9778088;MSC MADHU B;Container Ship;MSC;MSC;MSC (standalone);Paranaguá;TCP;27/02/2025 03:30;
9778088;MSC MADHU B;Container Ship;MSC;MSC;MSC (standalone);Santos;Cais da BTP (SSZ 41) - Privativo;12/09/2025 01:20;
9778088;MSC MADHU B;Container Ship;MSC;MSC;MSC (standalone);Portonave - Terminais Portuários de Navegantes;Portonave - Terminais Portuários de Navegantes;18/03/2025 02:48;
9778088;MSC MADHU B;Container Ship;MSC;MSC;MSC (standalone);Portonave - Terminais Portuários de Navegantes;Portonave - Terminais Portuários de Navegantes;16/09/2025 17:42;
9778088;MSC MADHU B;Container Ship;MSC;MSC;MSC (standalone);Santos;Cais da BTP (SSZ 41) - Privativo;20/03/2025 12:10;
9778088;MSC MADHU B;Container Ship;MSC;MSC;MSC (standalone);Rio Grande;Cais Tecon Rio Grande S.A.;13/03/2025 20:00;
9778088;MSC MADHU B;Container Ship;MSC;MSC;MSC (standalone);Santos;Cais da BTP (SSZ 41) - Privativo;25/02/2025 05:10;
9778088;MSC MADHU B;Container Ship;MSC;MSC;MSC (standalone);Paranaguá;TCP;24/06/2025 20:45;
9778088;MSC MADHU B;Container Ship;MSC;MSC;MSC (standalone);Paranaguá;TCP;05/06/2025 07:25;
9778088;MSC MADHU B;Container Ship;MSC;MSC;MSC (standalone);Santos;Cais da BTP (SSZ 41) - Privativo;02/06/2025 21:56;
9778088;MSC MADHU B;Container Ship;MSC;MSC;MSC (standalone);Paranaguá;TCP;07/10/2025 16:25;
9778088;MSC MADHU B;Container Ship;MSC;MSC;MSC (standalone);Portonave - Terminais Portuários de Navegantes;Portonave - Terminais Portuários de Navegantes;01/03/2025 23:30;
9778088;MSC MADHU B;Container Ship;MSC;MSC;MSC (standalone);Santos;Cais da BTP (SSZ 41) - Privativo;26/06/2025 06:10;
9778105;MSC SHREYA B;Container Ship;MSC;MSC;MSC (standalone);Portonave - Terminais Portuários de Navegantes;Portonave - Terminais Portuários de Navegantes;13/03/2025 16:30;
9778105;MSC SHREYA B;Container Ship;MSC;MSC;MSC (standalone);Rio Grande;Cais Tecon Rio Grande S.A.;15/10/2025 21:00;
9778105;MSC SHREYA B;Container Ship;MSC;MSC;MSC (standalone);Santos;Cais da BTP (SSZ 41) - Privativo;15/03/2025 05:05;
9778105;MSC SHREYA B;Container Ship;MSC;MSC;MSC (standalone);Paranaguá;TCP;29/09/2025 17:05;
9778105;MSC SHREYA B;Container Ship;MSC;MSC;MSC (standalone);Santos;Cais da Santos Brasil (SSZ 16) - Privativo;23/09/2025 22:10;
9778105;MSC SHREYA B;Container Ship;MSC;MSC;MSC (standalone);Itajaí;Cais Arrendado Transitoriamente;02/03/2025 00:35;
9778105;MSC SHREYA B;Container Ship;MSC;MSC;MSC (standalone);Paranaguá;TCP;26/02/2025 17:10;
9778105;MSC SHREYA B;Container Ship;MSC;MSC;MSC (standalone);Itajaí;Cais Arrendado Transitoriamente;01/10/2025 16:40;
9778105;MSC SHREYA B;Container Ship;MSC;MSC;MSC (standalone);Paranaguá;TCP;21/10/2025 22:15;
9778105;MSC SHREYA B;Container Ship;MSC;MSC;MSC (standalone);Santos;Cais da BTP (SSZ 41) - Privativo;24/10/2025 10:01;
9778105;MSC SHREYA B;Container Ship;MSC;MSC;MSC (standalone);Itajaí;Cais Arrendado Transitoriamente;10/03/2025 14:09;
9778105;MSC SHREYA B;Container Ship;MSC;MSC;MSC (standalone);Itajaí;Cais Arrendado Transitoriamente;12/10/2025 03:34;
9778105;MSC SHREYA B;Container Ship;MSC;MSC;MSC (standalone);Rio de Janeiro;Multi-Rio;17/09/2025 10:50;
9778105;MSC SHREYA B;Container Ship;MSC;MSC;MSC (standalone);Santos;Cais da Santos Brasil (SSZ 16) - Privativo;25/02/2025 05:15;
9266267;CMA CGM SHUAIBA;;CMA CGM;CMA CGM Group;Ocean Alliance;Rio de Janeiro;ICTSI;24/02/2025 22:00;1600.0
9266267;CMA CGM SHUAIBA;;CMA CGM;CMA CGM Group;Ocean Alliance;Rio de Janeiro;ICTSI;12/11/2025 19:00;1600.0
9756731;MSC CARLOTTA;Container Ship;MSC;MSC;MSC (standalone);Paranaguá;TCP;20/02/2025 15:55;
9756731;MSC CARLOTTA;Container Ship;MSC;MSC;MSC (standalone);Itajaí;Cais Arrendado Transitoriamente;20/10/2025 15:40;
9756731;MSC CARLOTTA;Container Ship;MSC;MSC;MSC (standalone);Santos;Cais da BTP (SSZ 41) - Privativo;10/03/2025 13:05;
9756731;MSC CARLOTTA;Container Ship;MSC;MSC;MSC (standalone);Itajaí;Cais Arrendado Transitoriamente;22/02/2025 11:06;
9756731;MSC CARLOTTA;Container Ship;MSC;MSC;MSC (standalone);Santos;Cais da BTP (SSZ 41) - Privativo;30/10/2025 20:03;
9756731;MSC CARLOTTA;Container Ship;MSC;MSC;MSC (standalone);Paranaguá;TCP;08/10/2025 15:50;
9756731;MSC CARLOTTA;Container Ship;MSC;MSC;MSC (standalone);Rio de Janeiro;Multi-Rio;27/09/2025 14:20;
9756731;MSC CARLOTTA;Container Ship;MSC;MSC;MSC (standalone);Santos;Cais da Santos Brasil (SSZ 16) - Privativo;30/09/2025 14:58;
9756731;MSC CARLOTTA;Container Ship;MSC;MSC;MSC (standalone);Itajaí;Cais Arrendado Transitoriamente;05/07/2025 14:00;
9756731;MSC CARLOTTA;Container Ship;MSC;MSC;MSC (standalone);Rio de Janeiro;Multi-Rio;11/06/2025 12:10;
9756731;MSC CARLOTTA;Container Ship;MSC;MSC;MSC (standalone);Rio de Janeiro;Multi-Rio;01/11/2025 17:35;
9756731;MSC CARLOTTA;Container Ship;MSC;MSC;MSC (standalone);Rio de Janeiro;Multi-Rio;16/02/2025 15:45;
9756731;MSC CARLOTTA;Container Ship;MSC;MSC;MSC (standalone);Itajaí;Cais Arrendado Transitoriamente;05/10/2025 18:34;
9756731;MSC CARLOTTA;Container Ship;MSC;MSC;MSC (standalone);Santos;Cais da Santos Brasil (SSZ 16) - Privativo;13/02/2025 16:25;
9756731;MSC CARLOTTA;Container Ship;MSC;MSC;MSC (standalone);Itajaí;Cais Arrendado Transitoriamente;05/03/2025 10:16;
9756731;MSC CARLOTTA;Container Ship;MSC;MSC;MSC (standalone);Paranaguá;TCP;27/10/2025 19:35;
9756731;MSC CARLOTTA;Container Ship;MSC;MSC;MSC (standalone);Rio de Janeiro;Multi-Rio;08/07/2025 18:10;
9756729;MSC AVNI;Container Ship;MSC;MSC;MSC (standalone);Santos;Cais da BTP (SSZ 41) - Privativo;26/05/2025 06:51;
9756729;MSC AVNI;Container Ship;MSC;MSC;MSC (standalone);Paranaguá;TCP;11/09/2025 04:30;
9756729;MSC AVNI;Container Ship;MSC;MSC;MSC (standalone);Santos;Cais da BTP (SSZ 41) - Privativo;06/10/2025 16:08;
9756729;MSC AVNI;Container Ship;MSC;MSC;MSC (standalone);Rio de Janeiro;Multi-Rio;13/02/2025 08:30;
9756729;MSC AVNI;Container Ship;MSC;MSC;MSC (standalone);Rio Grande;Cais Tecon Rio Grande S.A.;29/09/2025 15:45;
9756729;MSC AVNI;Container Ship;MSC;MSC;MSC (standalone);Portonave - Terminais Portuários de Navegantes;Portonave - Terminais Portuários de Navegantes;29/12/2025 00:18;
9756729;MSC AVNI;Container Ship;MSC;MSC;MSC (standalone);Portonave - Terminais Portuários de Navegantes;Portonave - Terminais Portuários de Navegantes;06/06/2025 04:06;
9756729;MSC AVNI;Container Ship;MSC;MSC;MSC (standalone);Paranaguá;TCP;26/12/2025 22:15;
9756729;MSC AVNI;Container Ship;MSC;MSC;MSC (standalone);Itajaí;Cais Arrendado Transitoriamente;17/02/2025 13:03;
9756729;MSC AVNI;Container Ship;MSC;MSC;MSC (standalone);Portonave - Terminais Portuários de Navegantes;Portonave - Terminais Portuários de Navegantes;13/09/2025 02:18;
9756729;MSC AVNI;Container Ship;MSC;MSC;MSC (standalone);Portonave - Terminais Portuários de Navegantes;Portonave - Terminais Portuários de Navegantes;05/03/2025 12:36;
9756729;MSC AVNI;Container Ship;MSC;MSC;MSC (standalone);Santos;Cais da BTP (SSZ 41) - Privativo;11/03/2025 18:40;
9756729;MSC AVNI;Container Ship;MSC;MSC;MSC (standalone);Santos;Cais da BTP (SSZ 41) - Privativo;19/06/2025 20:05;
9756729;MSC AVNI;Container Ship;MSC;MSC;MSC (standalone);Santos;Cais da BTP (SSZ 41) - Privativo;17/12/2025 23:50;
9756729;MSC AVNI;Container Ship;MSC;MSC;MSC (standalone);Santos;Cais da BTP (SSZ 41) - Privativo;05/09/2025 13:48;
9756729;MSC AVNI;Container Ship;MSC;MSC;MSC (standalone);Paranaguá;TCP;17/06/2025 16:00;
9756729;MSC AVNI;Container Ship;MSC;MSC;MSC (standalone);Santos;Cais da BTP (SSZ 41) - Privativo;10/02/2025 14:50;
9756729;MSC AVNI;Container Ship;MSC;MSC;MSC (standalone);Paranaguá;TCP;16/02/2025 08:40;
9756729;MSC AVNI;Container Ship;MSC;MSC;MSC (standalone);Portonave - Terminais Portuários de Navegantes;Portonave - Terminais Portuários de Navegantes;03/10/2025 09:36;
9756729;MSC AVNI;Container Ship;MSC;MSC;MSC (standalone);Portonave - Terminais Portuários de Navegantes;Portonave - Terminais Portuários de Navegantes;14/06/2025 23:00;
9756729;MSC AVNI;Container Ship;MSC;MSC;MSC (standalone);Rio Grande;Cais Tecon Rio Grande S.A.;28/02/2025 21:20;
9756729;MSC AVNI;Container Ship;MSC;MSC;MSC (standalone);Paranaguá;TCP;29/05/2025 04:05;
9450387;BREMEN;Container Ship;UNKNOWN;UNKNOWN;Unknown;Itajaí;Cais Arrendado Transitoriamente;12/02/2025 09:56;
9450387;BREMEN;Container Ship;UNKNOWN;UNKNOWN;Unknown;Santos;Cais da Santos Brasil (SSZ 16) - Privativo;03/02/2025 08:35;
9450387;BREMEN;Container Ship;UNKNOWN;UNKNOWN;Unknown;Paranaguá;TCP;11/02/2025 04:30;
9450387;BREMEN;Container Ship;UNKNOWN;UNKNOWN;Unknown;Rio de Janeiro;Multi-Rio;08/02/2025 07:45;
9344643;SAN ALBERTO;Container Ship;UNKNOWN;UNKNOWN;Unknown;Santos;Cais da Santos Brasil (SSZ 16) - Privativo;10/01/2025 08:25;
9344643;SAN ALBERTO;Container Ship;UNKNOWN;UNKNOWN;Unknown;Santos;Cais da Santos Brasil (SSZ 16) - Privativo;07/03/2025 08:40;
9344643;SAN ALBERTO;Container Ship;UNKNOWN;UNKNOWN;Unknown;Santos;Cais da Santos Brasil (SSZ 16) - Privativo;21/03/2025 09:05;
9344643;SAN ALBERTO;Container Ship;UNKNOWN;UNKNOWN;Unknown;Santos;Cais da Santos Brasil (SSZ 16) - Privativo;24/01/2025 16:30;
9344643;SAN ALBERTO;Container Ship;UNKNOWN;UNKNOWN;Unknown;Santos;Cais da Santos Brasil (SSZ 16) - Privativo;21/02/2025 10:50;
9344643;SAN ALBERTO;Container Ship;UNKNOWN;UNKNOWN;Unknown;Santos;Cais da Santos Brasil (SSZ 16) - Privativo;10/01/2025 22:55;
9344643;SAN ALBERTO;Container Ship;UNKNOWN;UNKNOWN;Unknown;Santos;Cais da Santos Brasil (SSZ 16) - Privativo;08/02/2025 16:09;
9864538;YM CENTENNIAL;Container Ship;YANG MING;Yang Ming;Premier Alliance;Santos;Cais da Santos Brasil (SSZ 16) - Privativo;10/01/2025 21:00;
9864538;YM CENTENNIAL;Container Ship;YANG MING;Yang Ming;Premier Alliance;Rio de Janeiro;ICTSI;28/01/2025 11:45;
9864538;YM CENTENNIAL;Container Ship;YANG MING;Yang Ming;Premier Alliance;Rio de Janeiro;ICTSI;15/08/2025 08:00;
9864538;YM CENTENNIAL;Container Ship;YANG MING;Yang Ming;Premier Alliance;Portonave - Terminais Portuários de Navegantes;Portonave - Terminais Portuários de Navegantes;02/09/2025 11:00;
9945849;COSCO ARGENTINA;Container Ship;COSCO;Cosco Shipping;Ocean Alliance;Santos;Cais da Santos Brasil (SSZ 16) - Privativo;26/09/2025 12:35;
9945849;COSCO ARGENTINA;Container Ship;COSCO;Cosco Shipping;Ocean Alliance;Paranaguá;TCP;27/09/2025 23:20;
9945849;COSCO ARGENTINA;Container Ship;COSCO;Cosco Shipping;Ocean Alliance;Santos;Cais da Santos Brasil (SSZ 16) - Privativo;21/06/2025 08:54;
9945849;COSCO ARGENTINA;Container Ship;COSCO;Cosco Shipping;Ocean Alliance;Rio de Janeiro;ICTSI;18/06/2025 10:10;
9945849;COSCO ARGENTINA;Container Ship;COSCO;Cosco Shipping;Ocean Alliance;Rio de Janeiro;ICTSI;18/03/2025 15:40;
9945849;COSCO ARGENTINA;Container Ship;COSCO;Cosco Shipping;Ocean Alliance;Portonave - Terminais Portuários de Navegantes;Portonave - Terminais Portuários de Navegantes;29/06/2025 17:36;
9945849;COSCO ARGENTINA;Container Ship;COSCO;Cosco Shipping;Ocean Alliance;Santos;Cais da Santos Brasil (SSZ 16) - Privativo;20/03/2025 06:30;
9945849;COSCO ARGENTINA;Container Ship;COSCO;Cosco Shipping;Ocean Alliance;Portonave - Terminais Portuários de Navegantes;Portonave - Terminais Portuários de Navegantes;05/10/2025 17:00;
9945849;COSCO ARGENTINA;Container Ship;COSCO;Cosco Shipping;Ocean Alliance;Rio de Janeiro;ICTSI;23/09/2025 17:35;
9945849;COSCO ARGENTINA;Container Ship;COSCO;Cosco Shipping;Ocean Alliance;Portonave - Terminais Portuários de Navegantes;Portonave - Terminais Portuários de Navegantes;28/03/2025 16:12;
9945849;COSCO ARGENTINA;Container Ship;COSCO;Cosco Shipping;Ocean Alliance;Rio de Janeiro;ICTSI;09/07/2025 15:00;
9945849;COSCO ARGENTINA;Container Ship;COSCO;Cosco Shipping;Ocean Alliance;Santos;Cais da Santos Brasil (SSZ 16) - Privativo;03/01/2025 13:00;
9945849;COSCO ARGENTINA;Container Ship;COSCO;Cosco Shipping;Ocean Alliance;Santos;Cais da Santos Brasil (SSZ 16) - Privativo;26/09/2025 00:23;
9945849;COSCO ARGENTINA;Container Ship;COSCO;Cosco Shipping;Ocean Alliance;Rio de Janeiro;ICTSI;23/12/2025 08:30;
9945849;COSCO ARGENTINA;Container Ship;COSCO;Cosco Shipping;Ocean Alliance;Santos;Cais da Santos Brasil (SSZ 16) - Privativo;06/07/2025 13:34;
9945849;COSCO ARGENTINA;Container Ship;COSCO;Cosco Shipping;Ocean Alliance;Santos;Cais da Santos Brasil (SSZ 16) - Privativo;25/12/2025 08:52;
9945849;COSCO ARGENTINA;Container Ship;COSCO;Cosco Shipping;Ocean Alliance;Rio de Janeiro;ICTSI;07/10/2025 15:45;
9945849;COSCO ARGENTINA;Container Ship;COSCO;Cosco Shipping;Ocean Alliance;Paranaguá;TCP;22/03/2025 09:30;
9945849;COSCO ARGENTINA;Container Ship;COSCO;Cosco Shipping;Ocean Alliance;Santos;Cais da Santos Brasil (SSZ 16) - Privativo;02/04/2025 00:15;
9229300;MSC CATHERINE VI;Container Ship;MSC;MSC;MSC (standalone);Salvador;TECON Área 2;14/02/2025 20:50;
9229300;MSC CATHERINE VI;Container Ship;MSC;MSC;MSC (standalone);Terminal Portuário do Pecém;Terminal Portuário do Pecém;08/02/2025 09:13;
9229300;MSC CATHERINE VI;Container Ship;MSC;MSC;MSC (standalone);Itajaí;Cais Arrendado Transitoriamente;30/06/2025 13:33;
9229300;MSC CATHERINE VI;Container Ship;MSC;MSC;MSC (standalone);Santos;Cais da BTP (SSZ 41) - Privativo;19/02/2025 02:25;
9229300;MSC CATHERINE VI;Container Ship;MSC;MSC;MSC (standalone);Terminal Portuário do Pecém;Terminal Portuário do Pecém;07/02/2025 11:57;
9861990;BANGUS;Bulk/Oil Carrier;UNKNOWN;UNKNOWN;Unknown;Terminal Portuário do Pecém;Terminal Portuário do Pecém;16/02/2025 11:27;
9450351;MSC JUSTICE VIII;Container Ship;MSC;MSC;MSC (standalone);Santos;Cais da BTP (SSZ 41) - Privativo;12/05/2025 19:15;
9450351;MSC JUSTICE VIII;Container Ship;MSC;MSC;MSC (standalone);Itajaí;Cais Arrendado Transitoriamente;07/01/2025 17:30;
9450351;MSC JUSTICE VIII;Container Ship;MSC;MSC;MSC (standalone);Terminal Portuário do Pecém;Terminal Portuário do Pecém;28/04/2025 07:40;
9450351;MSC JUSTICE VIII;Container Ship;MSC;MSC;MSC (standalone);Santos;Cais da BTP (SSZ 41) - Privativo;20/01/2025 04:54;
9450351;MSC JUSTICE VIII;Container Ship;MSC;MSC;MSC (standalone);Salvador;TECON Área 2;05/05/2025 07:25;
9450351;MSC JUSTICE VIII;Container Ship;MSC;MSC;MSC (standalone);Terminal Portuário do Pecém;Terminal Portuário do Pecém;27/04/2025 15:14;
9450351;MSC JUSTICE VIII;Container Ship;MSC;MSC;MSC (standalone);Paranaguá;TCP;05/01/2025 19:15;
9146479;MSC VILDA X;Container Ship;MSC;MSC;MSC (standalone);Terminal Portuário do Pecém;Terminal Portuário do Pecém;14/04/2025 06:43;
9146479;MSC VILDA X;Container Ship;MSC;MSC;MSC (standalone);Portonave - Terminais Portuários de Navegantes;Portonave - Terminais Portuários de Navegantes;20/01/2025 11:06;
9146479;MSC VILDA X;Container Ship;MSC;MSC;MSC (standalone);Santos;Cais da Santos Brasil (SSZ 16) - Privativo;10/01/2025 15:10;
9146479;MSC VILDA X;Container Ship;MSC;MSC;MSC (standalone);Paranaguá;TCP;04/01/2025 08:30;
9146479;MSC VILDA X;Container Ship;MSC;MSC;MSC (standalone);Rio de Janeiro;Multi-Rio;27/04/2025 14:10;
9146479;MSC VILDA X;Container Ship;MSC;MSC;MSC (standalone);Portonave - Terminais Portuários de Navegantes;Portonave - Terminais Portuários de Navegantes;04/05/2025 12:24;
9146479;MSC VILDA X;Container Ship;MSC;MSC;MSC (standalone);Salvador;TECON Área 2;23/04/2025 17:10;
9146479;MSC VILDA X;Container Ship;MSC;MSC;MSC (standalone);Paranaguá;TCP;30/04/2025 13:30;
9146479;MSC VILDA X;Container Ship;MSC;MSC;MSC (standalone);Rio de Janeiro;Multi-Rio;11/05/2025 07:50;
9146479;MSC VILDA X;Container Ship;MSC;MSC;MSC (standalone);Santos;Cais da BTP (SSZ 41) - Privativo;08/05/2025 18:57;
9146479;MSC VILDA X;Container Ship;MSC;MSC;MSC (standalone);Salvador;TECON;14/05/2025 06:40;
9146479;MSC VILDA X;Container Ship;MSC;MSC;MSC (standalone);Terminal Portuário do Pecém;Terminal Portuário do Pecém;13/04/2025 11:37;
9146479;MSC VILDA X;Container Ship;MSC;MSC;MSC (standalone);Itajaí;Cais Arrendado Transitoriamente;13/01/2025 16:22;
9146479;MSC VILDA X;Container Ship;MSC;MSC;MSC (standalone);Itajaí;Cais Arrendado Transitoriamente;06/01/2025 07:53;
9395953;ZIM BALTIMORE;Container Ship;ZIM;ZIM;Non-aligned;Santos;Cais da Santos Brasil (SSZ 16) - Privativo;10/01/2025 11:17;
9395953;ZIM BALTIMORE;Container Ship;ZIM;ZIM;Non-aligned;Rio de Janeiro;ICTSI;29/05/2025 04:10;
9395953;ZIM BALTIMORE;Container Ship;ZIM;ZIM;Non-aligned;Santos;Cais da Santos Brasil (SSZ 16) - Privativo;18/07/2025 02:15;
9395953;ZIM BALTIMORE;Container Ship;ZIM;ZIM;Non-aligned;Santos;Cais da Santos Brasil (SSZ 16) - Privativo;27/05/2025 20:33;
9395953;ZIM BALTIMORE;Container Ship;ZIM;ZIM;Non-aligned;Santos;Cais da Santos Brasil (SSZ 16) - Privativo;15/10/2025 00:32;
9395953;ZIM BALTIMORE;Container Ship;ZIM;ZIM;Non-aligned;Santos;Cais da Santos Brasil (SSZ 16) - Privativo;24/03/2025 22:15;
9395953;ZIM BALTIMORE;Container Ship;ZIM;ZIM;Non-aligned;Santos;Cais da Santos Brasil (SSZ 16) - Privativo;21/01/2025 21:50;
9395953;ZIM BALTIMORE;Container Ship;ZIM;ZIM;Non-aligned;Santos;Cais da Santos Brasil (SSZ 16) - Privativo;12/12/2025 00:55;
9395953;ZIM BALTIMORE;Container Ship;ZIM;ZIM;Non-aligned;Rio de Janeiro;ICTSI;26/03/2025 06:40;
9395953;ZIM BALTIMORE;Container Ship;ZIM;ZIM;Non-aligned;Rio de Janeiro;ICTSI;07/08/2025 19:30;
9395953;ZIM BALTIMORE;Container Ship;ZIM;ZIM;Non-aligned;Santos;Cais da Santos Brasil (SSZ 16) - Privativo;03/10/2025 19:52;
9395953;ZIM BALTIMORE;Container Ship;ZIM;ZIM;Non-aligned;Rio de Janeiro;ICTSI;16/10/2025 10:50;
9395953;ZIM BALTIMORE;Container Ship;ZIM;ZIM;Non-aligned;Paranaguá;TCP;23/03/2025 08:45;
9395953;ZIM BALTIMORE;Container Ship;ZIM;ZIM;Non-aligned;Santos;Cais da Santos Brasil (SSZ 16) - Privativo;06/08/2025 04:52;
9286243;CONTI MAKALU;Container Ship;UNKNOWN;UNKNOWN;Unknown;Santos;Cais da BTP (SSZ 41) - Privativo;14/01/2025 09:00;
9286243;CONTI MAKALU;Container Ship;UNKNOWN;UNKNOWN;Unknown;Santos;Cais da Santos Brasil (SSZ 16) - Privativo;01/01/2025 16:55;
9286243;CONTI MAKALU;Container Ship;UNKNOWN;UNKNOWN;Unknown;Itajaí;Cais Arrendado Transitoriamente;12/01/2025 15:50;
9286243;CONTI MAKALU;Container Ship;UNKNOWN;UNKNOWN;Unknown;Itajaí;Cais Arrendado Transitoriamente;03/01/2025 08:31;
9526899;MAERSK LA PAZ;Container Ship;MAERSK;Maersk Group;Gemini Cooperation;Rio Grande;Cais Tecon Rio Grande S.A.;09/09/2025 16:30;
9526899;MAERSK LA PAZ;Container Ship;MAERSK;Maersk Group;Gemini Cooperation;Santos;Cais da Santos Brasil (SSZ 16) - Privativo;02/02/2025 17:25;
9526899;MAERSK LA PAZ;Container Ship;MAERSK;Maersk Group;Gemini Cooperation;Santos;Cais da BTP (SSZ 41) - Privativo;20/11/2025 04:58;
9526899;MAERSK LA PAZ;Container Ship;MAERSK;Maersk Group;Gemini Cooperation;Santos;Cais da BTP (SSZ 41) - Privativo;14/09/2025 12:15;
9526899;MAERSK LA PAZ;Container Ship;MAERSK;Maersk Group;Gemini Cooperation;Santos;Cais da BTP (SSZ 41) - Privativo;30/08/2025 13:43;
9526899;MAERSK LA PAZ;Container Ship;MAERSK;Maersk Group;Gemini Cooperation;Santos;Cais da BTP (SSZ 41) - Privativo;14/07/2025 17:30;
9526899;MAERSK LA PAZ;Container Ship;MAERSK;Maersk Group;Gemini Cooperation;Paranaguá;TCP;16/02/2025 23:59;
9526899;MAERSK LA PAZ;Container Ship;MAERSK;Maersk Group;Gemini Cooperation;Paranaguá;TCP;11/07/2025 15:29;
9526899;MAERSK LA PAZ;Container Ship;MAERSK;Maersk Group;Gemini Cooperation;Paranaguá;TCP;13/09/2025 00:48;
9526899;MAERSK LA PAZ;Container Ship;MAERSK;Maersk Group;Gemini Cooperation;Santos;Cais da BTP (SSZ 41) - Privativo;20/02/2025 04:30;
9526899;MAERSK LA PAZ;Container Ship;MAERSK;Maersk Group;Gemini Cooperation;Santos;Cais da BTP (SSZ 41) - Privativo;06/11/2025 06:05;
9526899;MAERSK LA PAZ;Container Ship;MAERSK;Maersk Group;Gemini Cooperation;Paranaguá;TCP;17/11/2025 16:54;
9526904;MAERSK LUZ;Container Ship;MAERSK;Maersk Group;Gemini Cooperation;Paranaguá;TCP;02/03/2025 16:37;
9526904;MAERSK LUZ;Container Ship;MAERSK;Maersk Group;Gemini Cooperation;Paranaguá;TCP;02/06/2025 13:35;
9526904;MAERSK LUZ;Container Ship;MAERSK;Maersk Group;Gemini Cooperation;Santos;Cais da BTP (SSZ 41) - Privativo;04/03/2025 00:10;
9526904;MAERSK LUZ;Container Ship;MAERSK;Maersk Group;Gemini Cooperation;Santos;Cais da Santos Brasil (SSZ 16) - Privativo;16/02/2025 15:34;
9241190;CHLOE D;Container Ship;UNKNOWN;UNKNOWN;Unknown;Santos;Cais da Santos Brasil (SSZ 16) - Privativo;13/01/2025 20:05;
9241190;CHLOE D;Container Ship;UNKNOWN;UNKNOWN;Unknown;Santos;Cais da Santos Brasil (SSZ 16) - Privativo;13/05/2025 07:15;
9241190;CHLOE D;Container Ship;UNKNOWN;UNKNOWN;Unknown;Santos;Cais da Santos Brasil (SSZ 16) - Privativo;03/01/2025 05:54;
9241190;CHLOE D;Container Ship;UNKNOWN;UNKNOWN;Unknown;Santos;Cais da Santos Brasil (SSZ 16) - Privativo;04/11/2025 02:55;
9241190;CHLOE D;Container Ship;UNKNOWN;UNKNOWN;Unknown;Santos;Cais da Santos Brasil (SSZ 16) - Privativo;07/03/2025 06:53;
9241190;CHLOE D;Container Ship;UNKNOWN;UNKNOWN;Unknown;Santos;Cais da Santos Brasil (SSZ 16) - Privativo;08/05/2025 12:37;
9241190;CHLOE D;Container Ship;UNKNOWN;UNKNOWN;Unknown;Santos;Cais da Santos Brasil (SSZ 16) - Privativo;09/07/2025 01:49;
9241190;CHLOE D;Container Ship;UNKNOWN;UNKNOWN;Unknown;Santos;Cais da Santos Brasil (SSZ 16) - Privativo;17/03/2025 23:25;
9241190;CHLOE D;Container Ship;UNKNOWN;UNKNOWN;Unknown;Santos;Cais da Santos Brasil (SSZ 16) - Privativo;03/07/2025 23:30;
9241190;CHLOE D;Container Ship;UNKNOWN;UNKNOWN;Unknown;Rio de Janeiro;ICTSI;07/09/2025 09:00;
9241190;CHLOE D;Container Ship;UNKNOWN;UNKNOWN;Unknown;Paranaguá;TCP;12/01/2025 15:35;
9241190;CHLOE D;Container Ship;UNKNOWN;UNKNOWN;Unknown;Rio de Janeiro;ICTSI;05/11/2025 16:05;
9241190;CHLOE D;Container Ship;UNKNOWN;UNKNOWN;Unknown;Paranaguá;TCP;11/05/2025 20:10;
9241190;CHLOE D;Container Ship;UNKNOWN;UNKNOWN;Unknown;Rio de Janeiro;ICTSI;10/07/2025 15:25;
9718947;ATACAMA;Container Ship;UNKNOWN;UNKNOWN;Unknown;Paranaguá;TCP;13/04/2025 16:06;
9718947;ATACAMA;Container Ship;UNKNOWN;UNKNOWN;Unknown;Paranaguá;TCP;12/01/2025 15:00;
9718947;ATACAMA;Container Ship;UNKNOWN;UNKNOWN;Unknown;Santos;Cais da Santos Brasil (SSZ 16) - Privativo;30/03/2025 11:52;
9718947;ATACAMA;Container Ship;UNKNOWN;UNKNOWN;Unknown;Santos;Cais da BTP (SSZ 41) - Privativo;14/01/2025 07:48;
9527049;MAERSK LANCO;Container Ship;MAERSK;Maersk Group;Gemini Cooperation;Santos;Cais da BTP (SSZ 41) - Privativo;08/06/2025 16:25;
9527049;MAERSK LANCO;Container Ship;MAERSK;Maersk Group;Gemini Cooperation;Santos;Cais da BTP (SSZ 41) - Privativo;27/09/2025 17:40;
9527049;MAERSK LANCO;Container Ship;MAERSK;Maersk Group;Gemini Cooperation;Santos;Cais da BTP (SSZ 41) - Privativo;15/12/2025 07:16;
9527049;MAERSK LANCO;Container Ship;MAERSK;Maersk Group;Gemini Cooperation;Santos;Cais da BTP (SSZ 41) - Privativo;07/04/2025 11:28;
9527049;MAERSK LANCO;Container Ship;MAERSK;Maersk Group;Gemini Cooperation;Rio Grande;Cais Tecon Rio Grande S.A.;03/06/2025 07:55;
9527049;MAERSK LANCO;Container Ship;MAERSK;Maersk Group;Gemini Cooperation;Santos;Cais da BTP (SSZ 41) - Privativo;29/11/2025 03:18;
9527049;MAERSK LANCO;Container Ship;MAERSK;Maersk Group;Gemini Cooperation;Paranaguá;TCP;02/12/2025 03:39;
9527049;MAERSK LANCO;Container Ship;MAERSK;Maersk Group;Gemini Cooperation;Paranaguá;TCP;03/08/2025 19:25;
9527049;MAERSK LANCO;Container Ship;MAERSK;Maersk Group;Gemini Cooperation;Rio Grande;Cais Tecon Rio Grande S.A.;07/10/2025 17:20;
9527049;MAERSK LANCO;Container Ship;MAERSK;Maersk Group;Gemini Cooperation;Santos;Cais da BTP (SSZ 41) - Privativo;12/10/2025 20:00;
9527049;MAERSK LANCO;Container Ship;MAERSK;Maersk Group;Gemini Cooperation;Paranaguá;TCP;26/05/2025 08:10;
9527049;MAERSK LANCO;Container Ship;MAERSK;Maersk Group;Gemini Cooperation;Paranaguá;TCP;29/09/2025 16:09;
9527049;MAERSK LANCO;Container Ship;MAERSK;Maersk Group;Gemini Cooperation;Paranaguá;TCP;10/10/2025 23:20;
9527049;MAERSK LANCO;Container Ship;MAERSK;Maersk Group;Gemini Cooperation;Santos;Cais da BTP (SSZ 41) - Privativo;06/01/2025 22:25;
9527049;MAERSK LANCO;Container Ship;MAERSK;Maersk Group;Gemini Cooperation;Paranaguá;TCP;04/04/2025 13:26;
9527049;MAERSK LANCO;Container Ship;MAERSK;Maersk Group;Gemini Cooperation;Paranaguá;TCP;05/01/2025 12:56;
9527049;MAERSK LANCO;Container Ship;MAERSK;Maersk Group;Gemini Cooperation;Rio Grande;Cais Tecon Rio Grande S.A.;11/12/2025 11:05;
9527049;MAERSK LANCO;Container Ship;MAERSK;Maersk Group;Gemini Cooperation;Santos;Cais da BTP (SSZ 41) - Privativo;26/07/2025 01:40;
9527049;MAERSK LANCO;Container Ship;MAERSK;Maersk Group;Gemini Cooperation;Santos;Cais da BTP (SSZ 41) - Privativo;24/05/2025 09:28;
9527049;MAERSK LANCO;Container Ship;MAERSK;Maersk Group;Gemini Cooperation;Paranaguá;TCP;06/06/2025 13:28;
9527049;MAERSK LANCO;Container Ship;MAERSK;Maersk Group;Gemini Cooperation;Santos;Cais da Santos Brasil (SSZ 16) - Privativo;23/03/2025 13:17;
9527049;MAERSK LANCO;Container Ship;MAERSK;Maersk Group;Gemini Cooperation;Santos;Cais da BTP (SSZ 41) - Privativo;14/08/2025 12:45;
9227027;SUNNY PHOENIX;Container Ship;UNKNOWN;UNKNOWN;Unknown;Santos;Cais da Santos Brasil (SSZ 16) - Privativo;11/02/2025 12:28;
9227027;SUNNY PHOENIX;Container Ship;UNKNOWN;UNKNOWN;Unknown;Santos;Cais da Santos Brasil (SSZ 16) - Privativo;09/12/2025 16:55;
9227027;SUNNY PHOENIX;Container Ship;UNKNOWN;UNKNOWN;Unknown;Rio de Janeiro;ICTSI;30/08/2025 02:00;
9227027;SUNNY PHOENIX;Container Ship;UNKNOWN;UNKNOWN;Unknown;Rio de Janeiro;ICTSI;26/06/2025 17:00;
9227027;SUNNY PHOENIX;Container Ship;UNKNOWN;UNKNOWN;Unknown;Santos;Cais da Santos Brasil (SSZ 16) - Privativo;17/10/2025 21:55;
9227027;SUNNY PHOENIX;Container Ship;UNKNOWN;UNKNOWN;Unknown;Paranaguá;TCP;27/10/2025 07:35;
9227027;SUNNY PHOENIX;Container Ship;UNKNOWN;UNKNOWN;Unknown;Rio de Janeiro;ICTSI;11/12/2025 03:25;
9227027;SUNNY PHOENIX;Container Ship;UNKNOWN;UNKNOWN;Unknown;Santos;Cais da Santos Brasil (SSZ 16) - Privativo;31/01/2025 02:15;
9227027;SUNNY PHOENIX;Container Ship;UNKNOWN;UNKNOWN;Unknown;Santos;Cais da Santos Brasil (SSZ 16) - Privativo;27/08/2025 19:00;
9227027;SUNNY PHOENIX;Container Ship;UNKNOWN;UNKNOWN;Unknown;Paranaguá;TCP;10/02/2025 00:25;
9227027;SUNNY PHOENIX;Container Ship;UNKNOWN;UNKNOWN;Unknown;Santos;Cais da Santos Brasil (SSZ 16) - Privativo;25/06/2025 07:40;
9227027;SUNNY PHOENIX;Container Ship;UNKNOWN;UNKNOWN;Unknown;Rio de Janeiro;ICTSI;16/04/2025 22:00;
9227027;SUNNY PHOENIX;Container Ship;UNKNOWN;UNKNOWN;Unknown;Santos;Cais da Santos Brasil (SSZ 16) - Privativo;14/08/2025 16:29;
9227027;SUNNY PHOENIX;Container Ship;UNKNOWN;UNKNOWN;Unknown;Santos;Cais da Santos Brasil (SSZ 16) - Privativo;15/04/2025 06:55;
9227027;SUNNY PHOENIX;Container Ship;UNKNOWN;UNKNOWN;Unknown;Rio de Janeiro;ICTSI;31/10/2025 12:55;
9227027;SUNNY PHOENIX;Container Ship;UNKNOWN;UNKNOWN;Unknown;Santos;Cais da Santos Brasil (SSZ 16) - Privativo;28/10/2025 20:06;
9227027;SUNNY PHOENIX;Container Ship;UNKNOWN;UNKNOWN;Unknown;Rio de Janeiro;ICTSI;13/02/2025 21:30;
9337224;COSCO MAANSHAN;;COSCO;Cosco Shipping;Ocean Alliance;São Francisco do Sul;TESC;04/01/2025 13:00;4253.0
9337224;COSCO MAANSHAN;;COSCO;Cosco Shipping;Ocean Alliance;Santos;Cais da Ecoporto (SSZ 35) - Privativo;14/07/2025 08:39;4253.0
9337224;COSCO MAANSHAN;;COSCO;Cosco Shipping;Ocean Alliance;Santos;Cais da Ecoporto (SSZ 35) - Privativo;06/01/2025 12:50;4253.0
9307229;PUSAN C;Container Ship;UNKNOWN;UNKNOWN;Unknown;Santos;Cais da BTP (SSZ 41) - Privativo;30/12/2024 21:25;
9527051;MAERSK LAMANAI;Container Ship;MAERSK;Maersk Group;Gemini Cooperation;Santos;Cais da Santos Brasil (SSZ 16) - Privativo;02/05/2025 23:11;
9527051;MAERSK LAMANAI;Container Ship;MAERSK;Maersk Group;Gemini Cooperation;Paranaguá;TCP;26/03/2025 08:35;
9527051;MAERSK LAMANAI;Container Ship;MAERSK;Maersk Group;Gemini Cooperation;Paranaguá;TCP;01/01/2025 19:44;
9527051;MAERSK LAMANAI;Container Ship;MAERSK;Maersk Group;Gemini Cooperation;Salvador;TECON Área 2;09/06/2025 18:50;
9527051;MAERSK LAMANAI;Container Ship;MAERSK;Maersk Group;Gemini Cooperation;Salvador;TECON Área 2;28/04/2025 21:00;
9527051;MAERSK LAMANAI;Container Ship;MAERSK;Maersk Group;Gemini Cooperation;Salvador;TECON Área 2;13/10/2025 19:00;
9527051;MAERSK LAMANAI;Container Ship;MAERSK;Maersk Group;Gemini Cooperation;Paranaguá;TCP;07/05/2025 06:57;
9527051;MAERSK LAMANAI;Container Ship;MAERSK;Maersk Group;Gemini Cooperation;Salvador;TECON Área 2;21/07/2025 20:00;
9527051;MAERSK LAMANAI;Container Ship;MAERSK;Maersk Group;Gemini Cooperation;Santos;Cais da BTP (SSZ 41) - Privativo;16/02/2025 08:55;
9527051;MAERSK LAMANAI;Container Ship;MAERSK;Maersk Group;Gemini Cooperation;Santos;Cais da BTP (SSZ 41) - Privativo;05/08/2025 18:59;
9527051;MAERSK LAMANAI;Container Ship;MAERSK;Maersk Group;Gemini Cooperation;Santos;Cais da BTP (SSZ 41) - Privativo;05/12/2025 16:30;
9527051;MAERSK LAMANAI;Container Ship;MAERSK;Maersk Group;Gemini Cooperation;Santos;Cais da BTP (SSZ 41) - Privativo;08/02/2025 02:30;
9527051;MAERSK LAMANAI;Container Ship;MAERSK;Maersk Group;Gemini Cooperation;Santos;Cais da BTP (SSZ 41) - Privativo;22/06/2025 23:37;
9527051;MAERSK LAMANAI;Container Ship;MAERSK;Maersk Group;Gemini Cooperation;Santos;Cais da Santos Brasil (SSZ 16) - Privativo;14/06/2025 13:30;
9527051;MAERSK LAMANAI;Container Ship;MAERSK;Maersk Group;Gemini Cooperation;Salvador;TECON Área 2;03/02/2025 21:00;
9527051;MAERSK LAMANAI;Container Ship;MAERSK;Maersk Group;Gemini Cooperation;Santos;Cais da Santos Brasil (SSZ 16) - Privativo;26/07/2025 09:05;
9527051;MAERSK LAMANAI;Container Ship;MAERSK;Maersk Group;Gemini Cooperation;Santos;Cais da BTP (SSZ 41) - Privativo;27/10/2025 21:16;
9527051;MAERSK LAMANAI;Container Ship;MAERSK;Maersk Group;Gemini Cooperation;Santos;Cais da BTP (SSZ 41) - Privativo;05/01/2025 12:45;
9527051;MAERSK LAMANAI;Container Ship;MAERSK;Maersk Group;Gemini Cooperation;Paranaguá;TCP;18/06/2025 22:55;
9527051;MAERSK LAMANAI;Container Ship;MAERSK;Maersk Group;Gemini Cooperation;Paranaguá;TCP;10/09/2025 22:42;
9527051;MAERSK LAMANAI;Container Ship;MAERSK;Maersk Group;Gemini Cooperation;Santos;Cais da BTP (SSZ 41) - Privativo;09/05/2025 08:55;
9527051;MAERSK LAMANAI;Container Ship;MAERSK;Maersk Group;Gemini Cooperation;Santos;Cais da BTP (SSZ 41) - Privativo;20/03/2025 22:55;
9527051;MAERSK LAMANAI;Container Ship;MAERSK;Maersk Group;Gemini Cooperation;Santos;Cais da Santos Brasil (SSZ 16) - Privativo;06/09/2025 23:56;
9527051;MAERSK LAMANAI;Container Ship;MAERSK;Maersk Group;Gemini Cooperation;Paranaguá;TCP;12/02/2025 10:52;
9527051;MAERSK LAMANAI;Container Ship;MAERSK;Maersk Group;Gemini Cooperation;Salvador;TECON Área 2;24/11/2025 20:00;
9527051;MAERSK LAMANAI;Container Ship;MAERSK;Maersk Group;Gemini Cooperation;Paranaguá;TCP;04/12/2025 08:18;
9527051;MAERSK LAMANAI;Container Ship;MAERSK;Maersk Group;Gemini Cooperation;Salvador;TECON Área 2;01/09/2025 19:45;
9527051;MAERSK LAMANAI;Container Ship;MAERSK;Maersk Group;Gemini Cooperation;Paranaguá;TCP;23/10/2025 10:25;
9527051;MAERSK LAMANAI;Container Ship;MAERSK;Maersk Group;Gemini Cooperation;Paranaguá;TCP;02/08/2025 04:28;
9527051;MAERSK LAMANAI;Container Ship;MAERSK;Maersk Group;Gemini Cooperation;Salvador;TECON Área 2;17/03/2025 18:30;
9527051;MAERSK LAMANAI;Container Ship;MAERSK;Maersk Group;Gemini Cooperation;Santos;Cais da BTP (SSZ 41) - Privativo;12/09/2025 15:37;
9527051;MAERSK LAMANAI;Container Ship;MAERSK;Maersk Group;Gemini Cooperation;Santos;Cais da BTP (SSZ 41) - Privativo;30/03/2025 10:32;
9527051;MAERSK LAMANAI;Container Ship;MAERSK;Maersk Group;Gemini Cooperation;Santos;Cais da BTP (SSZ 41) - Privativo;17/10/2025 16:30;
9527051;MAERSK LAMANAI;Container Ship;MAERSK;Maersk Group;Gemini Cooperation;Santos;Cais da Santos Brasil (SSZ 16) - Privativo;29/11/2025 21:05;
9196852;MSC ALMA VII;Container Ship;MSC;MSC;MSC (standalone);Salvador;TECON;28/04/2025 14:00;
9196852;MSC ALMA VII;Container Ship;MSC;MSC;MSC (standalone);Santos;Cais da BTP (SSZ 41) - Privativo;03/07/2025 03:35;
9196852;MSC ALMA VII;Container Ship;MSC;MSC;MSC (standalone);Rio de Janeiro;Multi-Rio;25/04/2025 09:00;
9196852;MSC ALMA VII;Container Ship;MSC;MSC;MSC (standalone);Santos;Cais da BTP (SSZ 41) - Privativo;19/06/2025 13:45;
9196852;MSC ALMA VII;Container Ship;MSC;MSC;MSC (standalone);Santos;Cais da BTP (SSZ 41) - Privativo;01/01/2025 22:10;
9196852;MSC ALMA VII;Container Ship;MSC;MSC;MSC (standalone);Paranaguá;TCP;14/04/2025 16:25;
9196852;MSC ALMA VII;Container Ship;MSC;MSC;MSC (standalone);Santos;Cais da BTP (SSZ 41) - Privativo;23/04/2025 07:27;
9196852;MSC ALMA VII;Container Ship;MSC;MSC;MSC (standalone);Itajaí;Cais Arrendado Transitoriamente;18/04/2025 18:10;
9196852;MSC ALMA VII;Container Ship;MSC;MSC;MSC (standalone);Paranaguá;TCP;20/04/2025 22:55;
9196852;MSC ALMA VII;Container Ship;MSC;MSC;MSC (standalone);Salvador;TECON Área 2;04/01/2025 23:25;
9196852;MSC ALMA VII;Container Ship;MSC;MSC;MSC (standalone);Rio Grande;Cais Tecon Rio Grande S.A.;28/06/2025 15:30;
9225653;ALESSIA;Container Ship;UNKNOWN;UNKNOWN;Unknown;Rio de Janeiro;ICTSI;02/08/2025 17:25;
9225653;ALESSIA;Container Ship;UNKNOWN;UNKNOWN;Unknown;Paranaguá;TCP;13/09/2025 19:55;
9225653;ALESSIA;Container Ship;UNKNOWN;UNKNOWN;Unknown;Paranaguá;TCP;11/03/2025 04:10;
9225653;ALESSIA;Container Ship;UNKNOWN;UNKNOWN;Unknown;Salvador;TECON;06/06/2025 21:00;
9225653;ALESSIA;Container Ship;UNKNOWN;UNKNOWN;Unknown;Rio de Janeiro;ICTSI;22/09/2025 21:20;
9225653;ALESSIA;Container Ship;UNKNOWN;UNKNOWN;Unknown;Santos;Cais da Santos Brasil (SSZ 16) - Privativo;20/09/2025 05:33;
9225653;ALESSIA;Container Ship;UNKNOWN;UNKNOWN;Unknown;Paranaguá;TCP;19/07/2025 17:50;
9225653;ALESSIA;Container Ship;UNKNOWN;UNKNOWN;Unknown;Santos;Cais da Santos Brasil (SSZ 16) - Privativo;25/07/2025 19:20;
9225653;ALESSIA;Container Ship;UNKNOWN;UNKNOWN;Unknown;Salvador;TECON;09/01/2025 20:00;
9225653;ALESSIA;Container Ship;UNKNOWN;UNKNOWN;Unknown;Rio de Janeiro;ICTSI;21/11/2025 04:40;
9225653;ALESSIA;Container Ship;UNKNOWN;UNKNOWN;Unknown;Santos;Cais da Santos Brasil (SSZ 16) - Privativo;18/11/2025 12:40;
9225653;ALESSIA;Container Ship;UNKNOWN;UNKNOWN;Unknown;Rio de Janeiro;ICTSI;02/06/2025 09:05;
9225653;ALESSIA;Container Ship;UNKNOWN;UNKNOWN;Unknown;Paranaguá;TCP;24/05/2025 13:50;
9225653;ALESSIA;Container Ship;UNKNOWN;UNKNOWN;Unknown;Santos;Cais da Santos Brasil (SSZ 16) - Privativo;30/05/2025 08:23;
9349540;JAZAN;Container Ship;UNKNOWN;UNKNOWN;Unknown;Rio de Janeiro;Multi-Rio;02/06/2025 16:00;
9349540;JAZAN;Container Ship;UNKNOWN;UNKNOWN;Unknown;Paranaguá;TCP;20/10/2025 04:45;
9349540;JAZAN;Container Ship;UNKNOWN;UNKNOWN;Unknown;Rio Grande;Cais Tecon Rio Grande S.A.;26/05/2025 15:55;
9349540;JAZAN;Container Ship;UNKNOWN;UNKNOWN;Unknown;Rio Grande;Cais Tecon Rio Grande S.A.;24/12/2025 09:05;
9349540;JAZAN;Container Ship;UNKNOWN;UNKNOWN;Unknown;Rio de Janeiro;Multi-Rio;10/01/2025 07:00;
9349540;JAZAN;Container Ship;UNKNOWN;UNKNOWN;Unknown;Terminal Portuário do Pecém;Terminal Portuário do Pecém;23/09/2025 04:55;
9349540;JAZAN;Container Ship;UNKNOWN;UNKNOWN;Unknown;Itajaí;Cais Arrendado Transitoriamente;13/08/2025 22:01;
9349540;JAZAN;Container Ship;UNKNOWN;UNKNOWN;Unknown;Rio Grande;Cais Tecon Rio Grande S.A.;18/03/2025 18:20;
9349540;JAZAN;Container Ship;UNKNOWN;UNKNOWN;Unknown;Paranaguá;TCP;11/08/2025 22:35;
9349540;JAZAN;Container Ship;UNKNOWN;UNKNOWN;Unknown;Rio de Janeiro;Multi-Rio;25/03/2025 12:50;
9349540;JAZAN;Container Ship;UNKNOWN;UNKNOWN;Unknown;Itajaí;Cais Arrendado Transitoriamente;27/12/2025 13:40;
9349540;JAZAN;Container Ship;UNKNOWN;UNKNOWN;Unknown;Itajaí;Cais Arrendado Transitoriamente;16/10/2025 07:10;
9349540;JAZAN;Container Ship;UNKNOWN;UNKNOWN;Unknown;Paranaguá;TCP;21/03/2025 20:40;
9349540;JAZAN;Container Ship;UNKNOWN;UNKNOWN;Unknown;Portonave - Terminais Portuários de Navegantes;Portonave - Terminais Portuários de Navegantes;30/05/2025 10:54;
9629043;EVER LINKING;Container Ship;EVERGREEN;Evergreen;Ocean Alliance;Paranaguá;TCP;15/04/2025 10:10;
9629043;EVER LINKING;Container Ship;EVERGREEN;Evergreen;Ocean Alliance;Paranaguá;TCP;08/01/2025 14:50;
9629043;EVER LINKING;Container Ship;EVERGREEN;Evergreen;Ocean Alliance;Santos;Cais da Santos Brasil (SSZ 16) - Privativo;17/04/2025 11:00;
9629043;EVER LINKING;Container Ship;EVERGREEN;Evergreen;Ocean Alliance;Portonave - Terminais Portuários de Navegantes;Portonave - Terminais Portuários de Navegantes;13/04/2025 13:48;
9629043;EVER LINKING;Container Ship;EVERGREEN;Evergreen;Ocean Alliance;Portonave - Terminais Portuários de Navegantes;Portonave - Terminais Portuários de Navegantes;03/04/2025 10:48;
9629043;EVER LINKING;Container Ship;EVERGREEN;Evergreen;Ocean Alliance;Rio de Janeiro;ICTSI;26/03/2025 10:00;
9629079;EVER LEGACY;;EVERGREEN;Evergreen;Ocean Alliance;Paranaguá;TCP;30/03/2025 09:30;8508.0
9629079;EVER LEGACY;;EVERGREEN;Evergreen;Ocean Alliance;Portonave - Terminais Portuários de Navegantes;Portonave - Terminais Portuários de Navegantes;20/03/2025 00:12;8508.0
9618317;MSC ATHOS;Container Ship;MSC;MSC;MSC (standalone);Santos;Cais da Santos Brasil (SSZ 16) - Privativo;08/01/2025 01:30;
9618317;MSC ATHOS;Container Ship;MSC;MSC;MSC (standalone);Santos;Cais da BTP (SSZ 41) - Privativo;16/01/2025 17:50;
9618317;MSC ATHOS;Container Ship;MSC;MSC;MSC (standalone);Paranaguá;TCP;06/03/2025 18:45;
9618317;MSC ATHOS;Container Ship;MSC;MSC;MSC (standalone);Rio de Janeiro;Multi-Rio;20/01/2025 08:20;
9618317;MSC ATHOS;Container Ship;MSC;MSC;MSC (standalone);Rio de Janeiro;Multi-Rio;03/03/2025 14:00;
9618317;MSC ATHOS;Container Ship;MSC;MSC;MSC (standalone);Santos;Cais da Santos Brasil (SSZ 16) - Privativo;05/03/2025 03:45;
9618317;MSC ATHOS;Container Ship;MSC;MSC;MSC (standalone);Portonave - Terminais Portuários de Navegantes;Portonave - Terminais Portuários de Navegantes;15/03/2025 13:54;
9618317;MSC ATHOS;Container Ship;MSC;MSC;MSC (standalone);Santos;Cais da BTP (SSZ 41) - Privativo;18/03/2025 20:21;
9618317;MSC ATHOS;Container Ship;MSC;MSC;MSC (standalone);Rio de Janeiro;Multi-Rio;20/03/2025 20:15;
9618317;MSC ATHOS;Container Ship;MSC;MSC;MSC (standalone);Paranaguá;TCP;10/01/2025 01:25;
9618317;MSC ATHOS;Container Ship;MSC;MSC;MSC (standalone);Rio de Janeiro;Multi-Rio;04/01/2025 09:55;
9623673;RDO FORTUNE;Container Ship;UNKNOWN;UNKNOWN;Unknown;Rio Grande;Cais Tecon Rio Grande S.A.;12/08/2025 15:30;
9623673;RDO FORTUNE;Container Ship;UNKNOWN;UNKNOWN;Unknown;Santos;Cais da Santos Brasil (SSZ 16) - Privativo;29/01/2025 03:15;
9623673;RDO FORTUNE;Container Ship;UNKNOWN;UNKNOWN;Unknown;Salvador;TECON Área 2;09/10/2025 16:30;
9623673;RDO FORTUNE;Container Ship;UNKNOWN;UNKNOWN;Unknown;Rio de Janeiro;ICTSI;06/10/2025 09:00;
9623673;RDO FORTUNE;Container Ship;UNKNOWN;UNKNOWN;Unknown;Salvador;TECON;28/11/2025 02:22;
9623673;RDO FORTUNE;Container Ship;UNKNOWN;UNKNOWN;Unknown;Terminal Portuário do Pecém;Terminal Portuário do Pecém;18/05/2025 05:26;
9623673;RDO FORTUNE;Container Ship;UNKNOWN;UNKNOWN;Unknown;Terminal Portuário do Pecém;Terminal Portuário do Pecém;12/10/2025 07:06;
9623673;RDO FORTUNE;Container Ship;UNKNOWN;UNKNOWN;Unknown;Rio de Janeiro;ICTSI;25/11/2025 03:45;
9623673;RDO FORTUNE;Container Ship;UNKNOWN;UNKNOWN;Unknown;Santos;Cais da Santos Brasil (SSZ 16) - Privativo;22/03/2025 15:48;
9623673;RDO FORTUNE;Container Ship;UNKNOWN;UNKNOWN;Unknown;Terminal Portuário do Pecém;Terminal Portuário do Pecém;06/07/2025 06:12;
9623673;RDO FORTUNE;Container Ship;UNKNOWN;UNKNOWN;Unknown;Salvador;TECON Área 2;15/05/2025 18:30;
9623673;RDO FORTUNE;Container Ship;UNKNOWN;UNKNOWN;Unknown;Rio Grande;Cais Tecon Rio Grande S.A.;07/05/2025 17:10;
9623673;RDO FORTUNE;Container Ship;UNKNOWN;UNKNOWN;Unknown;Rio de Janeiro;ICTSI;24/03/2025 15:05;
9623673;RDO FORTUNE;Container Ship;UNKNOWN;UNKNOWN;Unknown;Rio Grande;Cais Tecon Rio Grande S.A.;04/02/2025 01:15;
9623673;RDO FORTUNE;Container Ship;UNKNOWN;UNKNOWN;Unknown;Santos;Cais da BTP (SSZ 41) - Privativo;11/05/2025 17:13;
9623673;RDO FORTUNE;Container Ship;UNKNOWN;UNKNOWN;Unknown;Terminal Portuário do Pecém;Terminal Portuário do Pecém;24/08/2025 06:17;
9623673;RDO FORTUNE;Container Ship;UNKNOWN;UNKNOWN;Unknown;Santos;Cais da BTP (SSZ 41) - Privativo;28/06/2025 18:42;
9623673;RDO FORTUNE;Container Ship;UNKNOWN;UNKNOWN;Unknown;Santos;Cais da Santos Brasil (SSZ 16) - Privativo;12/03/2025 09:12;
9623673;RDO FORTUNE;Container Ship;UNKNOWN;UNKNOWN;Unknown;Rio de Janeiro;ICTSI;30/06/2025 04:55;
9623673;RDO FORTUNE;Container Ship;UNKNOWN;UNKNOWN;Unknown;Terminal Portuário do Pecém;Terminal Portuário do Pecém;30/03/2025 08:01;
9623673;RDO FORTUNE;Container Ship;UNKNOWN;UNKNOWN;Unknown;Terminal Portuário do Pecém;Terminal Portuário do Pecém;30/11/2025 05:55;
9623673;RDO FORTUNE;Container Ship;UNKNOWN;UNKNOWN;Unknown;Santos;Cais da Santos Brasil (SSZ 16) - Privativo;06/02/2025 11:55;
9687576;CISNES;Container Ship;UNKNOWN;UNKNOWN;Unknown;Paranaguá;TCP;13/01/2025 23:05;
9687576;CISNES;Container Ship;UNKNOWN;UNKNOWN;Unknown;Santos;Cais da BTP (SSZ 41) - Privativo;15/01/2025 17:25;
9687576;CISNES;Container Ship;UNKNOWN;UNKNOWN;Unknown;Santos;Cais da BTP (SSZ 41) - Privativo;02/01/2025 13:28;
9793935;WAN HAI V01;Container Ship;WAN HAI;Wan Hai;Non-aligned;Santos;Cais da BTP (SSZ 41) - Privativo;07/07/2025 13:16;
9793935;WAN HAI V01;Container Ship;WAN HAI;Wan Hai;Non-aligned;Paranaguá;TCP;31/07/2025 13:30;
9793935;WAN HAI V01;Container Ship;WAN HAI;Wan Hai;Non-aligned;Paranaguá;TCP;02/01/2025 00:40;
9793935;WAN HAI V01;Container Ship;WAN HAI;Wan Hai;Non-aligned;Portonave - Terminais Portuários de Navegantes;Portonave - Terminais Portuários de Navegantes;24/04/2025 19:06;
9793935;WAN HAI V01;Container Ship;WAN HAI;Wan Hai;Non-aligned;Portonave - Terminais Portuários de Navegantes;Portonave - Terminais Portuários de Navegantes;12/04/2025 15:06;
9793935;WAN HAI V01;Container Ship;WAN HAI;Wan Hai;Non-aligned;Portonave - Terminais Portuários de Navegantes;Portonave - Terminais Portuários de Navegantes;17/01/2025 16:48;
9793935;WAN HAI V01;Container Ship;WAN HAI;Wan Hai;Non-aligned;Santos;Cais da BTP (SSZ 41) - Privativo;01/05/2025 02:10;
9793935;WAN HAI V01;Container Ship;WAN HAI;Wan Hai;Non-aligned;Santos;Cais da BTP (SSZ 41) - Privativo;08/04/2025 12:43;
9793935;WAN HAI V01;Container Ship;WAN HAI;Wan Hai;Non-aligned;Portonave - Terminais Portuários de Navegantes;Portonave - Terminais Portuários de Navegantes;13/07/2025 23:54;
9793935;WAN HAI V01;Container Ship;WAN HAI;Wan Hai;Non-aligned;Paranaguá;TCP;15/01/2025 05:20;
9793935;WAN HAI V01;Container Ship;WAN HAI;Wan Hai;Non-aligned;Paranaguá;TCP;11/07/2025 05:55;
9793935;WAN HAI V01;Container Ship;WAN HAI;Wan Hai;Non-aligned;Santos;Cais da BTP (SSZ 41) - Privativo;25/01/2025 01:00;
9793935;WAN HAI V01;Container Ship;WAN HAI;Wan Hai;Non-aligned;Rio Grande;Cais Tecon Rio Grande S.A.;23/04/2025 03:40;
9793935;WAN HAI V01;Container Ship;WAN HAI;Wan Hai;Non-aligned;Santos;Cais da BTP (SSZ 41) - Privativo;05/08/2025 06:55;
9793935;WAN HAI V01;Container Ship;WAN HAI;Wan Hai;Non-aligned;Paranaguá;TCP;26/04/2025 08:25;
9793935;WAN HAI V01;Container Ship;WAN HAI;Wan Hai;Non-aligned;Paranaguá;TCP;10/04/2025 08:45;
9266140;CMA CGM ABU DHABI;;CMA CGM;CMA CGM Group;Ocean Alliance;Vitória;Cais de Capuaba;26/05/2025 07:30;1600.0
9786724;WAN HAI V02;Container Ship;WAN HAI;Wan Hai;Non-aligned;Santos;Cais da BTP (SSZ 41) - Privativo;09/04/2025 06:35;
9786724;WAN HAI V02;Container Ship;WAN HAI;Wan Hai;Non-aligned;Portonave - Terminais Portuários de Navegantes;Portonave - Terminais Portuários de Navegantes;21/06/2025 10:30;
9786724;WAN HAI V02;Container Ship;WAN HAI;Wan Hai;Non-aligned;Santos;Cais da BTP (SSZ 41) - Privativo;16/03/2025 03:00;
9786724;WAN HAI V02;Container Ship;WAN HAI;Wan Hai;Non-aligned;Paranaguá;TCP;22/10/2025 05:00;
9786724;WAN HAI V02;Container Ship;WAN HAI;Wan Hai;Non-aligned;Paranaguá;TCP;19/03/2025 20:55;
9786724;WAN HAI V02;Container Ship;WAN HAI;Wan Hai;Non-aligned;Paranaguá;TCP;30/09/2025 12:00;
9786724;WAN HAI V02;Container Ship;WAN HAI;Wan Hai;Non-aligned;Paranaguá;TCP;08/07/2025 15:30;
9786724;WAN HAI V02;Container Ship;WAN HAI;Wan Hai;Non-aligned;Santos;Cais da BTP (SSZ 41) - Privativo;17/06/2025 09:26;
9786724;WAN HAI V02;Container Ship;WAN HAI;Wan Hai;Non-aligned;Portonave - Terminais Portuários de Navegantes;Portonave - Terminais Portuários de Navegantes;04/10/2025 09:48;
9786724;WAN HAI V02;Container Ship;WAN HAI;Wan Hai;Non-aligned;Santos;Cais da BTP (SSZ 41) - Privativo;25/09/2025 06:27;
9786724;WAN HAI V02;Container Ship;WAN HAI;Wan Hai;Non-aligned;Santos;Cais da BTP (SSZ 41) - Privativo;01/01/2025 13:08;
9786724;WAN HAI V02;Container Ship;WAN HAI;Wan Hai;Non-aligned;Rio Grande;Cais Tecon Rio Grande S.A.;29/03/2025 23:15;
9786724;WAN HAI V02;Container Ship;WAN HAI;Wan Hai;Non-aligned;Paranaguá;TCP;19/06/2025 07:45;
9786724;WAN HAI V02;Container Ship;WAN HAI;Wan Hai;Non-aligned;Santos;Cais da BTP (SSZ 41) - Privativo;24/10/2025 09:13;
9786724;WAN HAI V02;Container Ship;WAN HAI;Wan Hai;Non-aligned;Rio Grande;Cais Tecon Rio Grande S.A.;03/07/2025 17:20;
9786724;WAN HAI V02;Container Ship;WAN HAI;Wan Hai;Non-aligned;Santos;Cais da BTP (SSZ 41) - Privativo;12/07/2025 06:34;
9786724;WAN HAI V02;Container Ship;WAN HAI;Wan Hai;Non-aligned;Paranaguá;TCP;03/04/2025 21:20;
9786724;WAN HAI V02;Container Ship;WAN HAI;Wan Hai;Non-aligned;Portonave - Terminais Portuários de Navegantes;Portonave - Terminais Portuários de Navegantes;02/04/2025 10:30;
9970014;GREENVILLE;Container Ship;UNKNOWN;UNKNOWN;Unknown;Itajaí;Cais Arrendado Transitoriamente;31/12/2024 12:03;
9970014;GREENVILLE;Container Ship;UNKNOWN;UNKNOWN;Unknown;Santos;Cais da BTP (SSZ 41) - Privativo;05/01/2025 22:35;
9936513;ZIM THAILAND;Container Ship;ZIM;ZIM;Non-aligned;Paranaguá;TCP;29/06/2025 19:55;
9936513;ZIM THAILAND;Container Ship;ZIM;ZIM;Non-aligned;Santos;Cais da BTP (SSZ 41) - Privativo;31/12/2024 17:28;
9936513;ZIM THAILAND;Container Ship;ZIM;ZIM;Non-aligned;Paranaguá;TCP;30/03/2025 13:50;
9936513;ZIM THAILAND;Container Ship;ZIM;ZIM;Non-aligned;Santos;Cais da Santos Brasil (SSZ 16) - Privativo;16/03/2025 14:25;
9936513;ZIM THAILAND;Container Ship;ZIM;ZIM;Non-aligned;Santos;Cais da BTP (SSZ 41) - Privativo;01/04/2025 14:42;
9936513;ZIM THAILAND;Container Ship;ZIM;ZIM;Non-aligned;Rio de Janeiro;ICTSI;22/09/2025 15:40;
9285691;COSCO BRISBANE;;COSCO;Cosco Shipping;Ocean Alliance;Rio de Janeiro;Multi-Rio;27/04/2025 16:20;5446.0
9285691;COSCO BRISBANE;;COSCO;Cosco Shipping;Ocean Alliance;Rio de Janeiro;Multi-Rio;17/06/2025 18:10;5446.0
9285691;COSCO BRISBANE;;COSCO;Cosco Shipping;Ocean Alliance;Santos;Cais da BTP (SSZ 41) - Privativo;25/04/2025 08:10;5446.0
9285691;COSCO BRISBANE;;COSCO;Cosco Shipping;Ocean Alliance;Santos;Cais da BTP (SSZ 41) - Privativo;15/06/2025 16:50;5446.0
9285691;COSCO BRISBANE;;COSCO;Cosco Shipping;Ocean Alliance;Rio de Janeiro;Multi-Rio;09/12/2025 19:10;5446.0
9285691;COSCO BRISBANE;;COSCO;Cosco Shipping;Ocean Alliance;Paranaguá;TCP;12/06/2025 17:55;5446.0
9285691;COSCO BRISBANE;;COSCO;Cosco Shipping;Ocean Alliance;Santos;Cais da BTP (SSZ 41) - Privativo;09/10/2025 10:50;5446.0
9285691;COSCO BRISBANE;;COSCO;Cosco Shipping;Ocean Alliance;Paranaguá;TCP;10/08/2025 18:45;5446.0
9285691;COSCO BRISBANE;;COSCO;Cosco Shipping;Ocean Alliance;Santos;Cais da BTP (SSZ 41) - Privativo;07/12/2025 16:48;5446.0
9285691;COSCO BRISBANE;;COSCO;Cosco Shipping;Ocean Alliance;Rio de Janeiro;Multi-Rio;11/10/2025 17:15;5446.0
9285691;COSCO BRISBANE;;COSCO;Cosco Shipping;Ocean Alliance;Paranaguá;TCP;02/10/2025 17:00;5446.0
9285691;COSCO BRISBANE;;COSCO;Cosco Shipping;Ocean Alliance;Santos;Cais da BTP (SSZ 41) - Privativo;13/08/2025 08:35;5446.0
9285691;COSCO BRISBANE;;COSCO;Cosco Shipping;Ocean Alliance;Santos;Cais da BTP (SSZ 41) - Privativo;24/11/2025 21:30;5446.0
9285691;COSCO BRISBANE;;COSCO;Cosco Shipping;Ocean Alliance;Paranaguá;TCP;15/02/2025 07:20;5446.0
9285691;COSCO BRISBANE;;COSCO;Cosco Shipping;Ocean Alliance;Rio de Janeiro;Multi-Rio;23/02/2025 10:20;5446.0
9285691;COSCO BRISBANE;;COSCO;Cosco Shipping;Ocean Alliance;Portonave - Terminais Portuários de Navegantes;Portonave - Terminais Portuários de Navegantes;13/02/2025 22:42;5446.0
9285691;COSCO BRISBANE;;COSCO;Cosco Shipping;Ocean Alliance;Paranaguá;TCP;21/04/2025 04:05;5446.0
9285691;COSCO BRISBANE;;COSCO;Cosco Shipping;Ocean Alliance;Santos;Cais da BTP (SSZ 41) - Privativo;19/02/2025 00:28;5446.0
9285691;COSCO BRISBANE;;COSCO;Cosco Shipping;Ocean Alliance;Santos;Cais da BTP (SSZ 41) - Privativo;30/09/2025 16:25;5446.0
9526930;MAERSK LEBU;Container Ship;MAERSK;Maersk Group;Gemini Cooperation;Paranaguá;TCP;23/02/2025 15:26;
9526930;MAERSK LEBU;Container Ship;MAERSK;Maersk Group;Gemini Cooperation;Santos;Cais da Santos Brasil (SSZ 16) - Privativo;09/02/2025 14:20;
9526930;MAERSK LEBU;Container Ship;MAERSK;Maersk Group;Gemini Cooperation;Santos;Cais da BTP (SSZ 41) - Privativo;25/02/2025 10:25;
9367188;BREMEN BELLE;Container Ship;UNKNOWN;UNKNOWN;Unknown;Rio de Janeiro;Multi-Rio;27/02/2025 14:40;
9367188;BREMEN BELLE;Container Ship;UNKNOWN;UNKNOWN;Unknown;Santos;Cais da BTP (SSZ 41) - Privativo;24/02/2025 07:20;
9367188;BREMEN BELLE;Container Ship;UNKNOWN;UNKNOWN;Unknown;Paranaguá;TCP;22/02/2025 00:28;
9367188;BREMEN BELLE;Container Ship;UNKNOWN;UNKNOWN;Unknown;Santos;Cais da BTP (SSZ 41) - Privativo;17/02/2025 19:00;
9226932;MSC BARBARA;;MSC;MSC;MSC (standalone);Salvador;TECON Área 2;14/05/2025 00:35;6402.0
9226932;MSC BARBARA;;MSC;MSC;MSC (standalone);Terminal Portuário do Pecém;Terminal Portuário do Pecém;02/02/2025 15:28;6402.0
9226932;MSC BARBARA;;MSC;MSC;MSC (standalone);Salvador;TECON;06/02/2025 14:30;6402.0
9539494;MERCOSUL GUARUJA;Container Ship;MERCOSUL;CMA CGM Group;Regional / affiliated carrier;Salvador;TECON;13/03/2025 21:45;
9539494;MERCOSUL GUARUJA;Container Ship;MERCOSUL;CMA CGM Group;Regional / affiliated carrier;Santos;Cais da Santos Brasil (SSZ 16) - Privativo;12/11/2025 09:15;
9539494;MERCOSUL GUARUJA;Container Ship;MERCOSUL;CMA CGM Group;Regional / affiliated carrier;Terminal Portuário do Pecém;Terminal Portuário do Pecém;22/11/2025 08:01;
9539494;MERCOSUL GUARUJA;Container Ship;MERCOSUL;CMA CGM Group;Regional / affiliated carrier;Rio de Janeiro;ICTSI;15/06/2025 11:40;
9539494;MERCOSUL GUARUJA;Container Ship;MERCOSUL;CMA CGM Group;Regional / affiliated carrier;Rio de Janeiro;ICTSI;18/05/2025 23:15;
9539494;MERCOSUL GUARUJA;Container Ship;MERCOSUL;CMA CGM Group;Regional / affiliated carrier;Santos;Cais da Santos Brasil (SSZ 16) - Privativo;27/02/2025 01:45;
9539494;MERCOSUL GUARUJA;Container Ship;MERCOSUL;CMA CGM Group;Regional / affiliated carrier;Santos;Cais da BTP (SSZ 41) - Privativo;10/03/2025 17:55;
9632480;MAERSK RUBICON;Container Ship;MAERSK;Maersk Group;Gemini Cooperation;Rio de Janeiro;Multi-Rio;25/11/2025 10:00;
9632480;MAERSK RUBICON;Container Ship;MAERSK;Maersk Group;Gemini Cooperation;Paranaguá;TCP;20/11/2025 21:55;
9632480;MAERSK RUBICON;Container Ship;MAERSK;Maersk Group;Gemini Cooperation;Santos;Cais da BTP (SSZ 41) - Privativo;24/09/2025 21:13;
9632480;MAERSK RUBICON;Container Ship;MAERSK;Maersk Group;Gemini Cooperation;Rio de Janeiro;Multi-Rio;15/06/2025 13:40;
9632480;MAERSK RUBICON;Container Ship;MAERSK;Maersk Group;Gemini Cooperation;Santos;Cais da BTP (SSZ 41) - Privativo;09/02/2025 09:35;
9632480;MAERSK RUBICON;Container Ship;MAERSK;Maersk Group;Gemini Cooperation;Santos;Cais da BTP (SSZ 41) - Privativo;31/01/2025 22:37;
9632480;MAERSK RUBICON;Container Ship;MAERSK;Maersk Group;Gemini Cooperation;Santos;Cais da BTP (SSZ 41) - Privativo;03/10/2025 16:28;
9632480;MAERSK RUBICON;Container Ship;MAERSK;Maersk Group;Gemini Cooperation;Rio de Janeiro;Multi-Rio;11/02/2025 16:05;
9632480;MAERSK RUBICON;Container Ship;MAERSK;Maersk Group;Gemini Cooperation;Santos;Cais da BTP (SSZ 41) - Privativo;10/06/2025 06:40;
9632480;MAERSK RUBICON;Container Ship;MAERSK;Maersk Group;Gemini Cooperation;Santos;Cais da BTP (SSZ 41) - Privativo;21/04/2025 06:10;
9632480;MAERSK RUBICON;Container Ship;MAERSK;Maersk Group;Gemini Cooperation;Santos;Cais da BTP (SSZ 41) - Privativo;03/08/2025 04:59;
9632480;MAERSK RUBICON;Container Ship;MAERSK;Maersk Group;Gemini Cooperation;Santos;Cais da BTP (SSZ 41) - Privativo;16/11/2025 13:31;
9632480;MAERSK RUBICON;Container Ship;MAERSK;Maersk Group;Gemini Cooperation;Santos;Cais da BTP (SSZ 41) - Privativo;23/11/2025 06:00;
9632480;MAERSK RUBICON;Container Ship;MAERSK;Maersk Group;Gemini Cooperation;Santos;Cais da BTP (SSZ 41) - Privativo;27/07/2025 09:32;
9632480;MAERSK RUBICON;Container Ship;MAERSK;Maersk Group;Gemini Cooperation;Rio de Janeiro;Multi-Rio;05/10/2025 15:15;
9632480;MAERSK RUBICON;Container Ship;MAERSK;Maersk Group;Gemini Cooperation;Paranaguá;TCP;04/02/2025 09:02;
9525950;ALS VESTA;Container Ship;UNKNOWN;UNKNOWN;Unknown;Santos;Cais da Santos Brasil (SSZ 16) - Privativo;19/02/2025 00:22;
9525950;ALS VESTA;Container Ship;UNKNOWN;UNKNOWN;Unknown;Santos;Cais da Santos Brasil (SSZ 16) - Privativo;07/02/2025 03:16;
9337274;COSCO CHANGSHA;;COSCO;Cosco Shipping;Ocean Alliance;Super Terminais Comércio e Indústria;Super Terminais Comércio e Indústria;14/01/2025 13:10;4253.0
9337274;COSCO CHANGSHA;;COSCO;Cosco Shipping;Ocean Alliance;Super Terminais Comércio e Indústria;Super Terminais Comércio e Indústria;22/07/2025 16:00;4253.0
9337274;COSCO CHANGSHA;;COSCO;Cosco Shipping;Ocean Alliance;Super Terminais Comércio e Indústria;Super Terminais Comércio e Indústria;23/06/2025 18:30;4253.0
9337274;COSCO CHANGSHA;;COSCO;Cosco Shipping;Ocean Alliance;Super Terminais Comércio e Indústria;Super Terminais Comércio e Indústria;22/04/2025 18:30;4253.0
9337274;COSCO CHANGSHA;;COSCO;Cosco Shipping;Ocean Alliance;Super Terminais Comércio e Indústria;Super Terminais Comércio e Indústria;28/10/2025 17:30;4253.0
9337274;COSCO CHANGSHA;;COSCO;Cosco Shipping;Ocean Alliance;Super Terminais Comércio e Indústria;Super Terminais Comércio e Indústria;17/02/2025 15:50;4253.0
9337274;COSCO CHANGSHA;;COSCO;Cosco Shipping;Ocean Alliance;Super Terminais Comércio e Indústria;Super Terminais Comércio e Indústria;19/03/2025 18:30;4253.0
9337274;COSCO CHANGSHA;;COSCO;Cosco Shipping;Ocean Alliance;Super Terminais Comércio e Indústria;Super Terminais Comércio e Indústria;30/09/2025 16:09;4253.0
9337274;COSCO CHANGSHA;;COSCO;Cosco Shipping;Ocean Alliance;Super Terminais Comércio e Indústria;Super Terminais Comércio e Indústria;21/05/2025 21:40;4253.0
9337274;COSCO CHANGSHA;;COSCO;Cosco Shipping;Ocean Alliance;Super Terminais Comércio e Indústria;Super Terminais Comércio e Indústria;25/08/2025 14:38;4253.0
9538658;CMA CGM NANSHA;Container Ship;CMA CGM;CMA CGM Group;Ocean Alliance;Santos;Cais da Santos Brasil (SSZ 16) - Privativo;16/05/2025 17:30;
9538658;CMA CGM NANSHA;Container Ship;CMA CGM;CMA CGM Group;Ocean Alliance;Paranaguá;TCP;15/02/2025 07:35;
9538658;CMA CGM NANSHA;Container Ship;CMA CGM;CMA CGM Group;Ocean Alliance;Santos;Cais da Santos Brasil (SSZ 16) - Privativo;03/08/2025 09:03;
9538658;CMA CGM NANSHA;Container Ship;CMA CGM;CMA CGM Group;Ocean Alliance;Santos;Cais da Santos Brasil (SSZ 16) - Privativo;25/10/2025 15:20;
9538658;CMA CGM NANSHA;Container Ship;CMA CGM;CMA CGM Group;Ocean Alliance;Santos;Cais da Santos Brasil (SSZ 16) - Privativo;12/02/2025 03:45;
9538658;CMA CGM NANSHA;Container Ship;CMA CGM;CMA CGM Group;Ocean Alliance;Itajaí;Cais Arrendado Transitoriamente;06/08/2025 13:50;
9202168;MYD TIANJIN;Container Ship;UNKNOWN;UNKNOWN;Unknown;Rio Grande;Cais Tecon Rio Grande S.A.;04/07/2025 18:30;
9202168;MYD TIANJIN;Container Ship;UNKNOWN;UNKNOWN;Unknown;Santos;Cais da Santos Brasil (SSZ 16) - Privativo;12/03/2025 21:23;
9202168;MYD TIANJIN;Container Ship;UNKNOWN;UNKNOWN;Unknown;Paranaguá;TCP;25/11/2025 20:15;
9202168;MYD TIANJIN;Container Ship;UNKNOWN;UNKNOWN;Unknown;Rio de Janeiro;ICTSI;02/10/2025 19:20;
9202168;MYD TIANJIN;Container Ship;UNKNOWN;UNKNOWN;Unknown;Itajaí;Cais Arrendado Transitoriamente;21/11/2025 08:30;
9202168;MYD TIANJIN;Container Ship;UNKNOWN;UNKNOWN;Unknown;Santos;Cais da Ecoporto (SSZ 35) - Privativo;06/12/2025 02:15;
9202168;MYD TIANJIN;Container Ship;UNKNOWN;UNKNOWN;Unknown;Santos;Cais da Santos Brasil (SSZ 16) - Privativo;03/05/2025 01:30;
9197545;MSC ILLINOIS VII;Container Ship;MSC;MSC;MSC (standalone);Salvador;TECON Área 2;28/02/2025 15:10;
9197545;MSC ILLINOIS VII;Container Ship;MSC;MSC;MSC (standalone);Santos;Cais da BTP (SSZ 41) - Privativo;25/09/2025 02:24;
9197545;MSC ILLINOIS VII;Container Ship;MSC;MSC;MSC (standalone);Santos;Cais da BTP (SSZ 41) - Privativo;11/03/2025 11:45;
9259393;MSC SOTIRIA III;Container Ship;MSC;MSC;MSC (standalone);Salvador;TECON;30/06/2025 06:20;
9259393;MSC SOTIRIA III;Container Ship;MSC;MSC;MSC (standalone);Terminal Portuário do Pecém;Terminal Portuário do Pecém;23/02/2025 12:14;
9259393;MSC SOTIRIA III;Container Ship;MSC;MSC;MSC (standalone);Salvador;TECON;19/02/2025 00:40;
9146467;MSC YUKTA X;Container Ship;MSC;MSC;MSC (standalone);Salvador;TECON Área 2;31/10/2025 00:25;
9146467;MSC YUKTA X;Container Ship;MSC;MSC;MSC (standalone);Terminal Portuário do Pecém;Terminal Portuário do Pecém;15/02/2025 07:05;
9146467;MSC YUKTA X;Container Ship;MSC;MSC;MSC (standalone);Salvador;TECON Área 2;21/02/2025 03:45;
9146467;MSC YUKTA X;Container Ship;MSC;MSC;MSC (standalone);Portonave - Terminais Portuários de Navegantes;Portonave - Terminais Portuários de Navegantes;26/02/2025 11:42;
9146467;MSC YUKTA X;Container Ship;MSC;MSC;MSC (standalone);Terminal Portuário do Pecém;Terminal Portuário do Pecém;14/02/2025 09:47;
9146467;MSC YUKTA X;Container Ship;MSC;MSC;MSC (standalone);Santos;Cais da BTP (SSZ 41) - Privativo;08/11/2025 10:24;
9525314;MAERSK CALCUTTA;;MAERSK;Maersk Group;Gemini Cooperation;Santos;Cais da BTP (SSZ 41) - Privativo;01/03/2025 03:25;4500.0
9525314;MAERSK CALCUTTA;;MAERSK;Maersk Group;Gemini Cooperation;Santos;Cais da BTP (SSZ 41) - Privativo;17/08/2025 05:40;4500.0
9525314;MAERSK CALCUTTA;;MAERSK;Maersk Group;Gemini Cooperation;Santos;Cais da BTP (SSZ 41) - Privativo;04/05/2025 09:20;4500.0
9525314;MAERSK CALCUTTA;;MAERSK;Maersk Group;Gemini Cooperation;Paranaguá;TCP;01/05/2025 08:10;4500.0
9525314;MAERSK CALCUTTA;;MAERSK;Maersk Group;Gemini Cooperation;Paranaguá;TCP;22/08/2025 00:43;4500.0
9525314;MAERSK CALCUTTA;;MAERSK;Maersk Group;Gemini Cooperation;Santos;Cais da BTP (SSZ 41) - Privativo;29/06/2025 05:25;4500.0
9525314;MAERSK CALCUTTA;;MAERSK;Maersk Group;Gemini Cooperation;Rio de Janeiro;Multi-Rio;02/03/2025 18:50;4500.0
9525314;MAERSK CALCUTTA;;MAERSK;Maersk Group;Gemini Cooperation;Paranaguá;TCP;25/02/2025 23:48;4500.0
9525314;MAERSK CALCUTTA;;MAERSK;Maersk Group;Gemini Cooperation;Santos;Cais da BTP (SSZ 41) - Privativo;28/08/2025 09:00;4500.0
9525314;MAERSK CALCUTTA;;MAERSK;Maersk Group;Gemini Cooperation;Santos;Cais da BTP (SSZ 41) - Privativo;20/06/2025 17:32;4500.0
9525314;MAERSK CALCUTTA;;MAERSK;Maersk Group;Gemini Cooperation;Rio de Janeiro;Multi-Rio;01/07/2025 08:30;4500.0
9525314;MAERSK CALCUTTA;;MAERSK;Maersk Group;Gemini Cooperation;Rio de Janeiro;Multi-Rio;07/05/2025 11:20;4500.0
9459400;HANSA ASIA;Container Ship;UNKNOWN;UNKNOWN;Unknown;Super Terminais Comércio e Indústria;Super Terminais Comércio e Indústria;07/01/2025 19:50;
9326835;MSC HUSUM III;Container Ship;MSC;MSC;MSC (standalone);Super Terminais Comércio e Indústria;Super Terminais Comércio e Indústria;21/01/2025 16:00;
9429326;VIVALDI;Container Ship;UNKNOWN;UNKNOWN;Unknown;Super Terminais Comércio e Indústria;Super Terminais Comércio e Indústria;14/12/2025 19:25;
9429326;VIVALDI;Container Ship;UNKNOWN;UNKNOWN;Unknown;Super Terminais Comércio e Indústria;Super Terminais Comércio e Indústria;13/11/2025 14:15;
9429326;VIVALDI;Container Ship;UNKNOWN;UNKNOWN;Unknown;Super Terminais Comércio e Indústria;Super Terminais Comércio e Indústria;08/07/2025 02:45;
9429326;VIVALDI;Container Ship;UNKNOWN;UNKNOWN;Unknown;Super Terminais Comércio e Indústria;Super Terminais Comércio e Indústria;12/08/2025 21:13;
9429326;VIVALDI;Container Ship;UNKNOWN;UNKNOWN;Unknown;Super Terminais Comércio e Indústria;Super Terminais Comércio e Indústria;06/05/2025 20:00;
9429326;VIVALDI;Container Ship;UNKNOWN;UNKNOWN;Unknown;Super Terminais Comércio e Indústria;Super Terminais Comércio e Indústria;02/04/2025 21:00;
9429326;VIVALDI;Container Ship;UNKNOWN;UNKNOWN;Unknown;Super Terminais Comércio e Indústria;Super Terminais Comércio e Indústria;10/10/2025 17:00;
9429326;VIVALDI;Container Ship;UNKNOWN;UNKNOWN;Unknown;Super Terminais Comércio e Indústria;Super Terminais Comércio e Indústria;11/09/2025 16:55;
9429326;VIVALDI;Container Ship;UNKNOWN;UNKNOWN;Unknown;Super Terminais Comércio e Indústria;Super Terminais Comércio e Indústria;27/02/2025 14:55;
9429326;VIVALDI;Container Ship;UNKNOWN;UNKNOWN;Unknown;Super Terminais Comércio e Indústria;Super Terminais Comércio e Indústria;05/06/2025 22:00;
9429326;VIVALDI;Container Ship;UNKNOWN;UNKNOWN;Unknown;Super Terminais Comércio e Indústria;Super Terminais Comércio e Indústria;28/01/2025 15:45;
9974541;MSC NIGERIA;Container Ship;MSC;MSC;MSC (standalone);Santos;Cais da BTP (SSZ 41) - Privativo;27/03/2025 23:30;
9974541;MSC NIGERIA;Container Ship;MSC;MSC;MSC (standalone);Paranaguá;TCP;26/03/2025 15:50;
9974541;MSC NIGERIA;Container Ship;MSC;MSC;MSC (standalone);Portonave - Terminais Portuários de Navegantes;Portonave - Terminais Portuários de Navegantes;25/03/2025 06:42;
9974541;MSC NIGERIA;Container Ship;MSC;MSC;MSC (standalone);Salvador;TECON Área 2;01/04/2025 09:30;
9974541;MSC NIGERIA;Container Ship;MSC;MSC;MSC (standalone);Itajaí;Cais Arrendado Transitoriamente;14/03/2025 02:55;
9974541;MSC NIGERIA;Container Ship;MSC;MSC;MSC (standalone);Rio de Janeiro;Multi-Rio;10/03/2025 00:15;
9974541;MSC NIGERIA;Container Ship;MSC;MSC;MSC (standalone);Santos;Cais da BTP (SSZ 41) - Privativo;12/03/2025 09:04;
9974541;MSC NIGERIA;Container Ship;MSC;MSC;MSC (standalone);Rio de Janeiro;Multi-Rio;29/03/2025 13:20;
9347554;HYUNDAI FAITH;Container Ship;HMM;HMM;Premier Alliance;Paranaguá;TCP;25/10/2025 07:15;
9347554;HYUNDAI FAITH;Container Ship;HMM;HMM;Premier Alliance;Portonave - Terminais Portuários de Navegantes;Portonave - Terminais Portuários de Navegantes;02/01/2025 11:06;
9347554;HYUNDAI FAITH;Container Ship;HMM;HMM;Premier Alliance;Paranaguá;TCP;31/12/2024 08:40;
9347554;HYUNDAI FAITH;Container Ship;HMM;HMM;Premier Alliance;Portonave - Terminais Portuários de Navegantes;Portonave - Terminais Portuários de Navegantes;20/07/2025 09:45;
9347554;HYUNDAI FAITH;Container Ship;HMM;HMM;Premier Alliance;Rio Grande;Cais Tecon Rio Grande S.A.;14/07/2025 00:10;
9347554;HYUNDAI FAITH;Container Ship;HMM;HMM;Premier Alliance;Paranaguá;TCP;02/04/2025 22:25;
9347554;HYUNDAI FAITH;Container Ship;HMM;HMM;Premier Alliance;Portonave - Terminais Portuários de Navegantes;Portonave - Terminais Portuários de Navegantes;05/04/2025 13:45;
9347554;HYUNDAI FAITH;Container Ship;HMM;HMM;Premier Alliance;Paranaguá;TCP;18/07/2025 21:35;
9347554;HYUNDAI FAITH;Container Ship;HMM;HMM;Premier Alliance;Portonave - Terminais Portuários de Navegantes;Portonave - Terminais Portuários de Navegantes;27/10/2025 10:54;
9619426;MSC ALTAMIRA;Container Ship;MSC;MSC;MSC (standalone);Paranaguá;TCP;30/05/2025 05:20;
9619426;MSC ALTAMIRA;Container Ship;MSC;MSC;MSC (standalone);Santos;Cais da BTP (SSZ 41) - Privativo;04/03/2025 00:50;
9619426;MSC ALTAMIRA;Container Ship;MSC;MSC;MSC (standalone);Santos;Cais da BTP (SSZ 41) - Privativo;16/05/2025 19:00;
9619426;MSC ALTAMIRA;Container Ship;MSC;MSC;MSC (standalone);Santos;Cais da BTP (SSZ 41) - Privativo;04/06/2025 02:25;
9619426;MSC ALTAMIRA;Container Ship;MSC;MSC;MSC (standalone);Rio de Janeiro;Multi-Rio;01/06/2025 01:00;
9619426;MSC ALTAMIRA;Container Ship;MSC;MSC;MSC (standalone);Rio Grande;Cais Tecon Rio Grande S.A.;25/05/2025 00:10;
9619426;MSC ALTAMIRA;Container Ship;MSC;MSC;MSC (standalone);Salvador;TECON;24/03/2025 21:50;
9619426;MSC ALTAMIRA;Container Ship;MSC;MSC;MSC (standalone);Rio de Janeiro;Multi-Rio;13/08/2025 09:15;
9619426;MSC ALTAMIRA;Container Ship;MSC;MSC;MSC (standalone);Itajaí;Cais Arrendado Transitoriamente;26/05/2025 13:11;
9619426;MSC ALTAMIRA;Container Ship;MSC;MSC;MSC (standalone);Itajaí;Cais Arrendado Transitoriamente;15/03/2025 05:39;
9619426;MSC ALTAMIRA;Container Ship;MSC;MSC;MSC (standalone);Salvador;TECON Área 2;03/08/2025 04:00;
9619426;MSC ALTAMIRA;Container Ship;MSC;MSC;MSC (standalone);Salvador;TECON Área 2;07/06/2025 20:30;
9619426;MSC ALTAMIRA;Container Ship;MSC;MSC;MSC (standalone);Terminal Portuário do Pecém;Terminal Portuário do Pecém;11/05/2025 15:00;
9619426;MSC ALTAMIRA;Container Ship;MSC;MSC;MSC (standalone);Santos;Cais da BTP (SSZ 41) - Privativo;18/03/2025 21:55;
9619426;MSC ALTAMIRA;Container Ship;MSC;MSC;MSC (standalone);Rio Grande;Cais Tecon Rio Grande S.A.;12/03/2025 09:45;
9619426;MSC ALTAMIRA;Container Ship;MSC;MSC;MSC (standalone);Portonave - Terminais Portuários de Navegantes;Portonave - Terminais Portuários de Navegantes;15/08/2025 16:54;
9619426;MSC ALTAMIRA;Container Ship;MSC;MSC;MSC (standalone);Rio de Janeiro;Multi-Rio;20/03/2025 22:45;
9619426;MSC ALTAMIRA;Container Ship;MSC;MSC;MSC (standalone);Santos;Cais da BTP (SSZ 41) - Privativo;11/08/2025 17:53;
9227273;IRENES RESOLVE;Container Ship;UNKNOWN;UNKNOWN;Unknown;Paranaguá;TCP;10/03/2025 08:40;
9227273;IRENES RESOLVE;Container Ship;UNKNOWN;UNKNOWN;Unknown;Itajaí;Cais Arrendado Transitoriamente;03/06/2025 15:20;
9227273;IRENES RESOLVE;Container Ship;UNKNOWN;UNKNOWN;Unknown;Santos;Cais da Santos Brasil (SSZ 16) - Privativo;07/09/2025 15:53;
9227273;IRENES RESOLVE;Container Ship;UNKNOWN;UNKNOWN;Unknown;Santos;Cais da Santos Brasil (SSZ 16) - Privativo;30/01/2025 18:58;
9227273;IRENES RESOLVE;Container Ship;UNKNOWN;UNKNOWN;Unknown;Paranaguá;TCP;21/10/2025 03:30;
9227273;IRENES RESOLVE;Container Ship;UNKNOWN;UNKNOWN;Unknown;Santos;Cais da Santos Brasil (SSZ 16) - Privativo;13/03/2025 15:35;
9227273;IRENES RESOLVE;Container Ship;UNKNOWN;UNKNOWN;Unknown;Santos;Cais da Santos Brasil (SSZ 16) - Privativo;06/06/2025 08:25;
9227273;IRENES RESOLVE;Container Ship;UNKNOWN;UNKNOWN;Unknown;Santos;Cais da Santos Brasil (SSZ 16) - Privativo;26/07/2025 00:50;
9227273;IRENES RESOLVE;Container Ship;UNKNOWN;UNKNOWN;Unknown;Itajaí;Cais Arrendado Transitoriamente;10/12/2025 11:18;
9227273;IRENES RESOLVE;Container Ship;UNKNOWN;UNKNOWN;Unknown;Paranaguá;TCP;03/02/2025 09:55;
9227273;IRENES RESOLVE;Container Ship;UNKNOWN;UNKNOWN;Unknown;Itajaí;Cais Arrendado Transitoriamente;19/07/2025 23:30;
9227273;IRENES RESOLVE;Container Ship;UNKNOWN;UNKNOWN;Unknown;Itajaí;Cais Arrendado Transitoriamente;22/10/2025 11:15;
9227273;IRENES RESOLVE;Container Ship;UNKNOWN;UNKNOWN;Unknown;Itajaí;Cais Arrendado Transitoriamente;11/03/2025 11:50;
9227273;IRENES RESOLVE;Container Ship;UNKNOWN;UNKNOWN;Unknown;Santos;Cais do TEV (SSZ 18) - Privativo;15/03/2025 21:59;
9527025;MAERSK LINS;Container Ship;MAERSK;Maersk Group;Gemini Cooperation;Paranaguá;TCP;08/06/2025 19:28;
9527025;MAERSK LINS;Container Ship;MAERSK;Maersk Group;Gemini Cooperation;Santos;Cais da BTP (SSZ 41) - Privativo;27/12/2025 07:10;
9527025;MAERSK LINS;Container Ship;MAERSK;Maersk Group;Gemini Cooperation;Paranaguá;TCP;29/12/2025 13:35;
9527025;MAERSK LINS;Container Ship;MAERSK;Maersk Group;Gemini Cooperation;Santos;Cais da Santos Brasil (SSZ 16) - Privativo;23/02/2025 15:34;
9527025;MAERSK LINS;Container Ship;MAERSK;Maersk Group;Gemini Cooperation;Paranaguá;TCP;09/03/2025 19:09;
9527025;MAERSK LINS;Container Ship;MAERSK;Maersk Group;Gemini Cooperation;Santos;Cais da BTP (SSZ 41) - Privativo;11/03/2025 10:30;
9527025;MAERSK LINS;Container Ship;MAERSK;Maersk Group;Gemini Cooperation;Santos;Cais da BTP (SSZ 41) - Privativo;25/10/2025 09:05;
9527025;MAERSK LINS;Container Ship;MAERSK;Maersk Group;Gemini Cooperation;Rio Grande;Cais Tecon Rio Grande S.A.;03/09/2025 02:30;
9527025;MAERSK LINS;Container Ship;MAERSK;Maersk Group;Gemini Cooperation;Santos;Cais da BTP (SSZ 41) - Privativo;07/09/2025 20:18;
9527025;MAERSK LINS;Container Ship;MAERSK;Maersk Group;Gemini Cooperation;Santos;Cais da BTP (SSZ 41) - Privativo;11/11/2025 22:47;
9527025;MAERSK LINS;Container Ship;MAERSK;Maersk Group;Gemini Cooperation;Paranaguá;TCP;27/10/2025 08:58;
9527025;MAERSK LINS;Container Ship;MAERSK;Maersk Group;Gemini Cooperation;Paranaguá;TCP;05/09/2025 14:18;
9961465;ASTRAIOS;Container Ship;UNKNOWN;UNKNOWN;Unknown;Santos;Cais da Ecoporto (SSZ 35) - Privativo;06/06/2025 02:23;
9961465;ASTRAIOS;Container Ship;UNKNOWN;UNKNOWN;Unknown;Rio Grande;Cais Tecon Rio Grande S.A.;09/06/2025 06:20;
9961465;ASTRAIOS;Container Ship;UNKNOWN;UNKNOWN;Unknown;Santos;Cais da Ecoporto (SSZ 35) - Privativo;03/05/2025 21:59;
9961465;ASTRAIOS;Container Ship;UNKNOWN;UNKNOWN;Unknown;Rio Grande;Cais Tecon Rio Grande S.A.;21/04/2025 06:50;
9961465;ASTRAIOS;Container Ship;UNKNOWN;UNKNOWN;Unknown;Paranaguá;TCP;23/04/2025 05:55;
9961465;ASTRAIOS;Container Ship;UNKNOWN;UNKNOWN;Unknown;Paranaguá;TCP;02/03/2025 03:10;
9727613;CAPE KORTIA;Container Ship;UNKNOWN;UNKNOWN;Unknown;Santos;Cais da BTP (SSZ 41) - Privativo;14/03/2025 09:06;
9727613;CAPE KORTIA;Container Ship;UNKNOWN;UNKNOWN;Unknown;Paranaguá;TCP;11/03/2025 14:55;
9727613;CAPE KORTIA;Container Ship;UNKNOWN;UNKNOWN;Unknown;Santos;Cais da BTP (SSZ 41) - Privativo;16/02/2025 22:41;
9727613;CAPE KORTIA;Container Ship;UNKNOWN;UNKNOWN;Unknown;Rio Grande;Cais Tecon Rio Grande S.A.;07/03/2025 02:55;
9727613;CAPE KORTIA;Container Ship;UNKNOWN;UNKNOWN;Unknown;Portonave - Terminais Portuários de Navegantes;Portonave - Terminais Portuários de Navegantes;25/02/2025 02:12;
9727613;CAPE KORTIA;Container Ship;UNKNOWN;UNKNOWN;Unknown;Portonave - Terminais Portuários de Navegantes;Portonave - Terminais Portuários de Navegantes;12/03/2025 22:48;
9727613;CAPE KORTIA;Container Ship;UNKNOWN;UNKNOWN;Unknown;Paranaguá;TCP;20/02/2025 00:50;
9480203;MSC CASABLANCA;;MSC;MSC;MSC (standalone);Rio Grande;Cais Tecon Rio Grande S.A.;05/04/2025 18:15;8814.0
9480203;MSC CASABLANCA;;MSC;MSC;MSC (standalone);Santos;Cais da BTP (SSZ 41) - Privativo;17/04/2025 15:13;8814.0
9480203;MSC CASABLANCA;;MSC;MSC;MSC (standalone);Rio de Janeiro;Multi-Rio;19/04/2025 02:20;8814.0
9480203;MSC CASABLANCA;;MSC;MSC;MSC (standalone);Itajaí;Cais Arrendado Transitoriamente;08/04/2025 10:21;8814.0
9327798;MSC LOS ANGELES;Container Ship;MSC;MSC;MSC (standalone);Rio de Janeiro;Multi-Rio;07/07/2025 23:50;
9327798;MSC LOS ANGELES;Container Ship;MSC;MSC;MSC (standalone);Santos;Cais da BTP (SSZ 41) - Privativo;24/08/2025 08:56;
9327798;MSC LOS ANGELES;Container Ship;MSC;MSC;MSC (standalone);Rio de Janeiro;Multi-Rio;04/09/2025 02:45;
9327798;MSC LOS ANGELES;Container Ship;MSC;MSC;MSC (standalone);Santos;Cais da BTP (SSZ 41) - Privativo;19/10/2025 13:45;
9327798;MSC LOS ANGELES;Container Ship;MSC;MSC;MSC (standalone);Santos;Cais da BTP (SSZ 41) - Privativo;06/07/2025 06:10;
9327798;MSC LOS ANGELES;Container Ship;MSC;MSC;MSC (standalone);Santos;Cais da BTP (SSZ 41) - Privativo;12/05/2025 09:33;
9327798;MSC LOS ANGELES;Container Ship;MSC;MSC;MSC (standalone);Santos;Cais da BTP (SSZ 41) - Privativo;16/12/2025 21:04;
9327798;MSC LOS ANGELES;Container Ship;MSC;MSC;MSC (standalone);Rio de Janeiro;Multi-Rio;11/01/2025 01:15;
9327798;MSC LOS ANGELES;Container Ship;MSC;MSC;MSC (standalone);Santos;Cais da BTP (SSZ 41) - Privativo;02/09/2025 18:50;
9327798;MSC LOS ANGELES;Container Ship;MSC;MSC;MSC (standalone);Santos;Cais da BTP (SSZ 41) - Privativo;13/03/2025 09:55;
9327798;MSC LOS ANGELES;Container Ship;MSC;MSC;MSC (standalone);Rio de Janeiro;Multi-Rio;09/05/2025 19:50;
9327798;MSC LOS ANGELES;Container Ship;MSC;MSC;MSC (standalone);Santos;Cais da BTP (SSZ 41) - Privativo;21/12/2025 06:21;
9327798;MSC LOS ANGELES;Container Ship;MSC;MSC;MSC (standalone);Santos;Cais da BTP (SSZ 41) - Privativo;08/03/2025 05:42;
9327798;MSC LOS ANGELES;Container Ship;MSC;MSC;MSC (standalone);Santos;Cais da BTP (SSZ 41) - Privativo;26/10/2025 13:00;
9327798;MSC LOS ANGELES;Container Ship;MSC;MSC;MSC (standalone);Paranaguá;TCP;11/03/2025 17:05;
9327798;MSC LOS ANGELES;Container Ship;MSC;MSC;MSC (standalone);Santos;Cais da BTP (SSZ 41) - Privativo;05/01/2025 07:00;
9327798;MSC LOS ANGELES;Container Ship;MSC;MSC;MSC (standalone);Paranaguá;TCP;06/05/2025 16:10;
9327798;MSC LOS ANGELES;Container Ship;MSC;MSC;MSC (standalone);Paranaguá;TCP;18/12/2025 12:55;
9327798;MSC LOS ANGELES;Container Ship;MSC;MSC;MSC (standalone);Rio de Janeiro;Multi-Rio;24/12/2025 10:45;
9327798;MSC LOS ANGELES;Container Ship;MSC;MSC;MSC (standalone);Rio de Janeiro;Multi-Rio;29/10/2025 15:35;
9327798;MSC LOS ANGELES;Container Ship;MSC;MSC;MSC (standalone);Paranaguá;TCP;02/01/2025 12:35;
9327798;MSC LOS ANGELES;Container Ship;MSC;MSC;MSC (standalone);Paranaguá;TCP;04/07/2025 01:10;
9535199;ESL NHAVA SHEVA;Container Ship;UNKNOWN;UNKNOWN;Unknown;Santos;Cais da Santos Brasil (SSZ 16) - Privativo;15/01/2025 04:53;
9535199;ESL NHAVA SHEVA;Container Ship;UNKNOWN;UNKNOWN;Unknown;Santos;Cais do TEV (SSZ 18) - Privativo;29/01/2025 23:55;
9983695;MSC DOUALA VIII;Container Ship;MSC;MSC;MSC (standalone);Portonave - Terminais Portuários de Navegantes;Portonave - Terminais Portuários de Navegantes;30/03/2025 16:00;
9983695;MSC DOUALA VIII;Container Ship;MSC;MSC;MSC (standalone);Salvador;TECON Área 2;25/03/2025 05:25;
9674517;APL DANUBE;Container Ship;APL;CMA CGM Group;Ocean Alliance;Terminal Portuário do Pecém;Terminal Portuário do Pecém;26/01/2025 14:53;
9278143;MSC ELENI;Container Ship;MSC;MSC;MSC (standalone);Santos;Cais da BTP (SSZ 41) - Privativo;06/01/2025 13:30;
9227285;MSC YANG R;Container Ship;MSC;MSC;MSC (standalone);Salvador;TECON;21/03/2025 14:40;
9227285;MSC YANG R;Container Ship;MSC;MSC;MSC (standalone);Super Terminais Comércio e Indústria;Super Terminais Comércio e Indústria;29/03/2025 16:50;
9723253;BREMERHAVEN EXPRESS;Container Ship;HAPAG-LLOYD;Hapag-Lloyd;Gemini Cooperation;Rio de Janeiro;Multi-Rio;28/01/2025 17:55;
9723253;BREMERHAVEN EXPRESS;Container Ship;HAPAG-LLOYD;Hapag-Lloyd;Gemini Cooperation;Salvador;TECON Área 2;29/04/2025 15:00;
9723253;BREMERHAVEN EXPRESS;Container Ship;HAPAG-LLOYD;Hapag-Lloyd;Gemini Cooperation;Salvador;TECON Área 2;21/07/2025 05:35;
9723253;BREMERHAVEN EXPRESS;Container Ship;HAPAG-LLOYD;Hapag-Lloyd;Gemini Cooperation;Santos;Cais da BTP (SSZ 41) - Privativo;02/02/2025 13:05;
9723253;BREMERHAVEN EXPRESS;Container Ship;HAPAG-LLOYD;Hapag-Lloyd;Gemini Cooperation;Terminal Portuário do Pecém;Terminal Portuário do Pecém;28/02/2025 18:33;
9723253;BREMERHAVEN EXPRESS;Container Ship;HAPAG-LLOYD;Hapag-Lloyd;Gemini Cooperation;Santos;Cais da BTP (SSZ 41) - Privativo;09/09/2025 09:20;
9723253;BREMERHAVEN EXPRESS;Container Ship;HAPAG-LLOYD;Hapag-Lloyd;Gemini Cooperation;Salvador;TECON Área 2;25/02/2025 20:00;
9723253;BREMERHAVEN EXPRESS;Container Ship;HAPAG-LLOYD;Hapag-Lloyd;Gemini Cooperation;Terminal Portuário do Pecém;Terminal Portuário do Pecém;27/12/2025 08:20;
9723253;BREMERHAVEN EXPRESS;Container Ship;HAPAG-LLOYD;Hapag-Lloyd;Gemini Cooperation;Santos;Cais da BTP (SSZ 41) - Privativo;15/12/2025 21:49;
9723253;BREMERHAVEN EXPRESS;Container Ship;HAPAG-LLOYD;Hapag-Lloyd;Gemini Cooperation;Terminal Portuário do Pecém;Terminal Portuário do Pecém;10/10/2025 15:52;
9723253;BREMERHAVEN EXPRESS;Container Ship;HAPAG-LLOYD;Hapag-Lloyd;Gemini Cooperation;Rio Grande;Cais Tecon Rio Grande S.A.;07/07/2025 14:00;
9723253;BREMERHAVEN EXPRESS;Container Ship;HAPAG-LLOYD;Hapag-Lloyd;Gemini Cooperation;Rio de Janeiro;Multi-Rio;16/07/2025 12:30;
9723253;BREMERHAVEN EXPRESS;Container Ship;HAPAG-LLOYD;Hapag-Lloyd;Gemini Cooperation;Salvador;TECON;04/10/2025 10:30;
9723253;BREMERHAVEN EXPRESS;Container Ship;HAPAG-LLOYD;Hapag-Lloyd;Gemini Cooperation;Santos;Cais da BTP (SSZ 41) - Privativo;15/07/2025 00:10;
9723253;BREMERHAVEN EXPRESS;Container Ship;HAPAG-LLOYD;Hapag-Lloyd;Gemini Cooperation;Rio Grande;Cais Tecon Rio Grande S.A.;14/02/2025 03:50;
9723253;BREMERHAVEN EXPRESS;Container Ship;HAPAG-LLOYD;Hapag-Lloyd;Gemini Cooperation;Santos;Cais da BTP (SSZ 41) - Privativo;20/02/2025 03:48;
9723253;BREMERHAVEN EXPRESS;Container Ship;HAPAG-LLOYD;Hapag-Lloyd;Gemini Cooperation;Paranaguá;TCP;24/09/2025 03:15;
9723253;BREMERHAVEN EXPRESS;Container Ship;HAPAG-LLOYD;Hapag-Lloyd;Gemini Cooperation;Rio de Janeiro;Multi-Rio;07/09/2025 12:50;
9723253;BREMERHAVEN EXPRESS;Container Ship;HAPAG-LLOYD;Hapag-Lloyd;Gemini Cooperation;Rio Grande;Cais Tecon Rio Grande S.A.;06/12/2025 11:55;
9723253;BREMERHAVEN EXPRESS;Container Ship;HAPAG-LLOYD;Hapag-Lloyd;Gemini Cooperation;Paranaguá;TCP;18/02/2025 13:30;
9723253;BREMERHAVEN EXPRESS;Container Ship;HAPAG-LLOYD;Hapag-Lloyd;Gemini Cooperation;Rio de Janeiro;Multi-Rio;09/04/2025 13:35;
9723253;BREMERHAVEN EXPRESS;Container Ship;HAPAG-LLOYD;Hapag-Lloyd;Gemini Cooperation;Santos;Cais da BTP (SSZ 41) - Privativo;29/09/2025 14:30;
9723253;BREMERHAVEN EXPRESS;Container Ship;HAPAG-LLOYD;Hapag-Lloyd;Gemini Cooperation;Rio de Janeiro;Multi-Rio;19/12/2025 08:05;
9723253;BREMERHAVEN EXPRESS;Container Ship;HAPAG-LLOYD;Hapag-Lloyd;Gemini Cooperation;Paranaguá;TCP;09/12/2025 19:00;
9723253;BREMERHAVEN EXPRESS;Container Ship;HAPAG-LLOYD;Hapag-Lloyd;Gemini Cooperation;Portonave - Terminais Portuários de Navegantes;Portonave - Terminais Portuários de Navegantes;13/12/2025 00:42;
9723253;BREMERHAVEN EXPRESS;Container Ship;HAPAG-LLOYD;Hapag-Lloyd;Gemini Cooperation;Santos;Cais da BTP (SSZ 41) - Privativo;24/06/2025 09:10;
9723253;BREMERHAVEN EXPRESS;Container Ship;HAPAG-LLOYD;Hapag-Lloyd;Gemini Cooperation;Rio Grande;Cais Tecon Rio Grande S.A.;19/04/2025 04:00;
9723253;BREMERHAVEN EXPRESS;Container Ship;HAPAG-LLOYD;Hapag-Lloyd;Gemini Cooperation;Rio de Janeiro;Multi-Rio;01/10/2025 07:35;
9723253;BREMERHAVEN EXPRESS;Container Ship;HAPAG-LLOYD;Hapag-Lloyd;Gemini Cooperation;Portonave - Terminais Portuários de Navegantes;Portonave - Terminais Portuários de Navegantes;09/07/2025 20:42;
9723253;BREMERHAVEN EXPRESS;Container Ship;HAPAG-LLOYD;Hapag-Lloyd;Gemini Cooperation;Portonave - Terminais Portuários de Navegantes;Portonave - Terminais Portuários de Navegantes;28/09/2025 00:24;
9723253;BREMERHAVEN EXPRESS;Container Ship;HAPAG-LLOYD;Hapag-Lloyd;Gemini Cooperation;Santos;Cais da BTP (SSZ 41) - Privativo;24/04/2025 00:45;
9723253;BREMERHAVEN EXPRESS;Container Ship;HAPAG-LLOYD;Hapag-Lloyd;Gemini Cooperation;Santos;Cais da BTP (SSZ 41) - Privativo;11/04/2025 23:19;
9723253;BREMERHAVEN EXPRESS;Container Ship;HAPAG-LLOYD;Hapag-Lloyd;Gemini Cooperation;Rio de Janeiro;Multi-Rio;25/04/2025 15:30;
9723253;BREMERHAVEN EXPRESS;Container Ship;HAPAG-LLOYD;Hapag-Lloyd;Gemini Cooperation;Santos;Cais da BTP (SSZ 41) - Privativo;25/11/2025 04:00;
9723253;BREMERHAVEN EXPRESS;Container Ship;HAPAG-LLOYD;Hapag-Lloyd;Gemini Cooperation;Rio Grande;Cais Tecon Rio Grande S.A.;20/09/2025 22:36;
9723253;BREMERHAVEN EXPRESS;Container Ship;HAPAG-LLOYD;Hapag-Lloyd;Gemini Cooperation;Rio de Janeiro;Multi-Rio;22/06/2025 16:10;
9723253;BREMERHAVEN EXPRESS;Container Ship;HAPAG-LLOYD;Hapag-Lloyd;Gemini Cooperation;Rio de Janeiro;Multi-Rio;23/11/2025 18:50;
9723253;BREMERHAVEN EXPRESS;Container Ship;HAPAG-LLOYD;Hapag-Lloyd;Gemini Cooperation;Paranaguá;TCP;22/04/2025 04:20;
9343974;MAERSK JAIPUR;Container Ship;MAERSK;Maersk Group;Gemini Cooperation;Terminal Portuário do Pecém;Terminal Portuário do Pecém;22/08/2025 08:44;
9343974;MAERSK JAIPUR;Container Ship;MAERSK;Maersk Group;Gemini Cooperation;Paranaguá;TCP;25/11/2025 08:24;
9343974;MAERSK JAIPUR;Container Ship;MAERSK;Maersk Group;Gemini Cooperation;Terminal Portuário do Pecém;Terminal Portuário do Pecém;21/03/2025 10:10;
9343974;MAERSK JAIPUR;Container Ship;MAERSK;Maersk Group;Gemini Cooperation;Terminal Portuário do Pecém;Terminal Portuário do Pecém;12/07/2025 03:46;
9343974;MAERSK JAIPUR;Container Ship;MAERSK;Maersk Group;Gemini Cooperation;Santos;Cais da BTP (SSZ 41) - Privativo;28/03/2025 23:02;
9343974;MAERSK JAIPUR;Container Ship;MAERSK;Maersk Group;Gemini Cooperation;Santos;Cais da BTP (SSZ 41) - Privativo;09/03/2025 14:40;
9343974;MAERSK JAIPUR;Container Ship;MAERSK;Maersk Group;Gemini Cooperation;Terminal Portuário do Pecém;Terminal Portuário do Pecém;20/09/2025 04:53;
9850836;EVER FINE;;EVERGREEN;Evergreen;Ocean Alliance;Portonave - Terminais Portuários de Navegantes;Portonave - Terminais Portuários de Navegantes;06/03/2025 14:54;12118.0
9850836;EVER FINE;;EVERGREEN;Evergreen;Ocean Alliance;Rio de Janeiro;ICTSI;04/03/2025 19:35;12118.0
9850836;EVER FINE;;EVERGREEN;Evergreen;Ocean Alliance;Paranaguá;TCP;17/03/2025 18:10;12118.0
9938262;CMA CGM PARATY;Container Ship;CMA CGM;CMA CGM Group;Ocean Alliance;Rio de Janeiro;ICTSI;17/12/2025 09:50;
9938262;CMA CGM PARATY;Container Ship;CMA CGM;CMA CGM Group;Ocean Alliance;Rio de Janeiro;ICTSI;03/03/2025 15:10;
9938262;CMA CGM PARATY;Container Ship;CMA CGM;CMA CGM Group;Ocean Alliance;Santos;Cais da Santos Brasil (SSZ 16) - Privativo;06/03/2025 00:47;
9938262;CMA CGM PARATY;Container Ship;CMA CGM;CMA CGM Group;Ocean Alliance;Santos;Cais da Santos Brasil (SSZ 16) - Privativo;08/12/2025 05:52;
9938262;CMA CGM PARATY;Container Ship;CMA CGM;CMA CGM Group;Ocean Alliance;Portonave - Terminais Portuários de Navegantes;Portonave - Terminais Portuários de Navegantes;11/03/2025 10:12;
9938262;CMA CGM PARATY;Container Ship;CMA CGM;CMA CGM Group;Ocean Alliance;Paranaguá;TCP;08/03/2025 14:55;
9938262;CMA CGM PARATY;Container Ship;CMA CGM;CMA CGM Group;Ocean Alliance;Paranaguá;TCP;07/06/2025 18:40;
9938262;CMA CGM PARATY;Container Ship;CMA CGM;CMA CGM Group;Ocean Alliance;Paranaguá;TCP;13/12/2025 22:25;
9938262;CMA CGM PARATY;Container Ship;CMA CGM;CMA CGM Group;Ocean Alliance;Rio de Janeiro;ICTSI;19/09/2025 09:40;
9938262;CMA CGM PARATY;Container Ship;CMA CGM;CMA CGM Group;Ocean Alliance;Santos;Cais da Santos Brasil (SSZ 16) - Privativo;14/03/2025 11:00;
9938262;CMA CGM PARATY;Container Ship;CMA CGM;CMA CGM Group;Ocean Alliance;Santos;Cais da Santos Brasil (SSZ 16) - Privativo;04/09/2025 14:05;
9938262;CMA CGM PARATY;Container Ship;CMA CGM;CMA CGM Group;Ocean Alliance;Santos;Cais da Santos Brasil (SSZ 16) - Privativo;14/06/2025 21:31;
9938262;CMA CGM PARATY;Container Ship;CMA CGM;CMA CGM Group;Ocean Alliance;Rio de Janeiro;ICTSI;17/06/2025 08:35;
9938262;CMA CGM PARATY;Container Ship;CMA CGM;CMA CGM Group;Ocean Alliance;Santos;Cais da Santos Brasil (SSZ 16) - Privativo;29/05/2025 08:36;
9938262;CMA CGM PARATY;Container Ship;CMA CGM;CMA CGM Group;Ocean Alliance;Santos;Cais da Santos Brasil (SSZ 16) - Privativo;14/09/2025 11:27;
9938262;CMA CGM PARATY;Container Ship;CMA CGM;CMA CGM Group;Ocean Alliance;Santos;Cais da Santos Brasil (SSZ 16) - Privativo;20/12/2025 12:49;
9938262;CMA CGM PARATY;Container Ship;CMA CGM;CMA CGM Group;Ocean Alliance;Paranaguá;TCP;08/09/2025 05:29;
9605279;MSC PERLE;;MSC;MSC;MSC (standalone);Rio de Janeiro;Multi-Rio;24/03/2025 02:30;9400.0
9605279;MSC PERLE;;MSC;MSC;MSC (standalone);Santos;Cais da Santos Brasil (SSZ 16) - Privativo;26/03/2025 00:48;9400.0
9605279;MSC PERLE;;MSC;MSC;MSC (standalone);Santos;Cais da BTP (SSZ 41) - Privativo;14/10/2025 14:22;9400.0
9605279;MSC PERLE;;MSC;MSC;MSC (standalone);Santos;Cais da BTP (SSZ 41) - Privativo;07/04/2025 19:40;9400.0
9605279;MSC PERLE;;MSC;MSC;MSC (standalone);Rio de Janeiro;Multi-Rio;26/05/2025 16:40;9400.0
9605279;MSC PERLE;;MSC;MSC;MSC (standalone);Santos;Cais da BTP (SSZ 41) - Privativo;13/12/2025 23:20;9400.0
9605279;MSC PERLE;;MSC;MSC;MSC (standalone);Rio de Janeiro;Multi-Rio;10/04/2025 09:30;9400.0
9605279;MSC PERLE;;MSC;MSC;MSC (standalone);Rio de Janeiro;Multi-Rio;03/10/2025 13:40;9400.0
9605279;MSC PERLE;;MSC;MSC;MSC (standalone);Santos;Cais da BTP (SSZ 41) - Privativo;09/06/2025 06:30;9400.0
9605279;MSC PERLE;;MSC;MSC;MSC (standalone);Rio de Janeiro;Multi-Rio;01/12/2025 15:55;9400.0
9605279;MSC PERLE;;MSC;MSC;MSC (standalone);Portonave - Terminais Portuários de Navegantes;Portonave - Terminais Portuários de Navegantes;04/04/2025 07:00;9400.0
9605279;MSC PERLE;;MSC;MSC;MSC (standalone);Rio de Janeiro;Multi-Rio;14/06/2025 10:05;9400.0
9605279;MSC PERLE;;MSC;MSC;MSC (standalone);Rio de Janeiro;Multi-Rio;16/10/2025 08:25;9400.0
9605279;MSC PERLE;;MSC;MSC;MSC (standalone);Rio de Janeiro;Multi-Rio;18/08/2025 10:00;9400.0
9605279;MSC PERLE;;MSC;MSC;MSC (standalone);Paranaguá;TCP;30/05/2025 02:30;9400.0
9605279;MSC PERLE;;MSC;MSC;MSC (standalone);Paranaguá;TCP;10/08/2025 06:05;9400.0
9605279;MSC PERLE;;MSC;MSC;MSC (standalone);Santos;Cais da Santos Brasil (SSZ 16) - Privativo;04/12/2025 01:15;9400.0
9605279;MSC PERLE;;MSC;MSC;MSC (standalone);Paranaguá;TCP;27/03/2025 09:15;9400.0
9605279;MSC PERLE;;MSC;MSC;MSC (standalone);Rio de Janeiro;Multi-Rio;28/07/2025 10:05;9400.0
9605279;MSC PERLE;;MSC;MSC;MSC (standalone);Paranaguá;TCP;10/10/2025 20:20;9400.0
9605279;MSC PERLE;;MSC;MSC;MSC (standalone);Santos;Cais da Santos Brasil (SSZ 16) - Privativo;28/05/2025 04:00;9400.0
9605279;MSC PERLE;;MSC;MSC;MSC (standalone);Portonave - Terminais Portuários de Navegantes;Portonave - Terminais Portuários de Navegantes;08/06/2025 03:00;9400.0
9605279;MSC PERLE;;MSC;MSC;MSC (standalone);Rio de Janeiro;Multi-Rio;15/12/2025 18:55;9400.0
9605279;MSC PERLE;;MSC;MSC;MSC (standalone);Terminal Portuário do Pecém;Terminal Portuário do Pecém;22/10/2025 20:19;9400.0
9605279;MSC PERLE;;MSC;MSC;MSC (standalone);Santos;Cais da Santos Brasil (SSZ 16) - Privativo;02/10/2025 00:19;9400.0
9605279;MSC PERLE;;MSC;MSC;MSC (standalone);Santos;Cais da BTP (SSZ 41) - Privativo;14/08/2025 14:14;9400.0
9275397;MSC MANYA;Container Ship;MSC;MSC;MSC (standalone);Super Terminais Comércio e Indústria;Super Terminais Comércio e Indústria;22/02/2025 22:40;
9275397;MSC MANYA;Container Ship;MSC;MSC;MSC (standalone);Super Terminais Comércio e Indústria;Super Terminais Comércio e Indústria;04/11/2025 14:15;
9275397;MSC MANYA;Container Ship;MSC;MSC;MSC (standalone);Super Terminais Comércio e Indústria;Super Terminais Comércio e Indústria;28/03/2025 23:25;
9275397;MSC MANYA;Container Ship;MSC;MSC;MSC (standalone);Super Terminais Comércio e Indústria;Super Terminais Comércio e Indústria;08/10/2025 10:15;
9275397;MSC MANYA;Container Ship;MSC;MSC;MSC (standalone);Super Terminais Comércio e Indústria;Super Terminais Comércio e Indústria;27/05/2025 19:30;
9275397;MSC MANYA;Container Ship;MSC;MSC;MSC (standalone);Super Terminais Comércio e Indústria;Super Terminais Comércio e Indústria;02/07/2025 21:00;
9275397;MSC MANYA;Container Ship;MSC;MSC;MSC (standalone);Super Terminais Comércio e Indústria;Super Terminais Comércio e Indústria;01/05/2025 18:00;
9275397;MSC MANYA;Container Ship;MSC;MSC;MSC (standalone);Super Terminais Comércio e Indústria;Super Terminais Comércio e Indústria;03/09/2025 23:40;
9275397;MSC MANYA;Container Ship;MSC;MSC;MSC (standalone);Super Terminais Comércio e Indústria;Super Terminais Comércio e Indústria;07/12/2025 13:25;
9450337;MSC JUBILEE IX;Container Ship;MSC;MSC;MSC (standalone);Itajaí;Cais Arrendado Transitoriamente;30/03/2025 17:41;
9450337;MSC JUBILEE IX;Container Ship;MSC;MSC;MSC (standalone);Itajaí;Cais Arrendado Transitoriamente;09/04/2025 19:12;
9450337;MSC JUBILEE IX;Container Ship;MSC;MSC;MSC (standalone);Santos;Cais da Santos Brasil (SSZ 16) - Privativo;24/03/2025 21:00;
9450337;MSC JUBILEE IX;Container Ship;MSC;MSC;MSC (standalone);Rio Grande;Cais Tecon Rio Grande S.A.;07/04/2025 05:30;
9450337;MSC JUBILEE IX;Container Ship;MSC;MSC;MSC (standalone);Paranaguá;TCP;29/03/2025 18:25;
9450337;MSC JUBILEE IX;Container Ship;MSC;MSC;MSC (standalone);Santos;Cais da BTP (SSZ 41) - Privativo;12/04/2025 16:10;
9450337;MSC JUBILEE IX;Container Ship;MSC;MSC;MSC (standalone);Rio de Janeiro;Multi-Rio;26/03/2025 16:25;
9347592;HMM INTEGRAL;Container Ship;HMM;HMM;Premier Alliance;Rio Grande;Cais Tecon Rio Grande S.A.;22/11/2025 22:00;
9347592;HMM INTEGRAL;Container Ship;HMM;HMM;Premier Alliance;Rio Grande;Cais Tecon Rio Grande S.A.;03/09/2025 17:35;
9347592;HMM INTEGRAL;Container Ship;HMM;HMM;Premier Alliance;Portonave - Terminais Portuários de Navegantes;Portonave - Terminais Portuários de Navegantes;26/03/2025 19:06;
9347592;HMM INTEGRAL;Container Ship;HMM;HMM;Premier Alliance;Rio Grande;Cais Tecon Rio Grande S.A.;11/06/2025 13:25;
9347592;HMM INTEGRAL;Container Ship;HMM;HMM;Premier Alliance;Paranaguá;TCP;25/03/2025 19:50;
9526887;MAERSK LIRQUEN;Container Ship;MAERSK;Maersk Group;Gemini Cooperation;Santos;Cais da BTP (SSZ 41) - Privativo;25/03/2025 09:31;
9526887;MAERSK LIRQUEN;Container Ship;MAERSK;Maersk Group;Gemini Cooperation;Santos;Cais da Santos Brasil (SSZ 16) - Privativo;09/03/2025 21:20;
9526887;MAERSK LIRQUEN;Container Ship;MAERSK;Maersk Group;Gemini Cooperation;Paranaguá;TCP;23/03/2025 12:48;
9974486;MSC TOGO;Container Ship;MSC;MSC;MSC (standalone);Salvador;TECON;28/03/2025 12:12;
9974486;MSC TOGO;Container Ship;MSC;MSC;MSC (standalone);Itajaí;Cais Arrendado Transitoriamente;05/03/2025 21:50;
9974486;MSC TOGO;Container Ship;MSC;MSC;MSC (standalone);Portonave - Terminais Portuários de Navegantes;Portonave - Terminais Portuários de Navegantes;19/03/2025 16:30;
9974486;MSC TOGO;Container Ship;MSC;MSC;MSC (standalone);Rio de Janeiro;Multi-Rio;23/03/2025 13:05;
9974486;MSC TOGO;Container Ship;MSC;MSC;MSC (standalone);Santos;Cais da BTP (SSZ 41) - Privativo;21/03/2025 13:08;
9974486;MSC TOGO;Container Ship;MSC;MSC;MSC (standalone);Santos;Cais da Santos Brasil (SSZ 16) - Privativo;03/03/2025 23:50;
9974486;MSC TOGO;Container Ship;MSC;MSC;MSC (standalone);Rio de Janeiro;Multi-Rio;01/03/2025 09:15;
9974486;MSC TOGO;Container Ship;MSC;MSC;MSC (standalone);Paranaguá;TCP;20/03/2025 06:10;
9974486;MSC TOGO;Container Ship;MSC;MSC;MSC (standalone);Rio Grande;Cais Tecon Rio Grande S.A.;14/03/2025 10:30;
9937335;ONE PARANA;Container Ship;ONE;ONE;Premier Alliance;Santos;Cais da BTP (SSZ 41) - Privativo;18/09/2025 13:10;
9937335;ONE PARANA;Container Ship;ONE;ONE;Premier Alliance;Santos;Cais da BTP (SSZ 41) - Privativo;29/12/2025 20:16;
9937335;ONE PARANA;Container Ship;ONE;ONE;Premier Alliance;Santos;Cais da BTP (SSZ 41) - Privativo;09/03/2025 04:17;
9937335;ONE PARANA;Container Ship;ONE;ONE;Premier Alliance;Paranaguá;TCP;12/03/2025 16:32;
9937335;ONE PARANA;Container Ship;ONE;ONE;Premier Alliance;Paranaguá;TCP;29/03/2025 14:20;
9937335;ONE PARANA;Container Ship;ONE;ONE;Premier Alliance;Rio Grande;Cais Tecon Rio Grande S.A.;26/03/2025 02:10;
9937335;ONE PARANA;Container Ship;ONE;ONE;Premier Alliance;Santos;Cais da BTP (SSZ 41) - Privativo;02/04/2025 07:10;
9937335;ONE PARANA;Container Ship;ONE;ONE;Premier Alliance;Santos;Cais da BTP (SSZ 41) - Privativo;11/06/2025 14:45;
9937335;ONE PARANA;Container Ship;ONE;ONE;Premier Alliance;Paranaguá;TCP;02/07/2025 21:26;
9937335;ONE PARANA;Container Ship;ONE;ONE;Premier Alliance;Paranaguá;TCP;09/10/2025 07:10;
9937335;ONE PARANA;Container Ship;ONE;ONE;Premier Alliance;Santos;Cais da BTP (SSZ 41) - Privativo;15/10/2025 17:00;
9937335;ONE PARANA;Container Ship;ONE;ONE;Premier Alliance;Portonave - Terminais Portuários de Navegantes;Portonave - Terminais Portuários de Navegantes;30/06/2025 17:24;
9937335;ONE PARANA;Container Ship;ONE;ONE;Premier Alliance;Santos;Cais da BTP (SSZ 41) - Privativo;08/07/2025 18:15;
9937335;ONE PARANA;Container Ship;ONE;ONE;Premier Alliance;Portonave - Terminais Portuários de Navegantes;Portonave - Terminais Portuários de Navegantes;16/06/2025 20:54;
9937335;ONE PARANA;Container Ship;ONE;ONE;Premier Alliance;Portonave - Terminais Portuários de Navegantes;Portonave - Terminais Portuários de Navegantes;11/10/2025 20:42;
9937335;ONE PARANA;Container Ship;ONE;ONE;Premier Alliance;Portonave - Terminais Portuários de Navegantes;Portonave - Terminais Portuários de Navegantes;31/03/2025 12:36;
9937335;ONE PARANA;Container Ship;ONE;ONE;Premier Alliance;Portonave - Terminais Portuários de Navegantes;Portonave - Terminais Portuários de Navegantes;14/03/2025 22:12;
9937335;ONE PARANA;Container Ship;ONE;ONE;Premier Alliance;Portonave - Terminais Portuários de Navegantes;Portonave - Terminais Portuários de Navegantes;20/09/2025 23:00;
9945887;COSCO SHIPPING CHILE;Container Ship;COSCO;Cosco Shipping;Ocean Alliance;Paranaguá;TCP;15/06/2025 09:05;
9945887;COSCO SHIPPING CHILE;Container Ship;COSCO;Cosco Shipping;Ocean Alliance;Santos;Cais da Santos Brasil (SSZ 16) - Privativo;04/10/2025 07:50;
9945887;COSCO SHIPPING CHILE;Container Ship;COSCO;Cosco Shipping;Ocean Alliance;Paranaguá;TCP;13/03/2025 17:25;
9945887;COSCO SHIPPING CHILE;Container Ship;COSCO;Cosco Shipping;Ocean Alliance;Santos;Cais da Santos Brasil (SSZ 16) - Privativo;25/03/2025 18:30;
9945887;COSCO SHIPPING CHILE;Container Ship;COSCO;Cosco Shipping;Ocean Alliance;Rio de Janeiro;ICTSI;08/06/2025 16:05;
9945887;COSCO SHIPPING CHILE;Container Ship;COSCO;Cosco Shipping;Ocean Alliance;Santos;Cais da Santos Brasil (SSZ 16) - Privativo;13/06/2025 01:30;
9945887;COSCO SHIPPING CHILE;Container Ship;COSCO;Cosco Shipping;Ocean Alliance;Portonave - Terminais Portuários de Navegantes;Portonave - Terminais Portuários de Navegantes;23/12/2025 07:18;
9945887;COSCO SHIPPING CHILE;Container Ship;COSCO;Cosco Shipping;Ocean Alliance;Santos;Cais da Santos Brasil (SSZ 16) - Privativo;09/03/2025 00:44;
9945887;COSCO SHIPPING CHILE;Container Ship;COSCO;Cosco Shipping;Ocean Alliance;Santos;Cais da Santos Brasil (SSZ 16) - Privativo;28/06/2025 09:58;
9945887;COSCO SHIPPING CHILE;Container Ship;COSCO;Cosco Shipping;Ocean Alliance;Paranaguá;TCP;21/09/2025 21:35;
9945887;COSCO SHIPPING CHILE;Container Ship;COSCO;Cosco Shipping;Ocean Alliance;Portonave - Terminais Portuários de Navegantes;Portonave - Terminais Portuários de Navegantes;25/09/2025 14:48;
9945887;COSCO SHIPPING CHILE;Container Ship;COSCO;Cosco Shipping;Ocean Alliance;Portonave - Terminais Portuários de Navegantes;Portonave - Terminais Portuários de Navegantes;20/06/2025 08:30;
9945887;COSCO SHIPPING CHILE;Container Ship;COSCO;Cosco Shipping;Ocean Alliance;Portonave - Terminais Portuários de Navegantes;Portonave - Terminais Portuários de Navegantes;20/03/2025 15:46;
9945887;COSCO SHIPPING CHILE;Container Ship;COSCO;Cosco Shipping;Ocean Alliance;Santos;Cais da Santos Brasil (SSZ 16) - Privativo;19/09/2025 08:32;
9945887;COSCO SHIPPING CHILE;Container Ship;COSCO;Cosco Shipping;Ocean Alliance;Rio de Janeiro;ICTSI;16/09/2025 17:10;
9945887;COSCO SHIPPING CHILE;Container Ship;COSCO;Cosco Shipping;Ocean Alliance;Rio de Janeiro;ICTSI;29/03/2025 12:10;
9945887;COSCO SHIPPING CHILE;Container Ship;COSCO;Cosco Shipping;Ocean Alliance;Santos;Cais da Santos Brasil (SSZ 16) - Privativo;19/12/2025 11:00;
9945887;COSCO SHIPPING CHILE;Container Ship;COSCO;Cosco Shipping;Ocean Alliance;Santos;Cais da Santos Brasil (SSZ 16) - Privativo;26/12/2025 14:38;
9945887;COSCO SHIPPING CHILE;Container Ship;COSCO;Cosco Shipping;Ocean Alliance;Rio de Janeiro;ICTSI;16/12/2025 13:20;
9945887;COSCO SHIPPING CHILE;Container Ship;COSCO;Cosco Shipping;Ocean Alliance;Rio de Janeiro;ICTSI;29/09/2025 10:45;
9945887;COSCO SHIPPING CHILE;Container Ship;COSCO;Cosco Shipping;Ocean Alliance;Paranaguá;TCP;21/12/2025 17:05;
9945887;COSCO SHIPPING CHILE;Container Ship;COSCO;Cosco Shipping;Ocean Alliance;Rio de Janeiro;ICTSI;30/06/2025 14:25;
9323510;HMM BANGKOK;Container Ship;HMM;HMM;Premier Alliance;Paranaguá;TCP;14/03/2025 05:50;
9323510;HMM BANGKOK;Container Ship;HMM;HMM;Premier Alliance;Portonave - Terminais Portuários de Navegantes;Portonave - Terminais Portuários de Navegantes;15/03/2025 22:54;
9725134;HYUNDAI JUPITER;Container Ship;HMM;HMM;Premier Alliance;Portonave - Terminais Portuários de Navegantes;Portonave - Terminais Portuários de Navegantes;10/03/2025 03:42;
9725134;HYUNDAI JUPITER;Container Ship;HMM;HMM;Premier Alliance;Paranaguá;TCP;08/03/2025 21:15;
9230232;NOBLE STAR;Container Ship;UNKNOWN;UNKNOWN;Unknown;Itajaí;Cais Arrendado Transitoriamente;08/10/2025 18:00;
9230232;NOBLE STAR;Container Ship;UNKNOWN;UNKNOWN;Unknown;Paranaguá;TCP;28/09/2025 20:00;
9230232;NOBLE STAR;Container Ship;UNKNOWN;UNKNOWN;Unknown;Rio de Janeiro;ICTSI;11/10/2025 09:30;
9230232;NOBLE STAR;Container Ship;UNKNOWN;UNKNOWN;Unknown;Santos;Cais da Santos Brasil (SSZ 16) - Privativo;31/03/2025 04:13;
9230232;NOBLE STAR;Container Ship;UNKNOWN;UNKNOWN;Unknown;Itajaí;Cais Arrendado Transitoriamente;26/12/2025 05:15;
9230232;NOBLE STAR;Container Ship;UNKNOWN;UNKNOWN;Unknown;Paranaguá;TCP;11/03/2025 05:30;
9347578;HYUNDAI DYNASTY;Container Ship;HMM;HMM;Premier Alliance;Paranaguá;TCP;18/03/2025 20:45;
9347578;HYUNDAI DYNASTY;Container Ship;HMM;HMM;Premier Alliance;Portonave - Terminais Portuários de Navegantes;Portonave - Terminais Portuários de Navegantes;14/06/2025 07:54;
9347578;HYUNDAI DYNASTY;Container Ship;HMM;HMM;Premier Alliance;Rio Grande;Cais Tecon Rio Grande S.A.;14/11/2025 01:20;
9347578;HYUNDAI DYNASTY;Container Ship;HMM;HMM;Premier Alliance;Portonave - Terminais Portuários de Navegantes;Portonave - Terminais Portuários de Navegantes;22/03/2025 13:12;
9347578;HYUNDAI DYNASTY;Container Ship;HMM;HMM;Premier Alliance;Paranaguá;TCP;11/06/2025 21:20;
9347578;HYUNDAI DYNASTY;Container Ship;HMM;HMM;Premier Alliance;Rio Grande;Cais Tecon Rio Grande S.A.;27/08/2025 13:05;
9398228;MSC NOA;Container Ship;MSC;MSC;MSC (standalone);Itajaí;Cais Arrendado Transitoriamente;08/08/2025 16:15;
9398228;MSC NOA;Container Ship;MSC;MSC;MSC (standalone);Salvador;TECON;28/05/2025 07:20;
9398228;MSC NOA;Container Ship;MSC;MSC;MSC (standalone);Santos;Cais da BTP (SSZ 41) - Privativo;06/03/2025 14:34;
9398228;MSC NOA;Container Ship;MSC;MSC;MSC (standalone);Rio Grande;Cais Tecon Rio Grande S.A.;17/05/2025 22:45;
9398228;MSC NOA;Container Ship;MSC;MSC;MSC (standalone);Paranaguá;TCP;04/03/2025 22:30;
9398228;MSC NOA;Container Ship;MSC;MSC;MSC (standalone);Rio de Janeiro;Multi-Rio;23/08/2025 11:15;
9398228;MSC NOA;Container Ship;MSC;MSC;MSC (standalone);Rio Grande;Cais Tecon Rio Grande S.A.;01/03/2025 18:56;
9398228;MSC NOA;Container Ship;MSC;MSC;MSC (standalone);Rio de Janeiro;Multi-Rio;24/05/2025 15:20;
9398228;MSC NOA;Container Ship;MSC;MSC;MSC (standalone);Terminal Portuário do Pecém;Terminal Portuário do Pecém;04/05/2025 16:48;
9398228;MSC NOA;Container Ship;MSC;MSC;MSC (standalone);Itajaí;Cais Arrendado Transitoriamente;20/05/2025 07:37;
9398228;MSC NOA;Container Ship;MSC;MSC;MSC (standalone);Santos;Cais da BTP (SSZ 41) - Privativo;22/05/2025 12:37;
9398228;MSC NOA;Container Ship;MSC;MSC;MSC (standalone);Rio Grande;Cais Tecon Rio Grande S.A.;05/08/2025 23:45;
9398228;MSC NOA;Container Ship;MSC;MSC;MSC (standalone);Santos;Cais da BTP (SSZ 41) - Privativo;21/08/2025 12:20;
9398228;MSC NOA;Container Ship;MSC;MSC;MSC (standalone);Paranaguá;TCP;21/05/2025 12:10;
9398228;MSC NOA;Container Ship;MSC;MSC;MSC (standalone);Santos;Cais da BTP (SSZ 41) - Privativo;19/02/2025 06:30;
9398228;MSC NOA;Container Ship;MSC;MSC;MSC (standalone);Paranaguá;TCP;10/05/2025 19:35;
9398228;MSC NOA;Container Ship;MSC;MSC;MSC (standalone);Paranaguá;TCP;17/08/2025 16:00;
9398228;MSC NOA;Container Ship;MSC;MSC;MSC (standalone);Itajaí;Cais Arrendado Transitoriamente;03/03/2025 14:55;
9398228;MSC NOA;Container Ship;MSC;MSC;MSC (standalone);Santos;Cais da BTP (SSZ 41) - Privativo;24/07/2025 13:37;
9444845;SANTA INES;Container Ship;UNKNOWN;UNKNOWN;Unknown;Paranaguá;TCP;05/03/2025 00:24;
9444845;SANTA INES;Container Ship;UNKNOWN;UNKNOWN;Unknown;Santos;Cais da Santos Brasil (SSZ 16) - Privativo;08/11/2025 00:10;
9444845;SANTA INES;Container Ship;UNKNOWN;UNKNOWN;Unknown;Santos;Cais da BTP (SSZ 41) - Privativo;09/03/2025 12:43;
9444845;SANTA INES;Container Ship;UNKNOWN;UNKNOWN;Unknown;Santos;Cais da Santos Brasil (SSZ 16) - Privativo;16/08/2025 14:25;
9444845;SANTA INES;Container Ship;UNKNOWN;UNKNOWN;Unknown;Paranaguá;TCP;10/07/2025 06:15;
9444845;SANTA INES;Container Ship;UNKNOWN;UNKNOWN;Unknown;Santos;Cais da BTP (SSZ 41) - Privativo;28/02/2025 13:05;
9444845;SANTA INES;Container Ship;UNKNOWN;UNKNOWN;Unknown;Santos;Cais da Santos Brasil (SSZ 16) - Privativo;23/05/2025 20:25;
9444845;SANTA INES;Container Ship;UNKNOWN;UNKNOWN;Unknown;Paranaguá;TCP;26/12/2025 16:10;
9444845;SANTA INES;Container Ship;UNKNOWN;UNKNOWN;Unknown;Santos;Cais da BTP (SSZ 41) - Privativo;05/10/2025 20:50;
9444845;SANTA INES;Container Ship;UNKNOWN;UNKNOWN;Unknown;Paranaguá;TCP;15/11/2025 02:48;
9444845;SANTA INES;Container Ship;UNKNOWN;UNKNOWN;Unknown;Paranaguá;TCP;22/08/2025 04:34;
9444845;SANTA INES;Container Ship;UNKNOWN;UNKNOWN;Unknown;Santos;Cais da Santos Brasil (SSZ 16) - Privativo;05/07/2025 18:10;
9444845;SANTA INES;Container Ship;UNKNOWN;UNKNOWN;Unknown;Santos;Cais da BTP (SSZ 41) - Privativo;22/04/2025 16:00;
9444845;SANTA INES;Container Ship;UNKNOWN;UNKNOWN;Unknown;Santos;Cais da Santos Brasil (SSZ 16) - Privativo;27/09/2025 03:20;
9444845;SANTA INES;Container Ship;UNKNOWN;UNKNOWN;Unknown;Paranaguá;TCP;01/10/2025 17:27;
9444845;SANTA INES;Container Ship;UNKNOWN;UNKNOWN;Unknown;Santos;Cais da BTP (SSZ 41) - Privativo;11/07/2025 19:13;
9444845;SANTA INES;Container Ship;UNKNOWN;UNKNOWN;Unknown;Salvador;TECON Área 2;30/06/2025 20:05;
9444845;SANTA INES;Container Ship;UNKNOWN;UNKNOWN;Unknown;Paranaguá;TCP;16/04/2025 08:30;
9444845;SANTA INES;Container Ship;UNKNOWN;UNKNOWN;Unknown;Salvador;TECON Área 2;19/05/2025 21:50;
9444845;SANTA INES;Container Ship;UNKNOWN;UNKNOWN;Unknown;Salvador;TECON Área 2;24/02/2025 17:35;
9444845;SANTA INES;Container Ship;UNKNOWN;UNKNOWN;Unknown;Salvador;TECON Área 2;03/11/2025 19:30;
9444845;SANTA INES;Container Ship;UNKNOWN;UNKNOWN;Unknown;Salvador;TECON Área 2;11/08/2025 20:00;
9444845;SANTA INES;Container Ship;UNKNOWN;UNKNOWN;Unknown;Santos;Cais da BTP (SSZ 41) - Privativo;02/06/2025 09:16;
9444845;SANTA INES;Container Ship;UNKNOWN;UNKNOWN;Unknown;Paranaguá;TCP;28/05/2025 02:32;
9444845;SANTA INES;Container Ship;UNKNOWN;UNKNOWN;Unknown;Santos;Cais da Santos Brasil (SSZ 16) - Privativo;20/12/2025 05:40;
9526916;MAERSK LETICIA;Container Ship;MAERSK;Maersk Group;Gemini Cooperation;Santos;Cais da BTP (SSZ 41) - Privativo;06/09/2025 13:25;
9526916;MAERSK LETICIA;Container Ship;MAERSK;Maersk Group;Gemini Cooperation;Santos;Cais da BTP (SSZ 41) - Privativo;07/11/2025 16:25;
9526916;MAERSK LETICIA;Container Ship;MAERSK;Maersk Group;Gemini Cooperation;Santos;Cais da BTP (SSZ 41) - Privativo;26/11/2025 12:56;
9526916;MAERSK LETICIA;Container Ship;MAERSK;Maersk Group;Gemini Cooperation;Paranaguá;TCP;21/11/2025 16:30;
9526916;MAERSK LETICIA;Container Ship;MAERSK;Maersk Group;Gemini Cooperation;Santos;Cais da BTP (SSZ 41) - Privativo;21/09/2025 14:00;
9526916;MAERSK LETICIA;Container Ship;MAERSK;Maersk Group;Gemini Cooperation;Santos;Cais da Santos Brasil (SSZ 16) - Privativo;16/03/2025 12:50;
9526916;MAERSK LETICIA;Container Ship;MAERSK;Maersk Group;Gemini Cooperation;Rio Grande;Cais Tecon Rio Grande S.A.;15/07/2025 15:10;
9526916;MAERSK LETICIA;Container Ship;MAERSK;Maersk Group;Gemini Cooperation;Santos;Cais da BTP (SSZ 41) - Privativo;03/05/2025 08:02;
9526916;MAERSK LETICIA;Container Ship;MAERSK;Maersk Group;Gemini Cooperation;Rio Grande;Cais Tecon Rio Grande S.A.;17/09/2025 16:00;
9526916;MAERSK LETICIA;Container Ship;MAERSK;Maersk Group;Gemini Cooperation;Santos;Cais da BTP (SSZ 41) - Privativo;20/07/2025 19:37;
9526916;MAERSK LETICIA;Container Ship;MAERSK;Maersk Group;Gemini Cooperation;Santos;Cais da BTP (SSZ 41) - Privativo;05/07/2025 06:56;
9526916;MAERSK LETICIA;Container Ship;MAERSK;Maersk Group;Gemini Cooperation;Santos;Cais da Santos Brasil (SSZ 16) - Privativo;02/03/2025 16:00;
9526916;MAERSK LETICIA;Container Ship;MAERSK;Maersk Group;Gemini Cooperation;Santos;Cais da BTP (SSZ 41) - Privativo;18/05/2025 14:14;
9526916;MAERSK LETICIA;Container Ship;MAERSK;Maersk Group;Gemini Cooperation;Paranaguá;TCP;14/03/2025 09:44;
9526916;MAERSK LETICIA;Container Ship;MAERSK;Maersk Group;Gemini Cooperation;Paranaguá;TCP;05/05/2025 13:10;
9526916;MAERSK LETICIA;Container Ship;MAERSK;Maersk Group;Gemini Cooperation;Paranaguá;TCP;09/09/2025 11:16;
9526916;MAERSK LETICIA;Container Ship;MAERSK;Maersk Group;Gemini Cooperation;Paranaguá;TCP;07/07/2025 14:29;
9526916;MAERSK LETICIA;Container Ship;MAERSK;Maersk Group;Gemini Cooperation;Paranaguá;TCP;10/11/2025 16:50;
9526916;MAERSK LETICIA;Container Ship;MAERSK;Maersk Group;Gemini Cooperation;Paranaguá;TCP;16/05/2025 07:12;
9526916;MAERSK LETICIA;Container Ship;MAERSK;Maersk Group;Gemini Cooperation;Paranaguá;TCP;18/07/2025 06:25;
9350020;APL NEW JERSEY;Container Ship;APL;CMA CGM Group;Ocean Alliance;Paranaguá;TCP;04/10/2025 19:50;
9350020;APL NEW JERSEY;Container Ship;APL;CMA CGM Group;Ocean Alliance;Salvador;TECON;18/08/2025 07:30;
9350020;APL NEW JERSEY;Container Ship;APL;CMA CGM Group;Ocean Alliance;Santos;Cais da Santos Brasil (SSZ 16) - Privativo;14/08/2025 04:05;
9350020;APL NEW JERSEY;Container Ship;APL;CMA CGM Group;Ocean Alliance;Santos;Cais da Santos Brasil (SSZ 16) - Privativo;09/08/2025 05:10;
9350020;APL NEW JERSEY;Container Ship;APL;CMA CGM Group;Ocean Alliance;Rio de Janeiro;ICTSI;03/03/2025 07:30;
9350020;APL NEW JERSEY;Container Ship;APL;CMA CGM Group;Ocean Alliance;Santos;Cais da Santos Brasil (SSZ 16) - Privativo;10/10/2025 08:10;
9350020;APL NEW JERSEY;Container Ship;APL;CMA CGM Group;Ocean Alliance;Rio de Janeiro;ICTSI;06/12/2025 18:55;
9350020;APL NEW JERSEY;Container Ship;APL;CMA CGM Group;Ocean Alliance;Rio de Janeiro;ICTSI;15/08/2025 20:30;
9350020;APL NEW JERSEY;Container Ship;APL;CMA CGM Group;Ocean Alliance;Salvador;TECON Área 2;16/10/2025 23:35;
9350020;APL NEW JERSEY;Container Ship;APL;CMA CGM Group;Ocean Alliance;Santos;Cais da Santos Brasil (SSZ 16) - Privativo;05/12/2025 02:40;
9350020;APL NEW JERSEY;Container Ship;APL;CMA CGM Group;Ocean Alliance;Santos;Cais da Santos Brasil (SSZ 16) - Privativo;11/03/2025 09:40;
9350020;APL NEW JERSEY;Container Ship;APL;CMA CGM Group;Ocean Alliance;Portonave - Terminais Portuários de Navegantes;Portonave - Terminais Portuários de Navegantes;17/03/2025 02:30;
9350020;APL NEW JERSEY;Container Ship;APL;CMA CGM Group;Ocean Alliance;Santos;Cais da Santos Brasil (SSZ 16) - Privativo;23/05/2025 17:35;
9350020;APL NEW JERSEY;Container Ship;APL;CMA CGM Group;Ocean Alliance;Paranaguá;TCP;29/11/2025 21:10;
9350020;APL NEW JERSEY;Container Ship;APL;CMA CGM Group;Ocean Alliance;Santos;Cais da Santos Brasil (SSZ 16) - Privativo;03/10/2025 01:33;
9350020;APL NEW JERSEY;Container Ship;APL;CMA CGM Group;Ocean Alliance;Paranaguá;TCP;14/03/2025 21:55;
9350020;APL NEW JERSEY;Container Ship;APL;CMA CGM Group;Ocean Alliance;Rio de Janeiro;ICTSI;13/10/2025 03:25;
9525388;MAERSK CHITTAGONG;;MAERSK;Maersk Group;Gemini Cooperation;Rio de Janeiro;Multi-Rio;15/07/2025 12:35;4500.0
9525388;MAERSK CHITTAGONG;;MAERSK;Maersk Group;Gemini Cooperation;Rio de Janeiro;Multi-Rio;20/05/2025 13:40;4500.0
9525388;MAERSK CHITTAGONG;;MAERSK;Maersk Group;Gemini Cooperation;Paranaguá;TCP;04/09/2025 20:17;4500.0
9525388;MAERSK CHITTAGONG;;MAERSK;Maersk Group;Gemini Cooperation;Paranaguá;TCP;15/05/2025 09:34;4500.0
9525388;MAERSK CHITTAGONG;;MAERSK;Maersk Group;Gemini Cooperation;Rio de Janeiro;Multi-Rio;19/03/2025 02:00;4500.0
9525388;MAERSK CHITTAGONG;;MAERSK;Maersk Group;Gemini Cooperation;Rio de Janeiro;Multi-Rio;30/12/2025 10:40;4500.0
9525388;MAERSK CHITTAGONG;;MAERSK;Maersk Group;Gemini Cooperation;Rio de Janeiro;Multi-Rio;05/11/2025 01:10;4500.0
9525388;MAERSK CHITTAGONG;;MAERSK;Maersk Group;Gemini Cooperation;Rio de Janeiro;Multi-Rio;09/09/2025 07:30;4500.0
9525388;MAERSK CHITTAGONG;;MAERSK;Maersk Group;Gemini Cooperation;Santos;Cais da BTP (SSZ 41) - Privativo;13/07/2025 21:28;4500.0
9525388;MAERSK CHITTAGONG;;MAERSK;Maersk Group;Gemini Cooperation;Santos;Cais da BTP (SSZ 41) - Privativo;07/09/2025 19:37;4500.0
9525388;MAERSK CHITTAGONG;;MAERSK;Maersk Group;Gemini Cooperation;Santos;Cais da BTP (SSZ 41) - Privativo;31/08/2025 19:42;4500.0
9525388;MAERSK CHITTAGONG;;MAERSK;Maersk Group;Gemini Cooperation;Santos;Cais da BTP (SSZ 41) - Privativo;22/12/2025 21:56;4500.0
9525388;MAERSK CHITTAGONG;;MAERSK;Maersk Group;Gemini Cooperation;Santos;Cais da BTP (SSZ 41) - Privativo;28/12/2025 06:29;4500.0
9525388;MAERSK CHITTAGONG;;MAERSK;Maersk Group;Gemini Cooperation;Santos;Cais da BTP (SSZ 41) - Privativo;26/10/2025 12:15;4500.0
9525388;MAERSK CHITTAGONG;;MAERSK;Maersk Group;Gemini Cooperation;Santos;Cais da BTP (SSZ 41) - Privativo;02/11/2025 04:27;4500.0
9525388;MAERSK CHITTAGONG;;MAERSK;Maersk Group;Gemini Cooperation;Santos;Cais da BTP (SSZ 41) - Privativo;18/05/2025 07:30;4500.0
9525388;MAERSK CHITTAGONG;;MAERSK;Maersk Group;Gemini Cooperation;Santos;Cais da BTP (SSZ 41) - Privativo;17/03/2025 22:29;4500.0
9850599;EVER FOND;;EVERGREEN;Evergreen;Ocean Alliance;Itajaí;Cais Arrendado Transitoriamente;09/10/2025 21:25;12118.0
9850599;EVER FOND;;EVERGREEN;Evergreen;Ocean Alliance;Santos;Cais da Santos Brasil (SSZ 16) - Privativo;29/06/2025 22:55;12118.0
9850599;EVER FOND;;EVERGREEN;Evergreen;Ocean Alliance;Portonave - Terminais Portuários de Navegantes;Portonave - Terminais Portuários de Navegantes;05/04/2025 02:12;12118.0
9850599;EVER FOND;;EVERGREEN;Evergreen;Ocean Alliance;Santos;Cais da Santos Brasil (SSZ 16) - Privativo;28/12/2025 00:27;12118.0
9850599;EVER FOND;;EVERGREEN;Evergreen;Ocean Alliance;Santos;Cais da Santos Brasil (SSZ 16) - Privativo;05/10/2025 13:21;12118.0
9850599;EVER FOND;;EVERGREEN;Evergreen;Ocean Alliance;Santos;Cais da Santos Brasil (SSZ 16) - Privativo;06/10/2025 04:20;12118.0
9850599;EVER FOND;;EVERGREEN;Evergreen;Ocean Alliance;Rio de Janeiro;ICTSI;19/03/2025 17:40;12118.0
9850599;EVER FOND;;EVERGREEN;Evergreen;Ocean Alliance;Paranaguá;TCP;06/04/2025 03:30;12118.0
9850599;EVER FOND;;EVERGREEN;Evergreen;Ocean Alliance;Santos;Cais da Santos Brasil (SSZ 16) - Privativo;23/07/2025 09:27;12118.0
9850599;EVER FOND;;EVERGREEN;Evergreen;Ocean Alliance;Portonave - Terminais Portuários de Navegantes;Portonave - Terminais Portuários de Navegantes;16/07/2025 00:48;12118.0
9850599;EVER FOND;;EVERGREEN;Evergreen;Ocean Alliance;Santos;Cais da Santos Brasil (SSZ 16) - Privativo;23/10/2025 09:34;12118.0
9850599;EVER FOND;;EVERGREEN;Evergreen;Ocean Alliance;Rio de Janeiro;ICTSI;25/06/2025 16:50;12118.0
9850599;EVER FOND;;EVERGREEN;Evergreen;Ocean Alliance;Portonave - Terminais Portuários de Navegantes;Portonave - Terminais Portuários de Navegantes;03/07/2025 16:18;12118.0
9850599;EVER FOND;;EVERGREEN;Evergreen;Ocean Alliance;Paranaguá;TCP;14/07/2025 19:40;12118.0
9850599;EVER FOND;;EVERGREEN;Evergreen;Ocean Alliance;Portonave - Terminais Portuários de Navegantes;Portonave - Terminais Portuários de Navegantes;24/03/2025 18:00;12118.0
9407160;SEASPAN EMPIRE;Container Ship;UNKNOWN;UNKNOWN;Unknown;Rio Grande;Cais Tecon Rio Grande S.A.;18/08/2025 10:15;
9407160;SEASPAN EMPIRE;Container Ship;UNKNOWN;UNKNOWN;Unknown;Rio Grande;Cais Tecon Rio Grande S.A.;31/03/2025 21:30;
9407160;SEASPAN EMPIRE;Container Ship;UNKNOWN;UNKNOWN;Unknown;Rio de Janeiro;Multi-Rio;07/04/2025 17:50;
9407160;SEASPAN EMPIRE;Container Ship;UNKNOWN;UNKNOWN;Unknown;Rio Grande;Cais Tecon Rio Grande S.A.;09/06/2025 13:30;
9407160;SEASPAN EMPIRE;Container Ship;UNKNOWN;UNKNOWN;Unknown;Rio de Janeiro;ICTSI;08/11/2025 18:35;
9407160;SEASPAN EMPIRE;Container Ship;UNKNOWN;UNKNOWN;Unknown;Santos;Cais da Santos Brasil (SSZ 16) - Privativo;09/11/2025 22:15;
9407160;SEASPAN EMPIRE;Container Ship;UNKNOWN;UNKNOWN;Unknown;Paranaguá;TCP;04/04/2025 13:35;
9407160;SEASPAN EMPIRE;Container Ship;UNKNOWN;UNKNOWN;Unknown;Santos;Cais da Santos Brasil (SSZ 16) - Privativo;28/12/2025 19:28;
9407160;SEASPAN EMPIRE;Container Ship;UNKNOWN;UNKNOWN;Unknown;Rio de Janeiro;Multi-Rio;17/06/2025 16:15;
9407160;SEASPAN EMPIRE;Container Ship;UNKNOWN;UNKNOWN;Unknown;Rio Grande;Cais Tecon Rio Grande S.A.;27/10/2025 11:20;
9407160;SEASPAN EMPIRE;Container Ship;UNKNOWN;UNKNOWN;Unknown;Rio de Janeiro;ICTSI;27/12/2025 11:10;
9407160;SEASPAN EMPIRE;Container Ship;UNKNOWN;UNKNOWN;Unknown;Portonave - Terminais Portuários de Navegantes;Portonave - Terminais Portuários de Navegantes;12/06/2025 04:18;
9407160;SEASPAN EMPIRE;Container Ship;UNKNOWN;UNKNOWN;Unknown;Paranaguá;TCP;23/08/2025 21:23;
9407160;SEASPAN EMPIRE;Container Ship;UNKNOWN;UNKNOWN;Unknown;Itajaí;Cais Arrendado Transitoriamente;21/08/2025 00:20;
9450375;C HAMBURG;Container Ship;UNKNOWN;UNKNOWN;Unknown;Rio de Janeiro;Multi-Rio;04/09/2025 15:10;
9450375;C HAMBURG;Container Ship;UNKNOWN;UNKNOWN;Unknown;Terminal Portuário do Pecém;Terminal Portuário do Pecém;24/03/2025 13:29;
9450375;C HAMBURG;Container Ship;UNKNOWN;UNKNOWN;Unknown;Rio Grande;Cais Tecon Rio Grande S.A.;19/09/2025 03:30;
9450375;C HAMBURG;Container Ship;UNKNOWN;UNKNOWN;Unknown;Itajaí;Cais Arrendado Transitoriamente;25/09/2025 02:16;
9450375;C HAMBURG;Container Ship;UNKNOWN;UNKNOWN;Unknown;Santos;Cais da Santos Brasil (SSZ 16) - Privativo;03/09/2025 02:28;
9450375;C HAMBURG;Container Ship;UNKNOWN;UNKNOWN;Unknown;Rio de Janeiro;Multi-Rio;28/08/2025 07:30;
9450375;C HAMBURG;Container Ship;UNKNOWN;UNKNOWN;Unknown;Itajaí;Cais Arrendado Transitoriamente;07/09/2025 02:15;
9450375;C HAMBURG;Container Ship;UNKNOWN;UNKNOWN;Unknown;Santos;Cais da BTP (SSZ 41) - Privativo;31/03/2025 18:10;
9450375;C HAMBURG;Container Ship;UNKNOWN;UNKNOWN;Unknown;Santos;Cais da BTP (SSZ 41) - Privativo;02/10/2025 05:55;
9166780;MAERSK AURORA;;MAERSK;Maersk Group;Gemini Cooperation;Terminal Portuário do Pecém;Terminal Portuário do Pecém;31/03/2025 07:19;1800.0
9166780;MAERSK AURORA;;MAERSK;Maersk Group;Gemini Cooperation;Terminal Portuário do Pecém;Terminal Portuário do Pecém;02/04/2025 06:30;1800.0
9166780;MAERSK AURORA;;MAERSK;Maersk Group;Gemini Cooperation;Terminal Portuário do Pecém;Terminal Portuário do Pecém;04/10/2025 17:18;1800.0
9166780;MAERSK AURORA;;MAERSK;Maersk Group;Gemini Cooperation;Salvador;TECON Área 2;05/04/2025 05:30;1800.0
9166780;MAERSK AURORA;;MAERSK;Maersk Group;Gemini Cooperation;Terminal Portuário do Pecém;Terminal Portuário do Pecém;29/09/2025 09:40;1800.0
9166780;MAERSK AURORA;;MAERSK;Maersk Group;Gemini Cooperation;Paranaguá;TCP;03/11/2025 15:45;1800.0
9166780;MAERSK AURORA;;MAERSK;Maersk Group;Gemini Cooperation;Santos;Cais da BTP (SSZ 41) - Privativo;15/04/2025 11:12;1800.0
9166780;MAERSK AURORA;;MAERSK;Maersk Group;Gemini Cooperation;Terminal Portuário do Pecém;Terminal Portuário do Pecém;30/03/2025 17:38;1800.0
9166780;MAERSK AURORA;;MAERSK;Maersk Group;Gemini Cooperation;Santos;Cais da BTP (SSZ 41) - Privativo;16/10/2025 16:20;1800.0
9166780;MAERSK AURORA;;MAERSK;Maersk Group;Gemini Cooperation;Rio de Janeiro;Multi-Rio;08/11/2025 16:50;1800.0
9166780;MAERSK AURORA;;MAERSK;Maersk Group;Gemini Cooperation;Terminal Portuário do Pecém;Terminal Portuário do Pecém;05/10/2025 06:27;1800.0
9166780;MAERSK AURORA;;MAERSK;Maersk Group;Gemini Cooperation;Portonave - Terminais Portuários de Navegantes;Portonave - Terminais Portuários de Navegantes;26/10/2025 20:06;1800.0
9166780;MAERSK AURORA;;MAERSK;Maersk Group;Gemini Cooperation;Itajaí;Cais Arrendado Transitoriamente;25/10/2025 18:08;1800.0
9166780;MAERSK AURORA;;MAERSK;Maersk Group;Gemini Cooperation;Santos;Cais da BTP (SSZ 41) - Privativo;05/11/2025 16:38;1800.0
9625542;HMM PARAMOUNT;Container Ship;HMM;HMM;Premier Alliance;Portonave - Terminais Portuários de Navegantes;Portonave - Terminais Portuários de Navegantes;06/05/2025 18:36;
9625542;HMM PARAMOUNT;Container Ship;HMM;HMM;Premier Alliance;Portonave - Terminais Portuários de Navegantes;Portonave - Terminais Portuários de Navegantes;11/02/2025 01:45;
9625542;HMM PARAMOUNT;Container Ship;HMM;HMM;Premier Alliance;Rio Grande;Cais Tecon Rio Grande S.A.;11/12/2025 11:30;
9625542;HMM PARAMOUNT;Container Ship;HMM;HMM;Premier Alliance;Portonave - Terminais Portuários de Navegantes;Portonave - Terminais Portuários de Navegantes;13/09/2025 19:12;
9625542;HMM PARAMOUNT;Container Ship;HMM;HMM;Premier Alliance;Paranaguá;TCP;09/02/2025 06:44;
9813101;BARRACUDA;Bulk/Oil Carrier;UNKNOWN;UNKNOWN;Unknown;Terminal Portuário do Pecém;Terminal Portuário do Pecém;17/05/2025 02:31;
9768007;LAEM CHABANG EXPRESS;Container Ship;HAPAG-LLOYD;Hapag-Lloyd;Gemini Cooperation;Santos;Cais da BTP (SSZ 41) - Privativo;27/11/2025 04:00;
9768007;LAEM CHABANG EXPRESS;Container Ship;HAPAG-LLOYD;Hapag-Lloyd;Gemini Cooperation;Santos;Cais da BTP (SSZ 41) - Privativo;17/08/2025 23:07;
9768007;LAEM CHABANG EXPRESS;Container Ship;HAPAG-LLOYD;Hapag-Lloyd;Gemini Cooperation;Santos;Cais da BTP (SSZ 41) - Privativo;26/06/2025 23:10;
9768007;LAEM CHABANG EXPRESS;Container Ship;HAPAG-LLOYD;Hapag-Lloyd;Gemini Cooperation;Rio de Janeiro;Multi-Rio;29/11/2025 06:45;
9768007;LAEM CHABANG EXPRESS;Container Ship;HAPAG-LLOYD;Hapag-Lloyd;Gemini Cooperation;Rio de Janeiro;Multi-Rio;06/11/2025 17:05;
9768007;LAEM CHABANG EXPRESS;Container Ship;HAPAG-LLOYD;Hapag-Lloyd;Gemini Cooperation;Paranaguá;TCP;19/11/2025 13:40;
9768007;LAEM CHABANG EXPRESS;Container Ship;HAPAG-LLOYD;Hapag-Lloyd;Gemini Cooperation;Portonave - Terminais Portuários de Navegantes;Portonave - Terminais Portuários de Navegantes;03/09/2025 01:36;
9768007;LAEM CHABANG EXPRESS;Container Ship;HAPAG-LLOYD;Hapag-Lloyd;Gemini Cooperation;Paranaguá;TCP;06/09/2025 15:10;
9768007;LAEM CHABANG EXPRESS;Container Ship;HAPAG-LLOYD;Hapag-Lloyd;Gemini Cooperation;Portonave - Terminais Portuários de Navegantes;Portonave - Terminais Portuários de Navegantes;21/11/2025 18:42;
9768007;LAEM CHABANG EXPRESS;Container Ship;HAPAG-LLOYD;Hapag-Lloyd;Gemini Cooperation;Santos;Cais da BTP (SSZ 41) - Privativo;04/11/2025 22:15;
9768007;LAEM CHABANG EXPRESS;Container Ship;HAPAG-LLOYD;Hapag-Lloyd;Gemini Cooperation;Rio de Janeiro;Multi-Rio;16/03/2025 16:30;
9768007;LAEM CHABANG EXPRESS;Container Ship;HAPAG-LLOYD;Hapag-Lloyd;Gemini Cooperation;Rio de Janeiro;Multi-Rio;04/06/2025 15:40;
9768007;LAEM CHABANG EXPRESS;Container Ship;HAPAG-LLOYD;Hapag-Lloyd;Gemini Cooperation;Rio Grande;Cais Tecon Rio Grande S.A.;30/08/2025 11:00;
9768007;LAEM CHABANG EXPRESS;Container Ship;HAPAG-LLOYD;Hapag-Lloyd;Gemini Cooperation;Terminal Portuário do Pecém;Terminal Portuário do Pecém;19/09/2025 14:56;
9768007;LAEM CHABANG EXPRESS;Container Ship;HAPAG-LLOYD;Hapag-Lloyd;Gemini Cooperation;Terminal Portuário do Pecém;Terminal Portuário do Pecém;05/12/2025 17:35;
9768007;LAEM CHABANG EXPRESS;Container Ship;HAPAG-LLOYD;Hapag-Lloyd;Gemini Cooperation;Paranaguá;TCP;01/04/2025 19:30;
9768007;LAEM CHABANG EXPRESS;Container Ship;HAPAG-LLOYD;Hapag-Lloyd;Gemini Cooperation;Santos;Cais da BTP (SSZ 41) - Privativo;08/09/2025 21:55;
9768007;LAEM CHABANG EXPRESS;Container Ship;HAPAG-LLOYD;Hapag-Lloyd;Gemini Cooperation;Rio de Janeiro;Multi-Rio;11/08/2025 16:15;
9768007;LAEM CHABANG EXPRESS;Container Ship;HAPAG-LLOYD;Hapag-Lloyd;Gemini Cooperation;Santos;Cais da BTP (SSZ 41) - Privativo;19/03/2025 17:34;
9768007;LAEM CHABANG EXPRESS;Container Ship;HAPAG-LLOYD;Hapag-Lloyd;Gemini Cooperation;Rio de Janeiro;Multi-Rio;08/04/2025 09:55;
9768007;LAEM CHABANG EXPRESS;Container Ship;HAPAG-LLOYD;Hapag-Lloyd;Gemini Cooperation;Rio de Janeiro;Multi-Rio;11/09/2025 11:40;
9768007;LAEM CHABANG EXPRESS;Container Ship;HAPAG-LLOYD;Hapag-Lloyd;Gemini Cooperation;Paranaguá;TCP;24/06/2025 04:15;
9768007;LAEM CHABANG EXPRESS;Container Ship;HAPAG-LLOYD;Hapag-Lloyd;Gemini Cooperation;Santos;Cais da BTP (SSZ 41) - Privativo;03/04/2025 12:10;
9768007;LAEM CHABANG EXPRESS;Container Ship;HAPAG-LLOYD;Hapag-Lloyd;Gemini Cooperation;Santos;Cais da BTP (SSZ 41) - Privativo;07/06/2025 10:48;
9768007;LAEM CHABANG EXPRESS;Container Ship;HAPAG-LLOYD;Hapag-Lloyd;Gemini Cooperation;Rio Grande;Cais Tecon Rio Grande S.A.;30/03/2025 02:00;
9203538;MSC MALENA III;Container Ship;MSC;MSC;MSC (standalone);Super Terminais Comércio e Indústria;Super Terminais Comércio e Indústria;18/12/2025 11:40;
9203538;MSC MALENA III;Container Ship;MSC;MSC;MSC (standalone);Super Terminais Comércio e Indústria;Super Terminais Comércio e Indústria;15/07/2025 23:45;
9203538;MSC MALENA III;Container Ship;MSC;MSC;MSC (standalone);Super Terminais Comércio e Indústria;Super Terminais Comércio e Indústria;20/11/2025 14:30;
9203538;MSC MALENA III;Container Ship;MSC;MSC;MSC (standalone);Super Terminais Comércio e Indústria;Super Terminais Comércio e Indústria;14/02/2025 00:20;
9203538;MSC MALENA III;Container Ship;MSC;MSC;MSC (standalone);Super Terminais Comércio e Indústria;Super Terminais Comércio e Indústria;17/05/2025 00:10;
9203538;MSC MALENA III;Container Ship;MSC;MSC;MSC (standalone);Super Terminais Comércio e Indústria;Super Terminais Comércio e Indústria;16/03/2025 22:00;
9203538;MSC MALENA III;Container Ship;MSC;MSC;MSC (standalone);Super Terminais Comércio e Indústria;Super Terminais Comércio e Indústria;16/09/2025 16:45;
9203538;MSC MALENA III;Container Ship;MSC;MSC;MSC (standalone);Super Terminais Comércio e Indústria;Super Terminais Comércio e Indústria;19/08/2025 22:25;
9203538;MSC MALENA III;Container Ship;MSC;MSC;MSC (standalone);Super Terminais Comércio e Indústria;Super Terminais Comércio e Indústria;12/06/2025 20:40;
9203538;MSC MALENA III;Container Ship;MSC;MSC;MSC (standalone);Super Terminais Comércio e Indústria;Super Terminais Comércio e Indústria;17/04/2025 20:00;
9203538;MSC MALENA III;Container Ship;MSC;MSC;MSC (standalone);Super Terminais Comércio e Indústria;Super Terminais Comércio e Indústria;23/10/2025 23:18;
9288394;PL GERMANY;Container Ship;UNKNOWN;UNKNOWN;Unknown;Rio de Janeiro;Multi-Rio;06/01/2025 10:50;
9288394;PL GERMANY;Container Ship;UNKNOWN;UNKNOWN;Unknown;Santos;Cais da BTP (SSZ 41) - Privativo;27/02/2025 14:25;
9464003;MAERSK YOKOHAMA;;MAERSK;Maersk Group;Gemini Cooperation;Terminal Portuário do Pecém;Terminal Portuário do Pecém;12/05/2025 20:12;8500.0
9248148;MSC PILAR VI;Container Ship;MSC;MSC;MSC (standalone);Salvador;TECON Área 2;31/12/2024 04:43;
9248148;MSC PILAR VI;Container Ship;MSC;MSC;MSC (standalone);Rio de Janeiro;Multi-Rio;09/01/2025 18:30;
9085522;KURE;Container Ship;UNKNOWN;UNKNOWN;Unknown;Paranaguá;TCP;05/04/2025 11:05;
9085522;KURE;Container Ship;UNKNOWN;UNKNOWN;Unknown;Paranaguá;TCP;17/06/2025 20:45;
9085522;KURE;Container Ship;UNKNOWN;UNKNOWN;Unknown;Itajaí;Cais Arrendado Transitoriamente;04/04/2025 10:58;
9085522;KURE;Container Ship;UNKNOWN;UNKNOWN;Unknown;Rio de Janeiro;Multi-Rio;22/06/2025 09:20;
9085522;KURE;Container Ship;UNKNOWN;UNKNOWN;Unknown;Rio de Janeiro;Multi-Rio;11/04/2025 09:45;
9085522;KURE;Container Ship;UNKNOWN;UNKNOWN;Unknown;Itajaí;Cais Arrendado Transitoriamente;12/06/2025 00:30;
9085522;KURE;Container Ship;UNKNOWN;UNKNOWN;Unknown;Itajaí;Cais Arrendado Transitoriamente;31/08/2025 00:30;
9085522;KURE;Container Ship;UNKNOWN;UNKNOWN;Unknown;Salvador;TECON Área 2;25/06/2025 14:00;
9085522;KURE;Container Ship;UNKNOWN;UNKNOWN;Unknown;Santos;Cais da Santos Brasil (SSZ 16) - Privativo;19/03/2025 06:18;
9085522;KURE;Container Ship;UNKNOWN;UNKNOWN;Unknown;Santos;Cais da BTP (SSZ 41) - Privativo;02/06/2025 22:54;
9085522;KURE;Container Ship;UNKNOWN;UNKNOWN;Unknown;Salvador;TECON;14/04/2025 08:42;
9085522;KURE;Container Ship;UNKNOWN;UNKNOWN;Unknown;Santos;Cais da BTP (SSZ 41) - Privativo;09/04/2025 13:20;
9085522;KURE;Container Ship;UNKNOWN;UNKNOWN;Unknown;Santos;Cais da BTP (SSZ 41) - Privativo;19/06/2025 14:10;
9085522;KURE;Container Ship;UNKNOWN;UNKNOWN;Unknown;Rio de Janeiro;Multi-Rio;07/01/2025 15:50;
9085522;KURE;Container Ship;UNKNOWN;UNKNOWN;Unknown;Rio Grande;Cais Tecon Rio Grande S.A.;02/04/2025 16:55;
9085522;KURE;Container Ship;UNKNOWN;UNKNOWN;Unknown;Rio de Janeiro;Multi-Rio;28/08/2025 14:20;
9085522;KURE;Container Ship;UNKNOWN;UNKNOWN;Unknown;Terminal Portuário do Pecém;Terminal Portuário do Pecém;17/08/2025 13:31;
9085522;KURE;Container Ship;UNKNOWN;UNKNOWN;Unknown;Santos;Cais da BTP (SSZ 41) - Privativo;25/08/2025 09:55;
9085522;KURE;Container Ship;UNKNOWN;UNKNOWN;Unknown;Rio Grande;Cais Tecon Rio Grande S.A.;10/06/2025 03:30;
9299537;MSC JUDITH;;MSC;MSC;MSC (standalone);Itajaí;Cais Arrendado Transitoriamente;23/04/2025 04:50;8089.0
9299537;MSC JUDITH;;MSC;MSC;MSC (standalone);Paranaguá;TCP;10/04/2025 04:55;8089.0
9299537;MSC JUDITH;;MSC;MSC;MSC (standalone);Rio Grande;Cais Tecon Rio Grande S.A.;20/04/2025 04:10;8089.0
9299537;MSC JUDITH;;MSC;MSC;MSC (standalone);Rio de Janeiro;Multi-Rio;04/04/2025 11:30;8089.0
9299537;MSC JUDITH;;MSC;MSC;MSC (standalone);Santos;Cais da BTP (SSZ 41) - Privativo;28/04/2025 04:54;8089.0
9299537;MSC JUDITH;;MSC;MSC;MSC (standalone);Itajaí;Cais Arrendado Transitoriamente;12/04/2025 15:47;8089.0
9299537;MSC JUDITH;;MSC;MSC;MSC (standalone);Santos;Cais da Santos Brasil (SSZ 16) - Privativo;08/04/2025 05:56;8089.0
9813826;AS SILJE;Container Ship;UNKNOWN;UNKNOWN;Unknown;Santos;Cais da BTP (SSZ 41) - Privativo;26/05/2025 20:58;
9813826;AS SILJE;Container Ship;UNKNOWN;UNKNOWN;Unknown;Santos;Cais da BTP (SSZ 41) - Privativo;11/04/2025 08:55;
9813826;AS SILJE;Container Ship;UNKNOWN;UNKNOWN;Unknown;Santos;Cais da Santos Brasil (SSZ 16) - Privativo;27/03/2025 08:18;
9813826;AS SILJE;Container Ship;UNKNOWN;UNKNOWN;Unknown;Santos;Cais da BTP (SSZ 41) - Privativo;27/04/2025 00:05;
9813826;AS SILJE;Container Ship;UNKNOWN;UNKNOWN;Unknown;Santos;Cais da BTP (SSZ 41) - Privativo;08/05/2025 08:56;
9813826;AS SILJE;Container Ship;UNKNOWN;UNKNOWN;Unknown;Santos;Cais da Santos Brasil (SSZ 16) - Privativo;13/03/2025 10:05;
9702077;MSC MELINE;Container Ship;MSC;MSC;MSC (standalone);Terminal Portuário do Pecém;Terminal Portuário do Pecém;29/11/2025 13:37;
9702077;MSC MELINE;Container Ship;MSC;MSC;MSC (standalone);Portonave - Terminais Portuários de Navegantes;Portonave - Terminais Portuários de Navegantes;07/07/2025 22:55;
9702077;MSC MELINE;Container Ship;MSC;MSC;MSC (standalone);Santos;Cais da BTP (SSZ 41) - Privativo;16/09/2025 23:00;
9702077;MSC MELINE;Container Ship;MSC;MSC;MSC (standalone);Santos;Cais da Santos Brasil (SSZ 16) - Privativo;05/09/2025 19:21;
9702077;MSC MELINE;Container Ship;MSC;MSC;MSC (standalone);Portonave - Terminais Portuários de Navegantes;Portonave - Terminais Portuários de Navegantes;12/05/2025 09:48;
9702077;MSC MELINE;Container Ship;MSC;MSC;MSC (standalone);Portonave - Terminais Portuários de Navegantes;Portonave - Terminais Portuários de Navegantes;15/09/2025 12:18;
9702077;MSC MELINE;Container Ship;MSC;MSC;MSC (standalone);Santos;Cais da Santos Brasil (SSZ 16) - Privativo;05/11/2025 16:48;
9702077;MSC MELINE;Container Ship;MSC;MSC;MSC (standalone);Rio de Janeiro;Multi-Rio;21/09/2025 09:45;
9702077;MSC MELINE;Container Ship;MSC;MSC;MSC (standalone);Santos;Cais da Santos Brasil (SSZ 16) - Privativo;30/04/2025 12:15;
9702077;MSC MELINE;Container Ship;MSC;MSC;MSC (standalone);Rio de Janeiro;Multi-Rio;30/06/2025 03:05;
9702077;MSC MELINE;Container Ship;MSC;MSC;MSC (standalone);Rio de Janeiro;Multi-Rio;03/11/2025 06:30;
9702077;MSC MELINE;Container Ship;MSC;MSC;MSC (standalone);Rio de Janeiro;Multi-Rio;25/11/2025 06:25;
9702077;MSC MELINE;Container Ship;MSC;MSC;MSC (standalone);Paranaguá;TCP;13/11/2025 21:00;
9702077;MSC MELINE;Container Ship;MSC;MSC;MSC (standalone);Santos;Cais da BTP (SSZ 41) - Privativo;03/07/2025 02:40;
9702077;MSC MELINE;Container Ship;MSC;MSC;MSC (standalone);Rio de Janeiro;Multi-Rio;14/07/2025 02:50;
9702077;MSC MELINE;Container Ship;MSC;MSC;MSC (standalone);Paranaguá;TCP;12/09/2025 18:30;
9702077;MSC MELINE;Container Ship;MSC;MSC;MSC (standalone);Paranaguá;TCP;01/05/2025 15:10;
9702077;MSC MELINE;Container Ship;MSC;MSC;MSC (standalone);Rio de Janeiro;Multi-Rio;07/09/2025 11:10;
9702077;MSC MELINE;Container Ship;MSC;MSC;MSC (standalone);Santos;Cais da BTP (SSZ 41) - Privativo;21/11/2025 20:36;
9702077;MSC MELINE;Container Ship;MSC;MSC;MSC (standalone);Rio de Janeiro;Multi-Rio;28/04/2025 11:05;
9702077;MSC MELINE;Container Ship;MSC;MSC;MSC (standalone);Santos;Cais da BTP (SSZ 41) - Privativo;14/05/2025 00:21;
9702077;MSC MELINE;Container Ship;MSC;MSC;MSC (standalone);Santos;Cais da BTP (SSZ 41) - Privativo;10/07/2025 07:38;
9702077;MSC MELINE;Container Ship;MSC;MSC;MSC (standalone);Rio de Janeiro;Multi-Rio;15/05/2025 22:40;
9344681;MAERSK VENEZIA;Container Ship;MAERSK;Maersk Group;Gemini Cooperation;Itajaí;Cais Arrendado Transitoriamente;16/06/2025 23:47;
9344681;MAERSK VENEZIA;Container Ship;MAERSK;Maersk Group;Gemini Cooperation;Santos;Cais da BTP (SSZ 41) - Privativo;24/10/2025 07:44;
9344681;MAERSK VENEZIA;Container Ship;MAERSK;Maersk Group;Gemini Cooperation;Santos;Cais da BTP (SSZ 41) - Privativo;04/12/2025 16:44;
9344681;MAERSK VENEZIA;Container Ship;MAERSK;Maersk Group;Gemini Cooperation;Santos;Cais da BTP (SSZ 41) - Privativo;24/09/2025 12:07;
9344681;MAERSK VENEZIA;Container Ship;MAERSK;Maersk Group;Gemini Cooperation;Santos;Cais da BTP (SSZ 41) - Privativo;03/07/2025 07:53;
9344681;MAERSK VENEZIA;Container Ship;MAERSK;Maersk Group;Gemini Cooperation;Santos;Cais da BTP (SSZ 41) - Privativo;16/07/2025 19:18;
9344681;MAERSK VENEZIA;Container Ship;MAERSK;Maersk Group;Gemini Cooperation;Santos;Cais da BTP (SSZ 41) - Privativo;10/09/2025 21:40;
9344681;MAERSK VENEZIA;Container Ship;MAERSK;Maersk Group;Gemini Cooperation;Santos;Cais da BTP (SSZ 41) - Privativo;30/07/2025 19:00;
9344681;MAERSK VENEZIA;Container Ship;MAERSK;Maersk Group;Gemini Cooperation;Santos;Cais da BTP (SSZ 41) - Privativo;13/08/2025 09:15;
9344681;MAERSK VENEZIA;Container Ship;MAERSK;Maersk Group;Gemini Cooperation;Santos;Cais da BTP (SSZ 41) - Privativo;27/08/2025 09:11;
9344681;MAERSK VENEZIA;Container Ship;MAERSK;Maersk Group;Gemini Cooperation;Santos;Cais da BTP (SSZ 41) - Privativo;31/12/2025 04:02;
9344681;MAERSK VENEZIA;Container Ship;MAERSK;Maersk Group;Gemini Cooperation;Santos;Cais da BTP (SSZ 41) - Privativo;08/10/2025 16:12;
9344681;MAERSK VENEZIA;Container Ship;MAERSK;Maersk Group;Gemini Cooperation;Santos;Cais da BTP (SSZ 41) - Privativo;18/06/2025 15:05;
9324837;NAVIOS VERMILION;Container Ship;UNKNOWN;UNKNOWN;Unknown;Rio de Janeiro;ICTSI;12/05/2025 04:20;
9324837;NAVIOS VERMILION;Container Ship;UNKNOWN;UNKNOWN;Unknown;Rio de Janeiro;ICTSI;14/07/2025 07:00;
9324837;NAVIOS VERMILION;Container Ship;UNKNOWN;UNKNOWN;Unknown;Santos;Cais da Santos Brasil (SSZ 16) - Privativo;13/09/2025 03:10;
9324837;NAVIOS VERMILION;Container Ship;UNKNOWN;UNKNOWN;Unknown;Paranaguá;TCP;15/09/2025 13:10;
9324837;NAVIOS VERMILION;Container Ship;UNKNOWN;UNKNOWN;Unknown;Paranaguá;TCP;05/05/2025 02:55;
9324837;NAVIOS VERMILION;Container Ship;UNKNOWN;UNKNOWN;Unknown;Santos;Cais da Santos Brasil (SSZ 16) - Privativo;22/04/2025 06:35;
9324837;NAVIOS VERMILION;Container Ship;UNKNOWN;UNKNOWN;Unknown;Rio de Janeiro;ICTSI;03/12/2025 13:45;
9324837;NAVIOS VERMILION;Container Ship;UNKNOWN;UNKNOWN;Unknown;Santos;Cais da Santos Brasil (SSZ 16) - Privativo;29/11/2025 01:55;
9324837;NAVIOS VERMILION;Container Ship;UNKNOWN;UNKNOWN;Unknown;Santos;Cais da Santos Brasil (SSZ 16) - Privativo;17/11/2025 08:48;
9324837;NAVIOS VERMILION;Container Ship;UNKNOWN;UNKNOWN;Unknown;Santos;Cais da Santos Brasil (SSZ 16) - Privativo;11/07/2025 23:57;
9324837;NAVIOS VERMILION;Container Ship;UNKNOWN;UNKNOWN;Unknown;Santos;Cais da Santos Brasil (SSZ 16) - Privativo;01/07/2025 11:45;
9324837;NAVIOS VERMILION;Container Ship;UNKNOWN;UNKNOWN;Unknown;Santos;Cais da Santos Brasil (SSZ 16) - Privativo;01/09/2025 19:56;
9266243;CMA CGM JUBAIL;;CMA CGM;CMA CGM Group;Ocean Alliance;Rio de Janeiro;ICTSI;26/06/2025 18:40;1600.0
9595448;EVER LOYAL;;EVERGREEN;Evergreen;Ocean Alliance;Portonave - Terminais Portuários de Navegantes;Portonave - Terminais Portuários de Navegantes;04/05/2025 00:54;8508.0
9595448;EVER LOYAL;;EVERGREEN;Evergreen;Ocean Alliance;Santos;Cais da Santos Brasil (SSZ 16) - Privativo;26/10/2025 04:10;8508.0
9595448;EVER LOYAL;;EVERGREEN;Evergreen;Ocean Alliance;Portonave - Terminais Portuários de Navegantes;Portonave - Terminais Portuários de Navegantes;28/10/2025 12:36;8508.0
9595448;EVER LOYAL;;EVERGREEN;Evergreen;Ocean Alliance;Rio de Janeiro;ICTSI;22/10/2025 15:05;8508.0
9595448;EVER LOYAL;;EVERGREEN;Evergreen;Ocean Alliance;Santos;Cais da Santos Brasil (SSZ 16) - Privativo;11/11/2025 16:52;8508.0
9595448;EVER LOYAL;;EVERGREEN;Evergreen;Ocean Alliance;Paranaguá;TCP;09/11/2025 17:20;8508.0
9595448;EVER LOYAL;;EVERGREEN;Evergreen;Ocean Alliance;Portonave - Terminais Portuários de Navegantes;Portonave - Terminais Portuários de Navegantes;21/04/2025 22:30;8508.0
9595448;EVER LOYAL;;EVERGREEN;Evergreen;Ocean Alliance;Rio de Janeiro;ICTSI;16/04/2025 17:05;8508.0
9595448;EVER LOYAL;;EVERGREEN;Evergreen;Ocean Alliance;Santos;Cais da Santos Brasil (SSZ 16) - Privativo;18/04/2025 21:00;8508.0
9595448;EVER LOYAL;;EVERGREEN;Evergreen;Ocean Alliance;Santos;Cais da Santos Brasil (SSZ 16) - Privativo;07/05/2025 17:03;8508.0
9595448;EVER LOYAL;;EVERGREEN;Evergreen;Ocean Alliance;Paranaguá;TCP;04/05/2025 17:35;8508.0
9722675;CMA CGM NIAGARA;Container Ship;CMA CGM;CMA CGM Group;Ocean Alliance;Rio de Janeiro;ICTSI;23/04/2025 08:40;
9722675;CMA CGM NIAGARA;Container Ship;CMA CGM;CMA CGM Group;Ocean Alliance;Portonave - Terminais Portuários de Navegantes;Portonave - Terminais Portuários de Navegantes;27/04/2025 19:28;
9722675;CMA CGM NIAGARA;Container Ship;CMA CGM;CMA CGM Group;Ocean Alliance;Portonave - Terminais Portuários de Navegantes;Portonave - Terminais Portuários de Navegantes;10/08/2025 03:36;
9722675;CMA CGM NIAGARA;Container Ship;CMA CGM;CMA CGM Group;Ocean Alliance;Santos;Cais da Santos Brasil (SSZ 16) - Privativo;04/08/2025 04:34;
9722675;CMA CGM NIAGARA;Container Ship;CMA CGM;CMA CGM Group;Ocean Alliance;Santos;Cais da Santos Brasil (SSZ 16) - Privativo;07/11/2025 06:58;
9722675;CMA CGM NIAGARA;Container Ship;CMA CGM;CMA CGM Group;Ocean Alliance;Paranaguá;TCP;08/05/2025 06:49;
9722675;CMA CGM NIAGARA;Container Ship;CMA CGM;CMA CGM Group;Ocean Alliance;Santos;Cais da Santos Brasil (SSZ 16) - Privativo;25/04/2025 08:18;
9722675;CMA CGM NIAGARA;Container Ship;CMA CGM;CMA CGM Group;Ocean Alliance;Paranaguá;TCP;25/11/2025 22:15;
9722675;CMA CGM NIAGARA;Container Ship;CMA CGM;CMA CGM Group;Ocean Alliance;Rio de Janeiro;ICTSI;07/08/2025 18:05;
9722675;CMA CGM NIAGARA;Container Ship;CMA CGM;CMA CGM Group;Ocean Alliance;Paranaguá;TCP;25/08/2025 11:00;
9722675;CMA CGM NIAGARA;Container Ship;CMA CGM;CMA CGM Group;Ocean Alliance;Portonave - Terminais Portuários de Navegantes;Portonave - Terminais Portuários de Navegantes;11/11/2025 09:12;
9722675;CMA CGM NIAGARA;Container Ship;CMA CGM;CMA CGM Group;Ocean Alliance;Rio de Janeiro;ICTSI;05/11/2025 17:10;
9722675;CMA CGM NIAGARA;Container Ship;CMA CGM;CMA CGM Group;Ocean Alliance;Santos;Cais da Santos Brasil (SSZ 16) - Privativo;10/05/2025 16:57;
9337664;NYK DEMETER;Container Ship;UNKNOWN;UNKNOWN;Unknown;Rio de Janeiro;ICTSI;05/05/2025 06:25;
9337664;NYK DEMETER;Container Ship;UNKNOWN;UNKNOWN;Unknown;Santos;Cais da Santos Brasil (SSZ 16) - Privativo;23/06/2025 16:00;
9337664;NYK DEMETER;Container Ship;UNKNOWN;UNKNOWN;Unknown;Rio de Janeiro;ICTSI;07/07/2025 03:05;
9337664;NYK DEMETER;Container Ship;UNKNOWN;UNKNOWN;Unknown;Paranaguá;TCP;02/05/2025 03:14;
9337664;NYK DEMETER;Container Ship;UNKNOWN;UNKNOWN;Unknown;Paranaguá;TCP;25/06/2025 16:30;
9337664;NYK DEMETER;Container Ship;UNKNOWN;UNKNOWN;Unknown;Santos;Cais da Santos Brasil (SSZ 16) - Privativo;05/07/2025 16:21;
9526942;MAERSK LAGUNA;Container Ship;MAERSK;Maersk Group;Gemini Cooperation;Santos;Cais da BTP (SSZ 41) - Privativo;23/08/2025 14:55;
9526942;MAERSK LAGUNA;Container Ship;MAERSK;Maersk Group;Gemini Cooperation;Santos;Cais da BTP (SSZ 41) - Privativo;21/12/2025 11:52;
9526942;MAERSK LAGUNA;Container Ship;MAERSK;Maersk Group;Gemini Cooperation;Paranaguá;TCP;07/10/2025 12:48;
9526942;MAERSK LAGUNA;Container Ship;MAERSK;Maersk Group;Gemini Cooperation;Paranaguá;TCP;18/05/2025 14:08;
9526942;MAERSK LAGUNA;Container Ship;MAERSK;Maersk Group;Gemini Cooperation;Paranaguá;TCP;08/12/2025 19:27;
9526942;MAERSK LAGUNA;Container Ship;MAERSK;Maersk Group;Gemini Cooperation;Paranaguá;TCP;19/12/2025 10:37;
9526942;MAERSK LAGUNA;Container Ship;MAERSK;Maersk Group;Gemini Cooperation;Santos;Cais da BTP (SSZ 41) - Privativo;06/12/2025 20:15;
9526942;MAERSK LAGUNA;Container Ship;MAERSK;Maersk Group;Gemini Cooperation;Paranaguá;TCP;18/08/2025 13:35;
9526942;MAERSK LAGUNA;Container Ship;MAERSK;Maersk Group;Gemini Cooperation;Santos;Cais da BTP (SSZ 41) - Privativo;21/10/2025 00:35;
9526942;MAERSK LAGUNA;Container Ship;MAERSK;Maersk Group;Gemini Cooperation;Santos;Cais da BTP (SSZ 41) - Privativo;04/10/2025 20:57;
9526942;MAERSK LAGUNA;Container Ship;MAERSK;Maersk Group;Gemini Cooperation;Rio Grande;Cais Tecon Rio Grande S.A.;14/10/2025 17:50;
9526942;MAERSK LAGUNA;Container Ship;MAERSK;Maersk Group;Gemini Cooperation;Paranaguá;TCP;18/10/2025 10:22;
9330068;MSC SURABAYA VIII;Container Ship;MSC;MSC;MSC (standalone);Rio de Janeiro;Multi-Rio;19/08/2025 13:30;
9330068;MSC SURABAYA VIII;Container Ship;MSC;MSC;MSC (standalone);Paranaguá;TCP;06/05/2025 01:35;
9330068;MSC SURABAYA VIII;Container Ship;MSC;MSC;MSC (standalone);Paranaguá;TCP;16/09/2025 17:50;
9330068;MSC SURABAYA VIII;Container Ship;MSC;MSC;MSC (standalone);Rio de Janeiro;Multi-Rio;22/09/2025 18:05;
9330068;MSC SURABAYA VIII;Container Ship;MSC;MSC;MSC (standalone);Rio de Janeiro;Multi-Rio;29/04/2025 15:55;
9330068;MSC SURABAYA VIII;Container Ship;MSC;MSC;MSC (standalone);Santos;Cais da BTP (SSZ 41) - Privativo;19/05/2025 13:40;
9330068;MSC SURABAYA VIII;Container Ship;MSC;MSC;MSC (standalone);Santos;Cais da Santos Brasil (SSZ 16) - Privativo;01/05/2025 13:04;
9330068;MSC SURABAYA VIII;Container Ship;MSC;MSC;MSC (standalone);Santos;Cais da Santos Brasil (SSZ 16) - Privativo;27/08/2025 13:08;
9330068;MSC SURABAYA VIII;Container Ship;MSC;MSC;MSC (standalone);Santos;Cais da BTP (SSZ 41) - Privativo;26/09/2025 16:25;
9330068;MSC SURABAYA VIII;Container Ship;MSC;MSC;MSC (standalone);Itajaí;Cais Arrendado Transitoriamente;29/08/2025 16:37;
9330068;MSC SURABAYA VIII;Container Ship;MSC;MSC;MSC (standalone);Itajaí;Cais Arrendado Transitoriamente;06/05/2025 23:30;
9936525;ZIM BANGKOK;Container Ship;ZIM;ZIM;Non-aligned;Paranaguá;TCP;11/05/2025 16:50;
9565338;GSL ROSSI;Container Ship;UNKNOWN;UNKNOWN;Unknown;Rio de Janeiro;ICTSI;03/10/2025 11:50;
9565338;GSL ROSSI;Container Ship;UNKNOWN;UNKNOWN;Unknown;Paranaguá;TCP;29/09/2025 06:25;
9565338;GSL ROSSI;Container Ship;UNKNOWN;UNKNOWN;Unknown;Rio de Janeiro;ICTSI;31/07/2025 16:00;
9565338;GSL ROSSI;Container Ship;UNKNOWN;UNKNOWN;Unknown;Santos;Cais da Santos Brasil (SSZ 16) - Privativo;01/10/2025 01:27;
9565338;GSL ROSSI;Container Ship;UNKNOWN;UNKNOWN;Unknown;Santos;Cais da Santos Brasil (SSZ 16) - Privativo;22/07/2025 09:05;
9565338;GSL ROSSI;Container Ship;UNKNOWN;UNKNOWN;Unknown;Santos;Cais da Santos Brasil (SSZ 16) - Privativo;20/05/2025 11:07;
9565338;GSL ROSSI;Container Ship;UNKNOWN;UNKNOWN;Unknown;Santos;Cais da Santos Brasil (SSZ 16) - Privativo;11/07/2025 18:40;
9637155;HMM PLATINUM;Container Ship;HMM;HMM;Premier Alliance;Portonave - Terminais Portuários de Navegantes;Portonave - Terminais Portuários de Navegantes;13/05/2025 20:24;
9637155;HMM PLATINUM;Container Ship;HMM;HMM;Premier Alliance;Portonave - Terminais Portuários de Navegantes;Portonave - Terminais Portuários de Navegantes;05/08/2025 15:36;
9637155;HMM PLATINUM;Container Ship;HMM;HMM;Premier Alliance;Paranaguá;TCP;03/08/2025 19:25;
9153862;EPAMINONDAS;Container Ship;UNKNOWN;UNKNOWN;Unknown;Rio Grande;Cais Tecon Rio Grande S.A.;10/05/2025 19:40;
9153862;EPAMINONDAS;Container Ship;UNKNOWN;UNKNOWN;Unknown;Rio de Janeiro;Multi-Rio;18/07/2025 13:00;
9153862;EPAMINONDAS;Container Ship;UNKNOWN;UNKNOWN;Unknown;Santos;Cais da BTP (SSZ 41) - Privativo;01/05/2025 14:15;
9153862;EPAMINONDAS;Container Ship;UNKNOWN;UNKNOWN;Unknown;Santos;Cais da BTP (SSZ 41) - Privativo;15/05/2025 11:45;
9153862;EPAMINONDAS;Container Ship;UNKNOWN;UNKNOWN;Unknown;Rio de Janeiro;Multi-Rio;17/05/2025 15:30;
9153862;EPAMINONDAS;Container Ship;UNKNOWN;UNKNOWN;Unknown;Paranaguá;TCP;14/05/2025 02:15;
9153862;EPAMINONDAS;Container Ship;UNKNOWN;UNKNOWN;Unknown;Itajaí;Cais Arrendado Transitoriamente;12/05/2025 18:38;
9153862;EPAMINONDAS;Container Ship;UNKNOWN;UNKNOWN;Unknown;Rio de Janeiro;Multi-Rio;08/08/2025 11:55;
9153862;EPAMINONDAS;Container Ship;UNKNOWN;UNKNOWN;Unknown;Itajaí;Cais Arrendado Transitoriamente;01/08/2025 19:39;
9153862;EPAMINONDAS;Container Ship;UNKNOWN;UNKNOWN;Unknown;Salvador;TECON;21/05/2025 10:25;
9153862;EPAMINONDAS;Container Ship;UNKNOWN;UNKNOWN;Unknown;Portonave - Terminais Portuários de Navegantes;Portonave - Terminais Portuários de Navegantes;29/04/2025 08:24;
9153862;EPAMINONDAS;Container Ship;UNKNOWN;UNKNOWN;Unknown;Santos;Cais da BTP (SSZ 41) - Privativo;05/08/2025 14:38;
9153862;EPAMINONDAS;Container Ship;UNKNOWN;UNKNOWN;Unknown;Salvador;TECON;11/08/2025 15:00;
9720512;MSC MICHELA;Container Ship;MSC;MSC;MSC (standalone);Paranaguá;TCP;16/05/2025 19:15;
9720512;MSC MICHELA;Container Ship;MSC;MSC;MSC (standalone);Santos;Cais da Santos Brasil (SSZ 16) - Privativo;03/12/2025 00:44;
9720512;MSC MICHELA;Container Ship;MSC;MSC;MSC (standalone);Itajaí;Cais Arrendado Transitoriamente;01/05/2025 07:47;
9720512;MSC MICHELA;Container Ship;MSC;MSC;MSC (standalone);Itajaí;Cais Arrendado Transitoriamente;14/05/2025 23:47;
9720512;MSC MICHELA;Container Ship;MSC;MSC;MSC (standalone);Paranaguá;TCP;29/04/2025 09:50;
9720512;MSC MICHELA;Container Ship;MSC;MSC;MSC (standalone);Santos;Cais da Santos Brasil (SSZ 16) - Privativo;27/04/2025 00:05;
9720512;MSC MICHELA;Container Ship;MSC;MSC;MSC (standalone);Rio de Janeiro;Multi-Rio;30/11/2025 10:10;
9720512;MSC MICHELA;Container Ship;MSC;MSC;MSC (standalone);Paranaguá;TCP;06/12/2025 22:45;
9720512;MSC MICHELA;Container Ship;MSC;MSC;MSC (standalone);Paranaguá;TCP;30/12/2025 05:30;
9720512;MSC MICHELA;Container Ship;MSC;MSC;MSC (standalone);Rio de Janeiro;Multi-Rio;21/05/2025 18:10;
9720512;MSC MICHELA;Container Ship;MSC;MSC;MSC (standalone);Rio de Janeiro;Multi-Rio;24/04/2025 09:35;
9720512;MSC MICHELA;Container Ship;MSC;MSC;MSC (standalone);Rio Grande;Cais Tecon Rio Grande S.A.;12/05/2025 19:30;
9720512;MSC MICHELA;Container Ship;MSC;MSC;MSC (standalone);Itajaí;Cais Arrendado Transitoriamente;16/12/2025 14:30;
9243162;VELIKA;Container Ship;UNKNOWN;UNKNOWN;Unknown;Rio Grande;Cais Tecon Rio Grande S.A.;05/04/2025 12:45;
9243162;VELIKA;Container Ship;UNKNOWN;UNKNOWN;Unknown;Itajaí;Cais Arrendado Transitoriamente;08/10/2025 00:47;
9243162;VELIKA;Container Ship;UNKNOWN;UNKNOWN;Unknown;Santos;Cais da Santos Brasil (SSZ 16) - Privativo;22/08/2025 18:00;
9243162;VELIKA;Container Ship;UNKNOWN;UNKNOWN;Unknown;Itajaí;Cais Arrendado Transitoriamente;14/04/2025 22:05;
9243162;VELIKA;Container Ship;UNKNOWN;UNKNOWN;Unknown;Paranaguá;TCP;30/06/2025 18:15;
9243162;VELIKA;Container Ship;UNKNOWN;UNKNOWN;Unknown;Santos;Cais da Santos Brasil (SSZ 16) - Privativo;30/05/2025 02:45;
9243162;VELIKA;Container Ship;UNKNOWN;UNKNOWN;Unknown;Paranaguá;TCP;06/10/2025 16:30;
9243162;VELIKA;Container Ship;UNKNOWN;UNKNOWN;Unknown;Paranaguá;TCP;13/04/2025 22:50;
9243162;VELIKA;Container Ship;UNKNOWN;UNKNOWN;Unknown;Paranaguá;TCP;19/05/2025 00:40;
9243162;VELIKA;Container Ship;UNKNOWN;UNKNOWN;Unknown;Santos;Cais da Santos Brasil (SSZ 16) - Privativo;17/04/2025 14:55;
9243162;VELIKA;Container Ship;UNKNOWN;UNKNOWN;Unknown;Santos;Cais da Santos Brasil (SSZ 16) - Privativo;04/07/2025 21:37;
9243162;VELIKA;Container Ship;UNKNOWN;UNKNOWN;Unknown;Itajaí;Cais Arrendado Transitoriamente;19/05/2025 22:38;
9243162;VELIKA;Container Ship;UNKNOWN;UNKNOWN;Unknown;Itajaí;Cais Arrendado Transitoriamente;25/11/2025 09:20;
9243162;VELIKA;Container Ship;UNKNOWN;UNKNOWN;Unknown;Itajaí;Cais Arrendado Transitoriamente;17/08/2025 15:17;
9243162;VELIKA;Container Ship;UNKNOWN;UNKNOWN;Unknown;Itajaí;Cais Arrendado Transitoriamente;01/07/2025 16:15;
9793947;MSC SIYA B;Container Ship;MSC;MSC;MSC (standalone);Portonave - Terminais Portuários de Navegantes;Portonave - Terminais Portuários de Navegantes;21/08/2025 02:42;
9793947;MSC SIYA B;Container Ship;MSC;MSC;MSC (standalone);Paranaguá;TCP;11/12/2025 23:55;
9793947;MSC SIYA B;Container Ship;MSC;MSC;MSC (standalone);Santos;Cais da BTP (SSZ 41) - Privativo;15/05/2025 04:20;
9793947;MSC SIYA B;Container Ship;MSC;MSC;MSC (standalone);Paranaguá;TCP;09/09/2025 18:40;
9793947;MSC SIYA B;Container Ship;MSC;MSC;MSC (standalone);Portonave - Terminais Portuários de Navegantes;Portonave - Terminais Portuários de Navegantes;09/12/2025 12:48;
9793947;MSC SIYA B;Container Ship;MSC;MSC;MSC (standalone);Santos;Cais da BTP (SSZ 41) - Privativo;02/12/2025 03:35;
9793947;MSC SIYA B;Container Ship;MSC;MSC;MSC (standalone);Paranaguá;TCP;03/06/2025 15:45;
9793947;MSC SIYA B;Container Ship;MSC;MSC;MSC (standalone);Portonave - Terminais Portuários de Navegantes;Portonave - Terminais Portuários de Navegantes;22/05/2025 01:36;
9793947;MSC SIYA B;Container Ship;MSC;MSC;MSC (standalone);Portonave - Terminais Portuários de Navegantes;Portonave - Terminais Portuários de Navegantes;27/12/2025 17:24;
9793947;MSC SIYA B;Container Ship;MSC;MSC;MSC (standalone);Santos;Cais da BTP (SSZ 41) - Privativo;18/08/2025 15:35;
9793947;MSC SIYA B;Container Ship;MSC;MSC;MSC (standalone);Paranaguá;TCP;19/05/2025 13:15;
9793947;MSC SIYA B;Container Ship;MSC;MSC;MSC (standalone);Portonave - Terminais Portuários de Navegantes;Portonave - Terminais Portuários de Navegantes;11/09/2025 14:36;
9793947;MSC SIYA B;Container Ship;MSC;MSC;MSC (standalone);Santos;Cais da BTP (SSZ 41) - Privativo;05/06/2025 08:54;
9793947;MSC SIYA B;Container Ship;MSC;MSC;MSC (standalone);Portonave - Terminais Portuários de Navegantes;Portonave - Terminais Portuários de Navegantes;31/05/2025 23:59;
9793947;MSC SIYA B;Container Ship;MSC;MSC;MSC (standalone);Rio Grande;Cais Tecon Rio Grande S.A.;06/09/2025 17:20;
9793947;MSC SIYA B;Container Ship;MSC;MSC;MSC (standalone);Santos;Cais da BTP (SSZ 41) - Privativo;15/09/2025 18:30;
9951185;ADRASTOS;Container Ship;UNKNOWN;UNKNOWN;Unknown;Rio Grande;Cais Tecon Rio Grande S.A.;25/05/2025 00:20;
9951185;ADRASTOS;Container Ship;UNKNOWN;UNKNOWN;Unknown;Santos;Cais da Ecoporto (SSZ 35) - Privativo;22/05/2025 04:32;
9120853;MSC FIE X;Container Ship;MSC;MSC;MSC (standalone);Terminal Portuário do Pecém;Terminal Portuário do Pecém;16/05/2025 12:02;
9120853;MSC FIE X;Container Ship;MSC;MSC;MSC (standalone);Salvador;TECON Área 2;21/05/2025 08:10;
9120853;MSC FIE X;Container Ship;MSC;MSC;MSC (standalone);Terminal Portuário do Pecém;Terminal Portuário do Pecém;12/05/2025 17:36;
9256470;MSC QINGDAO;Container Ship;MSC;MSC;MSC (standalone);Paranaguá;TCP;19/07/2025 17:00;
9256470;MSC QINGDAO;Container Ship;MSC;MSC;MSC (standalone);Itajaí;Cais Arrendado Transitoriamente;23/04/2025 18:11;
9256470;MSC QINGDAO;Container Ship;MSC;MSC;MSC (standalone);Rio de Janeiro;Multi-Rio;23/07/2025 12:30;
9256470;MSC QINGDAO;Container Ship;MSC;MSC;MSC (standalone);Rio Grande;Cais Tecon Rio Grande S.A.;13/07/2025 00:30;
9256470;MSC QINGDAO;Container Ship;MSC;MSC;MSC (standalone);Itajaí;Cais Arrendado Transitoriamente;14/07/2025 20:00;
9256470;MSC QINGDAO;Container Ship;MSC;MSC;MSC (standalone);Santos;Cais da BTP (SSZ 41) - Privativo;21/07/2025 16:50;
9256470;MSC QINGDAO;Container Ship;MSC;MSC;MSC (standalone);Terminal Portuário do Pecém;Terminal Portuário do Pecém;06/04/2025 18:00;
9256470;MSC QINGDAO;Container Ship;MSC;MSC;MSC (standalone);Paranaguá;TCP;26/04/2025 02:30;
9256470;MSC QINGDAO;Container Ship;MSC;MSC;MSC (standalone);Santos;Cais da BTP (SSZ 41) - Privativo;01/07/2025 05:20;
9256470;MSC QINGDAO;Container Ship;MSC;MSC;MSC (standalone);Rio Grande;Cais Tecon Rio Grande S.A.;21/04/2025 01:10;
9256470;MSC QINGDAO;Container Ship;MSC;MSC;MSC (standalone);Salvador;TECON Área 2;26/07/2025 07:55;
9256470;MSC QINGDAO;Container Ship;MSC;MSC;MSC (standalone);Terminal Portuário do Pecém;Terminal Portuário do Pecém;07/04/2025 06:23;
9256470;MSC QINGDAO;Container Ship;MSC;MSC;MSC (standalone);Santos;Cais da BTP (SSZ 41) - Privativo;29/04/2025 08:15;
9256470;MSC QINGDAO;Container Ship;MSC;MSC;MSC (standalone);Salvador;TECON Área 2;02/05/2025 21:00;
9976238;SEATRADE COLOMBIA;Container Ship;UNKNOWN;UNKNOWN;Unknown;Santos;Cais da Ecoporto (SSZ 35) - Privativo;29/05/2025 05:00;
9976238;SEATRADE COLOMBIA;Container Ship;UNKNOWN;UNKNOWN;Unknown;Santos;Cais da Ecoporto (SSZ 35) - Privativo;20/04/2025 02:42;
9976238;SEATRADE COLOMBIA;Container Ship;UNKNOWN;UNKNOWN;Unknown;Rio Grande;Cais Tecon Rio Grande S.A.;14/04/2025 12:10;
9710438;MSC CHANNE;Container Ship;MSC;MSC;MSC (standalone);Salvador;TECON Área 2;10/06/2025 14:40;
9710438;MSC CHANNE;Container Ship;MSC;MSC;MSC (standalone);Santos;Cais da BTP (SSZ 41) - Privativo;06/06/2025 00:22;
9710438;MSC CHANNE;Container Ship;MSC;MSC;MSC (standalone);Portonave - Terminais Portuários de Navegantes;Portonave - Terminais Portuários de Navegantes;03/06/2025 13:42;
9710438;MSC CHANNE;Container Ship;MSC;MSC;MSC (standalone);Rio de Janeiro;Multi-Rio;07/06/2025 12:10;
9710438;MSC CHANNE;Container Ship;MSC;MSC;MSC (standalone);Paranaguá;TCP;04/06/2025 16:30;
9710438;MSC CHANNE;Container Ship;MSC;MSC;MSC (standalone);Rio Grande;Cais Tecon Rio Grande S.A.;31/05/2025 13:30;
9710438;MSC CHANNE;Container Ship;MSC;MSC;MSC (standalone);Rio de Janeiro;Multi-Rio;12/05/2025 23:25;
9710438;MSC CHANNE;Container Ship;MSC;MSC;MSC (standalone);Santos;Cais da BTP (SSZ 41) - Privativo;14/05/2025 09:10;
9704984;MSC NAOMI;Container Ship;MSC;MSC;MSC (standalone);Rio de Janeiro;Multi-Rio;12/12/2025 11:15;
9704984;MSC NAOMI;Container Ship;MSC;MSC;MSC (standalone);Santos;Cais da Santos Brasil (SSZ 16) - Privativo;14/12/2025 22:19;
9704984;MSC NAOMI;Container Ship;MSC;MSC;MSC (standalone);Paranaguá;TCP;17/12/2025 05:05;
9704984;MSC NAOMI;Container Ship;MSC;MSC;MSC (standalone);Itajaí;Cais Arrendado Transitoriamente;23/12/2025 17:32;
9968853;KOTA EBONY;Container Ship;PIL;PIL;Non-aligned;Santos;Cais da BTP (SSZ 41) - Privativo;23/07/2025 02:30;
9968853;KOTA EBONY;Container Ship;PIL;PIL;Non-aligned;Paranaguá;TCP;20/04/2025 05:15;
9968853;KOTA EBONY;Container Ship;PIL;PIL;Non-aligned;Paranaguá;TCP;11/11/2025 23:55;
9968853;KOTA EBONY;Container Ship;PIL;PIL;Non-aligned;Portonave - Terminais Portuários de Navegantes;Portonave - Terminais Portuários de Navegantes;08/04/2025 14:42;
9968853;KOTA EBONY;Container Ship;PIL;PIL;Non-aligned;Paranaguá;TCP;11/08/2025 23:30;
9968853;KOTA EBONY;Container Ship;PIL;PIL;Non-aligned;Itajaí;Cais Arrendado Transitoriamente;25/07/2025 16:05;
9968853;KOTA EBONY;Container Ship;PIL;PIL;Non-aligned;Santos;Cais da Santos Brasil (SSZ 16) - Privativo;06/04/2025 22:40;
9968853;KOTA EBONY;Container Ship;PIL;PIL;Non-aligned;Santos;Cais da Santos Brasil (SSZ 16) - Privativo;13/08/2025 21:23;
9968853;KOTA EBONY;Container Ship;PIL;PIL;Non-aligned;Rio de Janeiro;ICTSI;25/10/2025 10:35;
9968853;KOTA EBONY;Container Ship;PIL;PIL;Non-aligned;Portonave - Terminais Portuários de Navegantes;Portonave - Terminais Portuários de Navegantes;19/04/2025 09:42;
9968853;KOTA EBONY;Container Ship;PIL;PIL;Non-aligned;Santos;Cais da Santos Brasil (SSZ 16) - Privativo;23/04/2025 01:25;
9968853;KOTA EBONY;Container Ship;PIL;PIL;Non-aligned;Rio de Janeiro;ICTSI;03/04/2025 10:20;
9968853;KOTA EBONY;Container Ship;PIL;PIL;Non-aligned;Santos;Cais da Santos Brasil (SSZ 16) - Privativo;15/11/2025 07:30;
9968853;KOTA EBONY;Container Ship;PIL;PIL;Non-aligned;Portonave - Terminais Portuários de Navegantes;Portonave - Terminais Portuários de Navegantes;30/10/2025 16:00;
9785445;MSC CAROLE;Container Ship;MSC;MSC;MSC (standalone);Paranaguá;TCP;05/04/2025 13:20;
9785445;MSC CAROLE;Container Ship;MSC;MSC;MSC (standalone);Itajaí;Cais Arrendado Transitoriamente;06/04/2025 14:40;
9785445;MSC CAROLE;Container Ship;MSC;MSC;MSC (standalone);Rio de Janeiro;Multi-Rio;02/04/2025 10:30;
9785445;MSC CAROLE;Container Ship;MSC;MSC;MSC (standalone);Santos;Cais da Santos Brasil (SSZ 16) - Privativo;31/03/2025 17:30;
9406623;CMA CGM RABELAIS;;CMA CGM;CMA CGM Group;Ocean Alliance;Santos;Cais da Santos Brasil (SSZ 16) - Privativo;20/04/2025 07:24;6540.0
9406623;CMA CGM RABELAIS;;CMA CGM;CMA CGM Group;Ocean Alliance;Portonave - Terminais Portuários de Navegantes;Portonave - Terminais Portuários de Navegantes;25/04/2025 10:48;6540.0
9406623;CMA CGM RABELAIS;;CMA CGM;CMA CGM Group;Ocean Alliance;Santos;Cais da Santos Brasil (SSZ 16) - Privativo;28/09/2025 14:08;6540.0
9406623;CMA CGM RABELAIS;;CMA CGM;CMA CGM Group;Ocean Alliance;Santos;Cais da Santos Brasil (SSZ 16) - Privativo;27/09/2025 13:20;6540.0
9406623;CMA CGM RABELAIS;;CMA CGM;CMA CGM Group;Ocean Alliance;Santos;Cais da Santos Brasil (SSZ 16) - Privativo;12/07/2025 17:35;6540.0
9745653;MSC ROMANE;Container Ship;MSC;MSC;MSC (standalone);Portonave - Terminais Portuários de Navegantes;Portonave - Terminais Portuários de Navegantes;26/04/2025 07:42;
9745653;MSC ROMANE;Container Ship;MSC;MSC;MSC (standalone);Rio de Janeiro;Multi-Rio;20/04/2025 13:20;
9745653;MSC ROMANE;Container Ship;MSC;MSC;MSC (standalone);Santos;Cais da BTP (SSZ 41) - Privativo;23/04/2025 01:00;
9745653;MSC ROMANE;Container Ship;MSC;MSC;MSC (standalone);Rio de Janeiro;Multi-Rio;06/05/2025 04:05;
9710426;MSC ANZU;Container Ship;MSC;MSC;MSC (standalone);Santos;Cais da Santos Brasil (SSZ 16) - Privativo;16/04/2025 14:41;
9710426;MSC ANZU;Container Ship;MSC;MSC;MSC (standalone);Santos;Cais da BTP (SSZ 41) - Privativo;28/04/2025 14:05;
9710426;MSC ANZU;Container Ship;MSC;MSC;MSC (standalone);Santos;Cais da BTP (SSZ 41) - Privativo;29/06/2025 22:05;
9710426;MSC ANZU;Container Ship;MSC;MSC;MSC (standalone);Rio de Janeiro;Multi-Rio;03/07/2025 18:00;
9710426;MSC ANZU;Container Ship;MSC;MSC;MSC (standalone);Santos;Cais da Santos Brasil (SSZ 16) - Privativo;18/06/2025 10:30;
9710426;MSC ANZU;Container Ship;MSC;MSC;MSC (standalone);Portonave - Terminais Portuários de Navegantes;Portonave - Terminais Portuários de Navegantes;16/12/2025 02:54;
9710426;MSC ANZU;Container Ship;MSC;MSC;MSC (standalone);Santos;Cais da Santos Brasil (SSZ 16) - Privativo;27/11/2025 03:30;
9710426;MSC ANZU;Container Ship;MSC;MSC;MSC (standalone);Paranaguá;TCP;19/04/2025 02:50;
9710426;MSC ANZU;Container Ship;MSC;MSC;MSC (standalone);Rio de Janeiro;Multi-Rio;14/04/2025 19:25;
9710426;MSC ANZU;Container Ship;MSC;MSC;MSC (standalone);Itajaí;Cais Arrendado Transitoriamente;15/12/2025 01:04;
9710426;MSC ANZU;Container Ship;MSC;MSC;MSC (standalone);Paranaguá;TCP;23/12/2025 03:20;
9710426;MSC ANZU;Container Ship;MSC;MSC;MSC (standalone);Rio de Janeiro;Multi-Rio;16/06/2025 12:10;
9710426;MSC ANZU;Container Ship;MSC;MSC;MSC (standalone);Rio de Janeiro;Multi-Rio;28/11/2025 23:55;
9710426;MSC ANZU;Container Ship;MSC;MSC;MSC (standalone);Paranaguá;TCP;20/06/2025 02:30;
9710426;MSC ANZU;Container Ship;MSC;MSC;MSC (standalone);Portonave - Terminais Portuários de Navegantes;Portonave - Terminais Portuários de Navegantes;27/04/2025 02:00;
9710426;MSC ANZU;Container Ship;MSC;MSC;MSC (standalone);Rio de Janeiro;Multi-Rio;30/04/2025 17:00;
9710426;MSC ANZU;Container Ship;MSC;MSC;MSC (standalone);Santos;Cais da BTP (SSZ 41) - Privativo;25/12/2025 09:12;
9710426;MSC ANZU;Container Ship;MSC;MSC;MSC (standalone);Portonave - Terminais Portuários de Navegantes;Portonave - Terminais Portuários de Navegantes;24/06/2025 14:00;
9687526;COPIAPO;Container Ship;UNKNOWN;UNKNOWN;Unknown;Paranaguá;TCP;19/12/2025 02:00;
9687526;COPIAPO;Container Ship;UNKNOWN;UNKNOWN;Unknown;Santos;Cais da Santos Brasil (SSZ 16) - Privativo;17/12/2025 10:05;
9687526;COPIAPO;Container Ship;UNKNOWN;UNKNOWN;Unknown;Santos;Cais da BTP (SSZ 41) - Privativo;22/04/2025 07:14;
9687526;COPIAPO;Container Ship;UNKNOWN;UNKNOWN;Unknown;Paranaguá;TCP;14/06/2025 04:10;
9687526;COPIAPO;Container Ship;UNKNOWN;UNKNOWN;Unknown;Paranaguá;TCP;23/08/2025 16:40;
9687526;COPIAPO;Container Ship;UNKNOWN;UNKNOWN;Unknown;Santos;Cais da Santos Brasil (SSZ 16) - Privativo;15/10/2025 23:00;
9687526;COPIAPO;Container Ship;UNKNOWN;UNKNOWN;Unknown;Rio de Janeiro;Multi-Rio;15/08/2025 09:50;
9687526;COPIAPO;Container Ship;UNKNOWN;UNKNOWN;Unknown;Rio de Janeiro;Multi-Rio;01/09/2025 07:40;
9687526;COPIAPO;Container Ship;UNKNOWN;UNKNOWN;Unknown;Rio de Janeiro;Multi-Rio;26/06/2025 09:45;
9687526;COPIAPO;Container Ship;UNKNOWN;UNKNOWN;Unknown;Portonave - Terminais Portuários de Navegantes;Portonave - Terminais Portuários de Navegantes;23/06/2025 10:12;
9687526;COPIAPO;Container Ship;UNKNOWN;UNKNOWN;Unknown;Rio de Janeiro;Multi-Rio;23/04/2025 18:45;
9687526;COPIAPO;Container Ship;UNKNOWN;UNKNOWN;Unknown;Portonave - Terminais Portuários de Navegantes;Portonave - Terminais Portuários de Navegantes;25/10/2025 14:30;
9687526;COPIAPO;Container Ship;UNKNOWN;UNKNOWN;Unknown;Rio de Janeiro;Multi-Rio;30/10/2025 14:40;
9687526;COPIAPO;Container Ship;UNKNOWN;UNKNOWN;Unknown;Rio de Janeiro;Multi-Rio;12/10/2025 23:30;
9687526;COPIAPO;Container Ship;UNKNOWN;UNKNOWN;Unknown;Rio de Janeiro;Multi-Rio;15/12/2025 15:45;
9687526;COPIAPO;Container Ship;UNKNOWN;UNKNOWN;Unknown;Rio de Janeiro;Multi-Rio;08/04/2025 00:20;
9687526;COPIAPO;Container Ship;UNKNOWN;UNKNOWN;Unknown;Santos;Cais da BTP (SSZ 41) - Privativo;29/08/2025 15:48;
9687526;COPIAPO;Container Ship;UNKNOWN;UNKNOWN;Unknown;Paranaguá;TCP;24/10/2025 06:35;
9687526;COPIAPO;Container Ship;UNKNOWN;UNKNOWN;Unknown;Terminal Portuário do Pecém;Terminal Portuário do Pecém;05/11/2025 07:41;
9687526;COPIAPO;Container Ship;UNKNOWN;UNKNOWN;Unknown;Santos;Cais da BTP (SSZ 41) - Privativo;27/10/2025 09:00;
9687526;COPIAPO;Container Ship;UNKNOWN;UNKNOWN;Unknown;Rio de Janeiro;Multi-Rio;09/06/2025 16:00;
9687526;COPIAPO;Container Ship;UNKNOWN;UNKNOWN;Unknown;Paranaguá;TCP;10/04/2025 20:05;
9687526;COPIAPO;Container Ship;UNKNOWN;UNKNOWN;Unknown;Santos;Cais da BTP (SSZ 41) - Privativo;24/06/2025 10:05;
9687526;COPIAPO;Container Ship;UNKNOWN;UNKNOWN;Unknown;Santos;Cais da Santos Brasil (SSZ 16) - Privativo;11/06/2025 13:15;
9687526;COPIAPO;Container Ship;UNKNOWN;UNKNOWN;Unknown;Santos;Cais da Santos Brasil (SSZ 16) - Privativo;09/04/2025 08:20;
9687526;COPIAPO;Container Ship;UNKNOWN;UNKNOWN;Unknown;Portonave - Terminais Portuários de Navegantes;Portonave - Terminais Portuários de Navegantes;26/08/2025 09:24;
9437385;LONCOMILLA;Container Ship;UNKNOWN;UNKNOWN;Unknown;Rio de Janeiro;ICTSI;12/09/2025 09:55;
9437385;LONCOMILLA;Container Ship;UNKNOWN;UNKNOWN;Unknown;Rio de Janeiro;ICTSI;20/11/2025 09:05;
9437385;LONCOMILLA;Container Ship;UNKNOWN;UNKNOWN;Unknown;Paranaguá;TCP;12/11/2025 10:35;
9437385;LONCOMILLA;Container Ship;UNKNOWN;UNKNOWN;Unknown;Itajaí;Cais Arrendado Transitoriamente;15/04/2025 15:10;
9437385;LONCOMILLA;Container Ship;UNKNOWN;UNKNOWN;Unknown;Rio de Janeiro;ICTSI;06/07/2025 02:00;
9437385;LONCOMILLA;Container Ship;UNKNOWN;UNKNOWN;Unknown;Santos;Cais da Santos Brasil (SSZ 16) - Privativo;10/09/2025 11:25;
9437385;LONCOMILLA;Container Ship;UNKNOWN;UNKNOWN;Unknown;Santos;Cais da Santos Brasil (SSZ 16) - Privativo;28/08/2025 23:07;
9437385;LONCOMILLA;Container Ship;UNKNOWN;UNKNOWN;Unknown;Santos;Cais da Santos Brasil (SSZ 16) - Privativo;28/04/2025 19:07;
9437385;LONCOMILLA;Container Ship;UNKNOWN;UNKNOWN;Unknown;Santos;Cais da Santos Brasil (SSZ 16) - Privativo;02/07/2025 16:25;
9437385;LONCOMILLA;Container Ship;UNKNOWN;UNKNOWN;Unknown;Santos;Cais da Santos Brasil (SSZ 16) - Privativo;10/04/2025 23:59;
9437385;LONCOMILLA;Container Ship;UNKNOWN;UNKNOWN;Unknown;Santos;Cais da Santos Brasil (SSZ 16) - Privativo;20/06/2025 00:17;
9437385;LONCOMILLA;Container Ship;UNKNOWN;UNKNOWN;Unknown;Santos;Cais da Santos Brasil (SSZ 16) - Privativo;18/11/2025 11:00;
9437385;LONCOMILLA;Container Ship;UNKNOWN;UNKNOWN;Unknown;Santos;Cais da Santos Brasil (SSZ 16) - Privativo;31/10/2025 18:21;
9975583;MSC LE HAVRE;Container Ship;MSC;MSC;MSC (standalone);Itajaí;Cais Arrendado Transitoriamente;11/06/2025 10:58;
9975583;MSC LE HAVRE;Container Ship;MSC;MSC;MSC (standalone);Itajaí;Cais Arrendado Transitoriamente;01/06/2025 01:35;
9975583;MSC LE HAVRE;Container Ship;MSC;MSC;MSC (standalone);Paranaguá;TCP;30/05/2025 19:55;
9975583;MSC LE HAVRE;Container Ship;MSC;MSC;MSC (standalone);Santos;Cais da BTP (SSZ 41) - Privativo;13/06/2025 02:00;
9975583;MSC LE HAVRE;Container Ship;MSC;MSC;MSC (standalone);Rio Grande;Cais Tecon Rio Grande S.A.;10/06/2025 03:40;
9975583;MSC LE HAVRE;Container Ship;MSC;MSC;MSC (standalone);Santos;Cais da Santos Brasil (SSZ 16) - Privativo;29/05/2025 03:50;
9975583;MSC LE HAVRE;Container Ship;MSC;MSC;MSC (standalone);Rio de Janeiro;Multi-Rio;22/05/2025 08:10;
9850800;EVER FAME;Container Ship;EVERGREEN;Evergreen;Ocean Alliance;Santos;Cais da Santos Brasil (SSZ 16) - Privativo;21/09/2025 13:30;
9850800;EVER FAME;Container Ship;EVERGREEN;Evergreen;Ocean Alliance;Portonave - Terminais Portuários de Navegantes;Portonave - Terminais Portuários de Navegantes;13/06/2025 17:12;
9850800;EVER FAME;Container Ship;EVERGREEN;Evergreen;Ocean Alliance;Rio de Janeiro;ICTSI;21/12/2025 09:45;
9850800;EVER FAME;Container Ship;EVERGREEN;Evergreen;Ocean Alliance;Paranaguá;TCP;05/10/2025 15:35;
9850800;EVER FAME;Container Ship;EVERGREEN;Evergreen;Ocean Alliance;Santos;Cais da Santos Brasil (SSZ 16) - Privativo;08/10/2025 20:00;
9850800;EVER FAME;Container Ship;EVERGREEN;Evergreen;Ocean Alliance;Santos;Cais da Santos Brasil (SSZ 16) - Privativo;09/07/2025 12:25;
9850800;EVER FAME;Container Ship;EVERGREEN;Evergreen;Ocean Alliance;Santos;Cais da Santos Brasil (SSZ 16) - Privativo;22/12/2025 23:01;
9850800;EVER FAME;Container Ship;EVERGREEN;Evergreen;Ocean Alliance;Portonave - Terminais Portuários de Navegantes;Portonave - Terminais Portuários de Navegantes;23/09/2025 10:42;
9850800;EVER FAME;Container Ship;EVERGREEN;Evergreen;Ocean Alliance;Rio de Janeiro;ICTSI;04/06/2025 17:50;
9850800;EVER FAME;Container Ship;EVERGREEN;Evergreen;Ocean Alliance;Portonave - Terminais Portuários de Navegantes;Portonave - Terminais Portuários de Navegantes;26/12/2025 08:36;
9850800;EVER FAME;Container Ship;EVERGREEN;Evergreen;Ocean Alliance;Santos;Cais da Santos Brasil (SSZ 16) - Privativo;08/06/2025 03:45;
9850800;EVER FAME;Container Ship;EVERGREEN;Evergreen;Ocean Alliance;Portonave - Terminais Portuários de Navegantes;Portonave - Terminais Portuários de Navegantes;23/06/2025 20:42;
9850800;EVER FAME;Container Ship;EVERGREEN;Evergreen;Ocean Alliance;Paranaguá;TCP;28/06/2025 15:00;
9850800;EVER FAME;Container Ship;EVERGREEN;Evergreen;Ocean Alliance;Rio de Janeiro;ICTSI;17/09/2025 17:00;
9969998;CATHERINE C;Container Ship;UNKNOWN;UNKNOWN;Unknown;Rio de Janeiro;Multi-Rio;10/06/2025 06:50;
9969998;CATHERINE C;Container Ship;UNKNOWN;UNKNOWN;Unknown;Portonave - Terminais Portuários de Navegantes;Portonave - Terminais Portuários de Navegantes;02/07/2025 14:12;
9969998;CATHERINE C;Container Ship;UNKNOWN;UNKNOWN;Unknown;Santos;Cais da BTP (SSZ 41) - Privativo;08/07/2025 07:45;
9969998;CATHERINE C;Container Ship;UNKNOWN;UNKNOWN;Unknown;Rio Grande;Cais Tecon Rio Grande S.A.;14/09/2025 19:15;
9969998;CATHERINE C;Container Ship;UNKNOWN;UNKNOWN;Unknown;Itajaí;Cais Arrendado Transitoriamente;20/11/2025 06:48;
9969998;CATHERINE C;Container Ship;UNKNOWN;UNKNOWN;Unknown;Rio de Janeiro;Multi-Rio;13/12/2025 19:20;
9969998;CATHERINE C;Container Ship;UNKNOWN;UNKNOWN;Unknown;Rio de Janeiro;Multi-Rio;02/09/2025 09:10;
9969998;CATHERINE C;Container Ship;UNKNOWN;UNKNOWN;Unknown;Paranaguá;TCP;06/07/2025 12:00;
9969998;CATHERINE C;Container Ship;UNKNOWN;UNKNOWN;Unknown;Rio de Janeiro;Multi-Rio;25/09/2025 11:50;
9969998;CATHERINE C;Container Ship;UNKNOWN;UNKNOWN;Unknown;Salvador;TECON Área 2;14/07/2025 10:40;
9969998;CATHERINE C;Container Ship;UNKNOWN;UNKNOWN;Unknown;Santos;Cais da BTP (SSZ 41) - Privativo;12/06/2025 11:10;
9969998;CATHERINE C;Container Ship;UNKNOWN;UNKNOWN;Unknown;Rio de Janeiro;Multi-Rio;11/07/2025 11:50;
9969998;CATHERINE C;Container Ship;UNKNOWN;UNKNOWN;Unknown;Rio Grande;Cais Tecon Rio Grande S.A.;28/06/2025 11:20;
9969998;CATHERINE C;Container Ship;UNKNOWN;UNKNOWN;Unknown;Itajaí;Cais Arrendado Transitoriamente;19/09/2025 20:55;
9969998;CATHERINE C;Container Ship;UNKNOWN;UNKNOWN;Unknown;Santos;Cais da BTP (SSZ 41) - Privativo;23/09/2025 22:34;
9969998;CATHERINE C;Container Ship;UNKNOWN;UNKNOWN;Unknown;Santos;Cais da BTP (SSZ 41) - Privativo;11/12/2025 20:47;
9969998;CATHERINE C;Container Ship;UNKNOWN;UNKNOWN;Unknown;Salvador;TECON;30/09/2025 17:55;
9969998;CATHERINE C;Container Ship;UNKNOWN;UNKNOWN;Unknown;Santos;Cais da BTP (SSZ 41) - Privativo;19/11/2025 00:52;
9969998;CATHERINE C;Container Ship;UNKNOWN;UNKNOWN;Unknown;Rio Grande;Cais Tecon Rio Grande S.A.;01/12/2025 21:15;
9250983;MSC DAMLA;Container Ship;MSC;MSC;MSC (standalone);Itajaí;Cais Arrendado Transitoriamente;02/06/2025 21:41;
9250983;MSC DAMLA;Container Ship;MSC;MSC;MSC (standalone);Santos;Cais da BTP (SSZ 41) - Privativo;08/06/2025 17:25;
9250983;MSC DAMLA;Container Ship;MSC;MSC;MSC (standalone);Santos;Cais da BTP (SSZ 41) - Privativo;19/11/2025 19:02;
9250983;MSC DAMLA;Container Ship;MSC;MSC;MSC (standalone);Rio Grande;Cais Tecon Rio Grande S.A.;01/06/2025 09:30;
9250983;MSC DAMLA;Container Ship;MSC;MSC;MSC (standalone);Rio Grande;Cais Tecon Rio Grande S.A.;23/08/2025 11:50;
9250983;MSC DAMLA;Container Ship;MSC;MSC;MSC (standalone);Santos;Cais da Santos Brasil (SSZ 16) - Privativo;19/05/2025 18:30;
9250983;MSC DAMLA;Container Ship;MSC;MSC;MSC (standalone);Rio de Janeiro;Multi-Rio;16/05/2025 18:10;
9250983;MSC DAMLA;Container Ship;MSC;MSC;MSC (standalone);Salvador;TECON;15/06/2025 20:00;
9250983;MSC DAMLA;Container Ship;MSC;MSC;MSC (standalone);Rio de Janeiro;Multi-Rio;12/06/2025 12:30;
9250983;MSC DAMLA;Container Ship;MSC;MSC;MSC (standalone);Itajaí;Cais Arrendado Transitoriamente;14/11/2025 23:05;
9250983;MSC DAMLA;Container Ship;MSC;MSC;MSC (standalone);Itajaí;Cais Arrendado Transitoriamente;25/08/2025 01:41;
9250983;MSC DAMLA;Container Ship;MSC;MSC;MSC (standalone);Santos;Cais da BTP (SSZ 41) - Privativo;29/07/2025 14:46;
9250983;MSC DAMLA;Container Ship;MSC;MSC;MSC (standalone);Itajaí;Cais Arrendado Transitoriamente;21/05/2025 03:46;
9250983;MSC DAMLA;Container Ship;MSC;MSC;MSC (standalone);Salvador;TECON;24/11/2025 13:30;
9250983;MSC DAMLA;Container Ship;MSC;MSC;MSC (standalone);Salvador;TECON;03/09/2025 02:10;
9250983;MSC DAMLA;Container Ship;MSC;MSC;MSC (standalone);Santos;Cais da BTP (SSZ 41) - Privativo;28/10/2025 15:45;
9250983;MSC DAMLA;Container Ship;MSC;MSC;MSC (standalone);Rio de Janeiro;Multi-Rio;30/08/2025 15:30;
9250983;MSC DAMLA;Container Ship;MSC;MSC;MSC (standalone);Paranaguá;TCP;04/06/2025 03:05;
9250983;MSC DAMLA;Container Ship;MSC;MSC;MSC (standalone);Portonave - Terminais Portuários de Navegantes;Portonave - Terminais Portuários de Navegantes;31/10/2025 23:00;
9250983;MSC DAMLA;Container Ship;MSC;MSC;MSC (standalone);Santos;Cais da BTP (SSZ 41) - Privativo;28/08/2025 08:15;
9250983;MSC DAMLA;Container Ship;MSC;MSC;MSC (standalone);Rio Grande;Cais Tecon Rio Grande S.A.;10/11/2025 21:50;
9250983;MSC DAMLA;Container Ship;MSC;MSC;MSC (standalone);Rio Grande;Cais Tecon Rio Grande S.A.;09/08/2025 02:35;
9250983;MSC DAMLA;Container Ship;MSC;MSC;MSC (standalone);Rio de Janeiro;Multi-Rio;21/11/2025 06:15;
9720196;MSC DOMITILLE;;MSC;MSC;MSC (standalone);Salvador;TECON;09/07/2025 04:45;9400.0
9720196;MSC DOMITILLE;;MSC;MSC;MSC (standalone);Terminal Portuário do Pecém;Terminal Portuário do Pecém;26/09/2025 10:52;9400.0
9720196;MSC DOMITILLE;;MSC;MSC;MSC (standalone);Rio de Janeiro;Multi-Rio;05/07/2025 17:00;9400.0
9720196;MSC DOMITILLE;;MSC;MSC;MSC (standalone);Rio de Janeiro;Multi-Rio;20/09/2025 09:25;9400.0
9720196;MSC DOMITILLE;;MSC;MSC;MSC (standalone);Rio de Janeiro;Multi-Rio;02/06/2025 11:35;9400.0
9720196;MSC DOMITILLE;;MSC;MSC;MSC (standalone);Rio Grande;Cais Tecon Rio Grande S.A.;24/06/2025 11:50;9400.0
9720196;MSC DOMITILLE;;MSC;MSC;MSC (standalone);Paranaguá;TCP;10/06/2025 10:25;9400.0
9720196;MSC DOMITILLE;;MSC;MSC;MSC (standalone);Santos;Cais da Santos Brasil (SSZ 16) - Privativo;05/06/2025 08:48;9400.0
9720196;MSC DOMITILLE;;MSC;MSC;MSC (standalone);Itajaí;Cais Arrendado Transitoriamente;07/06/2025 22:58;9400.0
9720196;MSC DOMITILLE;;MSC;MSC;MSC (standalone);Rio de Janeiro;Multi-Rio;19/08/2025 12:00;9400.0
9720196;MSC DOMITILLE;;MSC;MSC;MSC (standalone);Portonave - Terminais Portuários de Navegantes;Portonave - Terminais Portuários de Navegantes;26/06/2025 15:12;9400.0
9720196;MSC DOMITILLE;;MSC;MSC;MSC (standalone);Santos;Cais da BTP (SSZ 41) - Privativo;18/09/2025 08:15;9400.0
9720196;MSC DOMITILLE;;MSC;MSC;MSC (standalone);Santos;Cais da BTP (SSZ 41) - Privativo;01/07/2025 04:40;9400.0
9720196;MSC DOMITILLE;;MSC;MSC;MSC (standalone);Santos;Cais da BTP (SSZ 41) - Privativo;25/08/2025 17:10;9400.0
9720196;MSC DOMITILLE;;MSC;MSC;MSC (standalone);Rio Grande;Cais Tecon Rio Grande S.A.;13/09/2025 11:45;9400.0
9346304;HYUNDAI BRAVE;Container Ship;HMM;HMM;Premier Alliance;Rio Grande;Cais Tecon Rio Grande S.A.;15/12/2025 00:40;
9346304;HYUNDAI BRAVE;Container Ship;HMM;HMM;Premier Alliance;Portonave - Terminais Portuários de Navegantes;Portonave - Terminais Portuários de Navegantes;21/12/2025 14:24;
9346304;HYUNDAI BRAVE;Container Ship;HMM;HMM;Premier Alliance;Paranaguá;TCP;20/12/2025 12:30;
9346304;HYUNDAI BRAVE;Container Ship;HMM;HMM;Premier Alliance;Paranaguá;TCP;19/09/2025 15:40;
9346304;HYUNDAI BRAVE;Container Ship;HMM;HMM;Premier Alliance;Paranaguá;TCP;21/06/2025 00:55;
9346304;HYUNDAI BRAVE;Container Ship;HMM;HMM;Premier Alliance;Portonave - Terminais Portuários de Navegantes;Portonave - Terminais Portuários de Navegantes;22/06/2025 16:42;
9346304;HYUNDAI BRAVE;Container Ship;HMM;HMM;Premier Alliance;Portonave - Terminais Portuários de Navegantes;Portonave - Terminais Portuários de Navegantes;22/09/2025 13:12;
9527037;MAERSK LONDRINA;Container Ship;MAERSK;Maersk Group;Gemini Cooperation;Rio Grande;Cais Tecon Rio Grande S.A.;28/10/2025 12:20;
9527037;MAERSK LONDRINA;Container Ship;MAERSK;Maersk Group;Gemini Cooperation;Santos;Cais da BTP (SSZ 41) - Privativo;20/12/2025 12:34;
9527037;MAERSK LONDRINA;Container Ship;MAERSK;Maersk Group;Gemini Cooperation;Paranaguá;TCP;27/06/2025 09:47;
9527037;MAERSK LONDRINA;Container Ship;MAERSK;Maersk Group;Gemini Cooperation;Santos;Cais da BTP (SSZ 41) - Privativo;15/08/2025 23:58;
9527037;MAERSK LONDRINA;Container Ship;MAERSK;Maersk Group;Gemini Cooperation;Santos;Cais da BTP (SSZ 41) - Privativo;18/10/2025 03:58;
9527037;MAERSK LONDRINA;Container Ship;MAERSK;Maersk Group;Gemini Cooperation;Santos;Cais da BTP (SSZ 41) - Privativo;27/04/2025 21:40;
9527037;MAERSK LONDRINA;Container Ship;MAERSK;Maersk Group;Gemini Cooperation;Santos;Cais da BTP (SSZ 41) - Privativo;14/06/2025 07:01;
9527037;MAERSK LONDRINA;Container Ship;MAERSK;Maersk Group;Gemini Cooperation;Santos;Cais da BTP (SSZ 41) - Privativo;29/06/2025 15:29;
9527037;MAERSK LONDRINA;Container Ship;MAERSK;Maersk Group;Gemini Cooperation;Paranaguá;TCP;22/12/2025 20:40;
9527037;MAERSK LONDRINA;Container Ship;MAERSK;Maersk Group;Gemini Cooperation;Paranaguá;TCP;31/08/2025 09:25;
9527037;MAERSK LONDRINA;Container Ship;MAERSK;Maersk Group;Gemini Cooperation;Rio Grande;Cais Tecon Rio Grande S.A.;25/06/2025 10:35;
9527037;MAERSK LONDRINA;Container Ship;MAERSK;Maersk Group;Gemini Cooperation;Paranaguá;TCP;25/04/2025 06:17;
9527037;MAERSK LONDRINA;Container Ship;MAERSK;Maersk Group;Gemini Cooperation;Rio Grande;Cais Tecon Rio Grande S.A.;22/04/2025 08:20;
9527037;MAERSK LONDRINA;Container Ship;MAERSK;Maersk Group;Gemini Cooperation;Santos;Cais da BTP (SSZ 41) - Privativo;06/11/2025 05:00;
9527037;MAERSK LONDRINA;Container Ship;MAERSK;Maersk Group;Gemini Cooperation;Santos;Cais da BTP (SSZ 41) - Privativo;04/09/2025 13:45;
9527037;MAERSK LONDRINA;Container Ship;MAERSK;Maersk Group;Gemini Cooperation;Paranaguá;TCP;16/06/2025 12:30;
9527037;MAERSK LONDRINA;Container Ship;MAERSK;Maersk Group;Gemini Cooperation;Paranaguá;TCP;31/10/2025 13:38;
9735218;MSC ELMA;Container Ship;MSC;MSC;MSC (standalone);Santos;Cais da BTP (SSZ 41) - Privativo;14/08/2025 11:55;
9735218;MSC ELMA;Container Ship;MSC;MSC;MSC (standalone);Salvador;TECON;18/06/2025 21:40;
9735218;MSC ELMA;Container Ship;MSC;MSC;MSC (standalone);Rio de Janeiro;Multi-Rio;07/08/2025 07:40;
9735218;MSC ELMA;Container Ship;MSC;MSC;MSC (standalone);Rio de Janeiro;Multi-Rio;18/05/2025 18:40;
9735218;MSC ELMA;Container Ship;MSC;MSC;MSC (standalone);Terminal Portuário do Pecém;Terminal Portuário do Pecém;05/09/2025 14:52;
9735218;MSC ELMA;Container Ship;MSC;MSC;MSC (standalone);Santos;Cais da BTP (SSZ 41) - Privativo;12/06/2025 19:30;
9735218;MSC ELMA;Container Ship;MSC;MSC;MSC (standalone);Santos;Cais da BTP (SSZ 41) - Privativo;20/05/2025 18:10;
9735218;MSC ELMA;Container Ship;MSC;MSC;MSC (standalone);Rio de Janeiro;Multi-Rio;15/06/2025 15:30;
9735218;MSC ELMA;Container Ship;MSC;MSC;MSC (standalone);Santos;Cais da BTP (SSZ 41) - Privativo;27/08/2025 03:08;
9735218;MSC ELMA;Container Ship;MSC;MSC;MSC (standalone);Rio Grande;Cais Tecon Rio Grande S.A.;07/06/2025 22:30;
9735218;MSC ELMA;Container Ship;MSC;MSC;MSC (standalone);Portonave - Terminais Portuários de Navegantes;Portonave - Terminais Portuários de Navegantes;09/06/2025 21:00;
9735218;MSC ELMA;Container Ship;MSC;MSC;MSC (standalone);Rio Grande;Cais Tecon Rio Grande S.A.;23/08/2025 10:10;
9735218;MSC ELMA;Container Ship;MSC;MSC;MSC (standalone);Salvador;TECON;01/09/2025 23:35;
9735218;MSC ELMA;Container Ship;MSC;MSC;MSC (standalone);Paranaguá;TCP;10/06/2025 23:20;
9735218;MSC ELMA;Container Ship;MSC;MSC;MSC (standalone);Rio de Janeiro;Multi-Rio;29/08/2025 14:20;
9624299;MAERSK KARUN;Container Ship;MAERSK;Maersk Group;Gemini Cooperation;Rio de Janeiro;Multi-Rio;14/10/2025 06:45;
9624299;MAERSK KARUN;Container Ship;MAERSK;Maersk Group;Gemini Cooperation;Santos;Cais da BTP (SSZ 41) - Privativo;11/12/2025 22:10;
9624299;MAERSK KARUN;Container Ship;MAERSK;Maersk Group;Gemini Cooperation;Santos;Cais da BTP (SSZ 41) - Privativo;12/10/2025 14:38;
9624299;MAERSK KARUN;Container Ship;MAERSK;Maersk Group;Gemini Cooperation;Santos;Cais da BTP (SSZ 41) - Privativo;10/08/2025 14:15;
9624299;MAERSK KARUN;Container Ship;MAERSK;Maersk Group;Gemini Cooperation;Paranaguá;TCP;24/04/2025 04:41;
9624299;MAERSK KARUN;Container Ship;MAERSK;Maersk Group;Gemini Cooperation;Rio de Janeiro;Multi-Rio;01/05/2025 16:00;
9624299;MAERSK KARUN;Container Ship;MAERSK;Maersk Group;Gemini Cooperation;Rio de Janeiro;Multi-Rio;13/12/2025 16:30;
9624299;MAERSK KARUN;Container Ship;MAERSK;Maersk Group;Gemini Cooperation;Rio de Janeiro;Multi-Rio;25/08/2025 13:45;
9624299;MAERSK KARUN;Container Ship;MAERSK;Maersk Group;Gemini Cooperation;Santos;Cais da BTP (SSZ 41) - Privativo;30/04/2025 00:35;
9624299;MAERSK KARUN;Container Ship;MAERSK;Maersk Group;Gemini Cooperation;Paranaguá;TCP;04/12/2025 05:37;
9624299;MAERSK KARUN;Container Ship;MAERSK;Maersk Group;Gemini Cooperation;Rio de Janeiro;Multi-Rio;23/06/2025 23:00;
9624299;MAERSK KARUN;Container Ship;MAERSK;Maersk Group;Gemini Cooperation;Paranaguá;TCP;10/10/2025 03:30;
9624299;MAERSK KARUN;Container Ship;MAERSK;Maersk Group;Gemini Cooperation;Santos;Cais da BTP (SSZ 41) - Privativo;23/08/2025 06:53;
9624299;MAERSK KARUN;Container Ship;MAERSK;Maersk Group;Gemini Cooperation;Santos;Cais da BTP (SSZ 41) - Privativo;22/06/2025 17:04;
9624299;MAERSK KARUN;Container Ship;MAERSK;Maersk Group;Gemini Cooperation;Santos;Cais da BTP (SSZ 41) - Privativo;30/11/2025 22:56;
9606833;MSC AMSTERDAM;;MSC;MSC;MSC (standalone);Terminal Portuário do Pecém;Terminal Portuário do Pecém;15/05/2025 17:08;16652.0
9720457;MSC BRUNELLA;;MSC;MSC;MSC (standalone);Santos;Cais da BTP (SSZ 41) - Privativo;03/11/2025 16:11;9400.0
9720457;MSC BRUNELLA;;MSC;MSC;MSC (standalone);Terminal Portuário do Pecém;Terminal Portuário do Pecém;14/10/2025 07:30;9400.0
9720457;MSC BRUNELLA;;MSC;MSC;MSC (standalone);Salvador;TECON;23/10/2025 23:20;9400.0
9720457;MSC BRUNELLA;;MSC;MSC;MSC (standalone);Itajaí;Cais Arrendado Transitoriamente;21/06/2025 14:09;9400.0
9720457;MSC BRUNELLA;;MSC;MSC;MSC (standalone);Itajaí;Cais Arrendado Transitoriamente;09/07/2025 01:40;9400.0
9720457;MSC BRUNELLA;;MSC;MSC;MSC (standalone);Paranaguá;TCP;13/07/2025 06:15;9400.0
9720457;MSC BRUNELLA;;MSC;MSC;MSC (standalone);Santos;Cais da BTP (SSZ 41) - Privativo;16/07/2025 01:55;9400.0
9720457;MSC BRUNELLA;;MSC;MSC;MSC (standalone);Santos;Cais da Santos Brasil (SSZ 16) - Privativo;16/06/2025 20:17;9400.0
9720457;MSC BRUNELLA;;MSC;MSC;MSC (standalone);Paranaguá;TCP;25/06/2025 12:25;9400.0
9720457;MSC BRUNELLA;;MSC;MSC;MSC (standalone);Rio de Janeiro;Multi-Rio;19/06/2025 00:10;9400.0
9605152;MSC LAGOS X;Container Ship;MSC;MSC;MSC (standalone);Santos;Cais da BTP (SSZ 41) - Privativo;30/11/2025 15:19;
9605152;MSC LAGOS X;Container Ship;MSC;MSC;MSC (standalone);Santos;Cais da BTP (SSZ 41) - Privativo;25/07/2025 10:48;
9605152;MSC LAGOS X;Container Ship;MSC;MSC;MSC (standalone);Paranaguá;TCP;05/11/2025 12:05;
9605152;MSC LAGOS X;Container Ship;MSC;MSC;MSC (standalone);Santos;Cais da Santos Brasil (SSZ 16) - Privativo;25/06/2025 23:59;
9605152;MSC LAGOS X;Container Ship;MSC;MSC;MSC (standalone);Itajaí;Cais Arrendado Transitoriamente;19/07/2025 14:30;
9605152;MSC LAGOS X;Container Ship;MSC;MSC;MSC (standalone);Itajaí;Cais Arrendado Transitoriamente;02/07/2025 23:20;
9605152;MSC LAGOS X;Container Ship;MSC;MSC;MSC (standalone);Rio de Janeiro;Multi-Rio;19/06/2025 12:20;
9605152;MSC LAGOS X;Container Ship;MSC;MSC;MSC (standalone);Paranaguá;TCP;23/07/2025 22:25;
9605152;MSC LAGOS X;Container Ship;MSC;MSC;MSC (standalone);Santos;Cais da BTP (SSZ 41) - Privativo;01/11/2025 13:41;
9605152;MSC LAGOS X;Container Ship;MSC;MSC;MSC (standalone);Rio Grande;Cais Tecon Rio Grande S.A.;17/07/2025 10:05;
9605152;MSC LAGOS X;Container Ship;MSC;MSC;MSC (standalone);Rio de Janeiro;Multi-Rio;02/08/2025 11:25;
9605152;MSC LAGOS X;Container Ship;MSC;MSC;MSC (standalone);Portonave - Terminais Portuários de Navegantes;Portonave - Terminais Portuários de Navegantes;27/11/2025 14:00;
9605152;MSC LAGOS X;Container Ship;MSC;MSC;MSC (standalone);Paranaguá;TCP;01/07/2025 07:25;
9605152;MSC LAGOS X;Container Ship;MSC;MSC;MSC (standalone);Rio de Janeiro;Multi-Rio;03/12/2025 06:10;
9605152;MSC LAGOS X;Container Ship;MSC;MSC;MSC (standalone);Itajaí;Cais Arrendado Transitoriamente;09/11/2025 16:47;
9605152;MSC LAGOS X;Container Ship;MSC;MSC;MSC (standalone);Rio de Janeiro;Multi-Rio;25/10/2025 18:50;
9605152;MSC LAGOS X;Container Ship;MSC;MSC;MSC (standalone);Paranaguá;TCP;24/11/2025 07:50;
9526978;MAERSK LABERINTO;Container Ship;MAERSK;Maersk Group;Gemini Cooperation;Paranaguá;TCP;22/06/2025 20:07;
9627899;TOCONAO;Container Ship;UNKNOWN;UNKNOWN;Unknown;Paranaguá;TCP;25/05/2025 20:55;
9969869;CAPE SOREL;Container Ship;UNKNOWN;UNKNOWN;Unknown;Paranaguá;TCP;09/12/2025 22:38;
9969869;CAPE SOREL;Container Ship;UNKNOWN;UNKNOWN;Unknown;Paranaguá;TCP;01/06/2025 18:07;
9969869;CAPE SOREL;Container Ship;UNKNOWN;UNKNOWN;Unknown;Paranaguá;TCP;14/10/2025 16:50;
9969869;CAPE SOREL;Container Ship;UNKNOWN;UNKNOWN;Unknown;Terminal Portuário do Pecém;Terminal Portuário do Pecém;01/07/2025 05:00;
9969869;CAPE SOREL;Container Ship;UNKNOWN;UNKNOWN;Unknown;Terminal Portuário do Pecém;Terminal Portuário do Pecém;26/09/2025 22:21;
9323522;HMM JAKARTA;Container Ship;HMM;HMM;Premier Alliance;Portonave - Terminais Portuários de Navegantes;Portonave - Terminais Portuários de Navegantes;28/09/2025 13:24;
9323522;HMM JAKARTA;Container Ship;HMM;HMM;Premier Alliance;Paranaguá;TCP;31/05/2025 10:50;
9323522;HMM JAKARTA;Container Ship;HMM;HMM;Premier Alliance;Portonave - Terminais Portuários de Navegantes;Portonave - Terminais Portuários de Navegantes;02/06/2025 13:12;
9088524;VIRA1;Container Ship;UNKNOWN;UNKNOWN;Unknown;Santos;Cais da Ecoporto (SSZ 35) - Privativo;27/06/2025 08:40;
9088524;VIRA1;Container Ship;UNKNOWN;UNKNOWN;Unknown;Itajaí;Cais Arrendado Transitoriamente;25/06/2025 10:35;
9400289;NAVARINO;Container Ship;UNKNOWN;UNKNOWN;Unknown;Rio de Janeiro;Multi-Rio;15/05/2025 14:00;
9400289;NAVARINO;Container Ship;UNKNOWN;UNKNOWN;Unknown;Itajaí;Cais Arrendado Transitoriamente;17/05/2025 15:36;
9400289;NAVARINO;Container Ship;UNKNOWN;UNKNOWN;Unknown;Santos;Cais da Santos Brasil (SSZ 16) - Privativo;13/05/2025 17:55;
9400289;NAVARINO;Container Ship;UNKNOWN;UNKNOWN;Unknown;Itajaí;Cais Arrendado Transitoriamente;27/05/2025 18:47;
9400289;NAVARINO;Container Ship;UNKNOWN;UNKNOWN;Unknown;Santos;Cais da BTP (SSZ 41) - Privativo;30/05/2025 22:30;
9784661;MERCOSUL FORTALEZA;Container Ship;MERCOSUL;CMA CGM Group;Regional / affiliated carrier;Santos;Cais da Santos Brasil (SSZ 16) - Privativo;11/06/2025 23:10;
9784661;MERCOSUL FORTALEZA;Container Ship;MERCOSUL;CMA CGM Group;Regional / affiliated carrier;Santos;Cais da Santos Brasil (SSZ 16) - Privativo;13/08/2025 13:18;
9709221;CMA CGM CAYENNE;;CMA CGM;CMA CGM Group;Ocean Alliance;São Francisco do Sul;TESC;10/06/2025 20:30;2296.0
9486116;SEASPAN OSAKA;Container Ship;UNKNOWN;UNKNOWN;Unknown;Rio Grande;Cais Tecon Rio Grande S.A.;19/06/2025 02:00;
9486116;SEASPAN OSAKA;Container Ship;UNKNOWN;UNKNOWN;Unknown;Rio Grande;Cais Tecon Rio Grande S.A.;10/09/2025 19:50;
9285665;MSC YOKOHAMA;Container Ship;MSC;MSC;MSC (standalone);Terminal Portuário do Pecém;Terminal Portuário do Pecém;27/05/2025 00:57;
9285665;MSC YOKOHAMA;Container Ship;MSC;MSC;MSC (standalone);Salvador;TECON Área 2;04/06/2025 04:00;
9850874;EVER FAITH;;EVERGREEN;Evergreen;Ocean Alliance;Rio de Janeiro;ICTSI;24/09/2025 15:35;12118.0
9850874;EVER FAITH;;EVERGREEN;Evergreen;Ocean Alliance;Santos;Cais da Santos Brasil (SSZ 16) - Privativo;27/09/2025 14:05;12118.0
9850874;EVER FAITH;;EVERGREEN;Evergreen;Ocean Alliance;Paranaguá;TCP;05/07/2025 16:45;12118.0
9850874;EVER FAITH;;EVERGREEN;Evergreen;Ocean Alliance;Portonave - Terminais Portuários de Navegantes;Portonave - Terminais Portuários de Navegantes;06/07/2025 21:48;12118.0
9850874;EVER FAITH;;EVERGREEN;Evergreen;Ocean Alliance;Rio de Janeiro;ICTSI;19/06/2025 10:20;12118.0
9850874;EVER FAITH;;EVERGREEN;Evergreen;Ocean Alliance;Santos;Cais da Santos Brasil (SSZ 16) - Privativo;22/06/2025 12:30;12118.0
9850874;EVER FAITH;;EVERGREEN;Evergreen;Ocean Alliance;Portonave - Terminais Portuários de Navegantes;Portonave - Terminais Portuários de Navegantes;01/10/2025 14:54;12118.0
9850874;EVER FAITH;;EVERGREEN;Evergreen;Ocean Alliance;Santos;Cais da Santos Brasil (SSZ 16) - Privativo;16/10/2025 04:13;12118.0
9850874;EVER FAITH;;EVERGREEN;Evergreen;Ocean Alliance;Paranaguá;TCP;12/10/2025 13:50;12118.0
9850874;EVER FAITH;;EVERGREEN;Evergreen;Ocean Alliance;Portonave - Terminais Portuários de Navegantes;Portonave - Terminais Portuários de Navegantes;25/06/2025 02:48;12118.0
9850874;EVER FAITH;;EVERGREEN;Evergreen;Ocean Alliance;Santos;Cais da Santos Brasil (SSZ 16) - Privativo;16/07/2025 01:35;12118.0
9628154;VALOR;Container Ship;UNKNOWN;UNKNOWN;Unknown;Paranaguá;TCP;09/07/2025 03:10;
9628154;VALOR;Container Ship;UNKNOWN;UNKNOWN;Unknown;Santos;Cais da Santos Brasil (SSZ 16) - Privativo;02/07/2025 07:22;
9628154;VALOR;Container Ship;UNKNOWN;UNKNOWN;Unknown;Paranaguá;TCP;09/08/2025 17:10;
9628154;VALOR;Container Ship;UNKNOWN;UNKNOWN;Unknown;Santos;Cais da BTP (SSZ 41) - Privativo;11/08/2025 16:58;
9628154;VALOR;Container Ship;UNKNOWN;UNKNOWN;Unknown;Rio de Janeiro;Multi-Rio;25/06/2025 14:35;
9628154;VALOR;Container Ship;UNKNOWN;UNKNOWN;Unknown;Itajaí;Cais Arrendado Transitoriamente;11/07/2025 15:35;
9619440;MSC ANCHORAGE;Container Ship;MSC;MSC;MSC (standalone);Portonave - Terminais Portuários de Navegantes;Portonave - Terminais Portuários de Navegantes;18/07/2025 21:30;
9619440;MSC ANCHORAGE;Container Ship;MSC;MSC;MSC (standalone);Salvador;TECON;29/07/2025 10:30;
9619440;MSC ANCHORAGE;Container Ship;MSC;MSC;MSC (standalone);Rio de Janeiro;Multi-Rio;26/07/2025 16:50;
9619440;MSC ANCHORAGE;Container Ship;MSC;MSC;MSC (standalone);Paranaguá;TCP;22/07/2025 02:50;
9619440;MSC ANCHORAGE;Container Ship;MSC;MSC;MSC (standalone);Santos;Cais da BTP (SSZ 41) - Privativo;01/07/2025 03:40;
9619440;MSC ANCHORAGE;Container Ship;MSC;MSC;MSC (standalone);Rio de Janeiro;Multi-Rio;29/06/2025 17:00;
9619440;MSC ANCHORAGE;Container Ship;MSC;MSC;MSC (standalone);Santos;Cais da BTP (SSZ 41) - Privativo;24/07/2025 02:36;
9366512;SPIRIT OF DUBAI;Container Ship;UNKNOWN;UNKNOWN;Unknown;Rio Grande;Cais Tecon Rio Grande S.A.;16/09/2025 16:00;
9366512;SPIRIT OF DUBAI;Container Ship;UNKNOWN;UNKNOWN;Unknown;Rio Grande;Cais Tecon Rio Grande S.A.;16/06/2025 14:30;
9366512;SPIRIT OF DUBAI;Container Ship;UNKNOWN;UNKNOWN;Unknown;Rio Grande;Cais Tecon Rio Grande S.A.;26/10/2025 01:45;
9366512;SPIRIT OF DUBAI;Container Ship;UNKNOWN;UNKNOWN;Unknown;Rio Grande;Cais Tecon Rio Grande S.A.;01/12/2025 22:20;
9366512;SPIRIT OF DUBAI;Container Ship;UNKNOWN;UNKNOWN;Unknown;Rio Grande;Cais Tecon Rio Grande S.A.;19/05/2025 11:35;
9366512;SPIRIT OF DUBAI;Container Ship;UNKNOWN;UNKNOWN;Unknown;Rio Grande;Cais Tecon Rio Grande S.A.;09/06/2025 17:05;
9366512;SPIRIT OF DUBAI;Container Ship;UNKNOWN;UNKNOWN;Unknown;Rio Grande;Cais Tecon Rio Grande S.A.;30/06/2025 14:50;
9366512;SPIRIT OF DUBAI;Container Ship;UNKNOWN;UNKNOWN;Unknown;Rio Grande;Cais Tecon Rio Grande S.A.;23/06/2025 13:35;
9366512;SPIRIT OF DUBAI;Container Ship;UNKNOWN;UNKNOWN;Unknown;Rio Grande;Cais Tecon Rio Grande S.A.;30/07/2025 13:00;
9366512;SPIRIT OF DUBAI;Container Ship;UNKNOWN;UNKNOWN;Unknown;Rio Grande;Cais Tecon Rio Grande S.A.;26/05/2025 04:10;
9366512;SPIRIT OF DUBAI;Container Ship;UNKNOWN;UNKNOWN;Unknown;Rio Grande;Cais Tecon Rio Grande S.A.;22/11/2025 02:50;
9366512;SPIRIT OF DUBAI;Container Ship;UNKNOWN;UNKNOWN;Unknown;Rio Grande;Cais Tecon Rio Grande S.A.;16/12/2025 10:40;
9366512;SPIRIT OF DUBAI;Container Ship;UNKNOWN;UNKNOWN;Unknown;Rio Grande;Cais Tecon Rio Grande S.A.;09/09/2025 01:00;
9366512;SPIRIT OF DUBAI;Container Ship;UNKNOWN;UNKNOWN;Unknown;Rio Grande;Cais Tecon Rio Grande S.A.;07/10/2025 04:25;
9366512;SPIRIT OF DUBAI;Container Ship;UNKNOWN;UNKNOWN;Unknown;Rio Grande;Cais Tecon Rio Grande S.A.;15/07/2025 15:15;
9366512;SPIRIT OF DUBAI;Container Ship;UNKNOWN;UNKNOWN;Unknown;Rio Grande;Cais Tecon Rio Grande S.A.;28/09/2025 15:00;
9366512;SPIRIT OF DUBAI;Container Ship;UNKNOWN;UNKNOWN;Unknown;Rio Grande;Cais Tecon Rio Grande S.A.;10/07/2025 01:55;
9366512;SPIRIT OF DUBAI;Container Ship;UNKNOWN;UNKNOWN;Unknown;Rio Grande;Cais Tecon Rio Grande S.A.;12/11/2025 09:35;
9366512;SPIRIT OF DUBAI;Container Ship;UNKNOWN;UNKNOWN;Unknown;Rio Grande;Cais Tecon Rio Grande S.A.;29/08/2025 12:15;
9366512;SPIRIT OF DUBAI;Container Ship;UNKNOWN;UNKNOWN;Unknown;Rio Grande;Cais Tecon Rio Grande S.A.;12/05/2025 16:30;
9366512;SPIRIT OF DUBAI;Container Ship;UNKNOWN;UNKNOWN;Unknown;Rio Grande;Cais Tecon Rio Grande S.A.;04/11/2025 10:00;
9366512;SPIRIT OF DUBAI;Container Ship;UNKNOWN;UNKNOWN;Unknown;Rio Grande;Cais Tecon Rio Grande S.A.;13/10/2025 13:40;
9366512;SPIRIT OF DUBAI;Container Ship;UNKNOWN;UNKNOWN;Unknown;Rio Grande;Cais Tecon Rio Grande S.A.;06/08/2025 05:00;
9366512;SPIRIT OF DUBAI;Container Ship;UNKNOWN;UNKNOWN;Unknown;Rio Grande;Cais Tecon Rio Grande S.A.;12/08/2025 20:10;
9366512;SPIRIT OF DUBAI;Container Ship;UNKNOWN;UNKNOWN;Unknown;Rio Grande;Cais Tecon Rio Grande S.A.;18/08/2025 23:20;
9366512;SPIRIT OF DUBAI;Container Ship;UNKNOWN;UNKNOWN;Unknown;Rio Grande;Cais Tecon Rio Grande S.A.;02/06/2025 06:30;
9366512;SPIRIT OF DUBAI;Container Ship;UNKNOWN;UNKNOWN;Unknown;Rio Grande;Cais Tecon Rio Grande S.A.;22/07/2025 12:40;
9337614;NYK DAEDALUS;Container Ship;UNKNOWN;UNKNOWN;Unknown;Portonave - Terminais Portuários de Navegantes;Portonave - Terminais Portuários de Navegantes;16/08/2025 16:54;
9337614;NYK DAEDALUS;Container Ship;UNKNOWN;UNKNOWN;Unknown;Rio Grande;Cais Tecon Rio Grande S.A.;07/08/2025 14:55;
9337614;NYK DAEDALUS;Container Ship;UNKNOWN;UNKNOWN;Unknown;Rio Grande;Cais Tecon Rio Grande S.A.;24/05/2025 00:30;
9337652;DELPHINUS C;Container Ship;UNKNOWN;UNKNOWN;Unknown;Rio Grande;Cais Tecon Rio Grande S.A.;04/12/2025 00:00;
9337652;DELPHINUS C;Container Ship;UNKNOWN;UNKNOWN;Unknown;Santos;Cais da BTP (SSZ 41) - Privativo;23/05/2025 17:35;
9337652;DELPHINUS C;Container Ship;UNKNOWN;UNKNOWN;Unknown;Rio Grande;Cais Tecon Rio Grande S.A.;17/05/2025 14:10;
9337652;DELPHINUS C;Container Ship;UNKNOWN;UNKNOWN;Unknown;Rio Grande;Cais Tecon Rio Grande S.A.;13/08/2025 13:00;
9337652;DELPHINUS C;Container Ship;UNKNOWN;UNKNOWN;Unknown;Santos;Cais da Santos Brasil (SSZ 16) - Privativo;02/06/2025 13:27;
9333838;MOL EXPERIENCE;Container Ship;UNKNOWN;UNKNOWN;Unknown;Rio Grande;Cais Tecon Rio Grande S.A.;17/12/2025 09:50;
9333838;MOL EXPERIENCE;Container Ship;UNKNOWN;UNKNOWN;Unknown;Rio Grande;Cais Tecon Rio Grande S.A.;24/09/2025 19:20;
9333838;MOL EXPERIENCE;Container Ship;UNKNOWN;UNKNOWN;Unknown;Rio Grande;Cais Tecon Rio Grande S.A.;30/05/2025 00:30;
9966788;CMA CGM SAINTE ANNE;Container Ship;CMA CGM;CMA CGM Group;Ocean Alliance;Santos;Cais da Santos Brasil (SSZ 16) - Privativo;16/08/2025 15:17;
9966788;CMA CGM SAINTE ANNE;Container Ship;CMA CGM;CMA CGM Group;Ocean Alliance;Santos;Cais da Santos Brasil (SSZ 16) - Privativo;01/11/2025 13:54;
9966788;CMA CGM SAINTE ANNE;Container Ship;CMA CGM;CMA CGM Group;Ocean Alliance;Santos;Cais da Santos Brasil (SSZ 16) - Privativo;30/05/2025 21:45;
9966788;CMA CGM SAINTE ANNE;Container Ship;CMA CGM;CMA CGM Group;Ocean Alliance;Santos;Cais da Santos Brasil (SSZ 16) - Privativo;02/11/2025 13:06;
9289934;MAERSK SANTANA;Container Ship;MAERSK;Maersk Group;Gemini Cooperation;Santos;Cais da Santos Brasil (SSZ 16) - Privativo;21/06/2025 21:30;
9966764;CMA CGM FORT JAMES;Container Ship;CMA CGM;CMA CGM Group;Ocean Alliance;Santos;Cais da Santos Brasil (SSZ 16) - Privativo;07/06/2025 07:05;
9487524;NYK FUTAGO;Container Ship;UNKNOWN;UNKNOWN;Unknown;Rio Grande;Cais Tecon Rio Grande S.A.;23/12/2025 09:45;
9487524;NYK FUTAGO;Container Ship;UNKNOWN;UNKNOWN;Unknown;Rio Grande;Cais Tecon Rio Grande S.A.;09/07/2025 18:30;
9487524;NYK FUTAGO;Container Ship;UNKNOWN;UNKNOWN;Unknown;Rio Grande;Cais Tecon Rio Grande S.A.;01/10/2025 17:30;
9347566;HYUNDAI FORCE;Container Ship;HMM;HMM;Premier Alliance;Rio Grande;Cais Tecon Rio Grande S.A.;26/06/2025 08:45;
9347566;HYUNDAI FORCE;Container Ship;HMM;HMM;Premier Alliance;Paranaguá;TCP;01/07/2025 22:25;
9347566;HYUNDAI FORCE;Container Ship;HMM;HMM;Premier Alliance;Portonave - Terminais Portuários de Navegantes;Portonave - Terminais Portuários de Navegantes;13/10/2025 13:00;
9347566;HYUNDAI FORCE;Container Ship;HMM;HMM;Premier Alliance;Portonave - Terminais Portuários de Navegantes;Portonave - Terminais Portuários de Navegantes;05/07/2025 10:42;
9347566;HYUNDAI FORCE;Container Ship;HMM;HMM;Premier Alliance;Paranaguá;TCP;02/10/2025 21:20;
9355525;MAERSK JAVA;;MAERSK;Maersk Group;Gemini Cooperation;Terminal Portuário do Pecém;Terminal Portuário do Pecém;01/06/2025 09:45;3500.0
9366225;ARTEMIS;Container Ship;UNKNOWN;UNKNOWN;Unknown;Santos;Cais da Santos Brasil (SSZ 16) - Privativo;20/05/2025 15:46;
9366225;ARTEMIS;Container Ship;UNKNOWN;UNKNOWN;Unknown;Santos;Cais da Santos Brasil (SSZ 16) - Privativo;13/06/2025 09:33;
9316361;MSC CELINE;Container Ship;MSC;MSC;MSC (standalone);Salvador;TECON;07/07/2025 18:45;
9168867;MSC URSULA VI;Container Ship;MSC;MSC;MSC (standalone);Santos;Cais da BTP (SSZ 41) - Privativo;27/07/2025 23:23;
9168867;MSC URSULA VI;Container Ship;MSC;MSC;MSC (standalone);Salvador;TECON Área 2;11/07/2025 17:10;
9168867;MSC URSULA VI;Container Ship;MSC;MSC;MSC (standalone);Rio Grande;Cais Tecon Rio Grande S.A.;09/10/2025 00:00;
9168867;MSC URSULA VI;Container Ship;MSC;MSC;MSC (standalone);Rio de Janeiro;Multi-Rio;11/12/2025 21:05;
9168867;MSC URSULA VI;Container Ship;MSC;MSC;MSC (standalone);Paranaguá;TCP;16/10/2025 01:15;
9168867;MSC URSULA VI;Container Ship;MSC;MSC;MSC (standalone);Paranaguá;TCP;26/12/2025 04:15;
9168867;MSC URSULA VI;Container Ship;MSC;MSC;MSC (standalone);Rio de Janeiro;Multi-Rio;04/08/2025 13:50;
9168867;MSC URSULA VI;Container Ship;MSC;MSC;MSC (standalone);Santos;Cais da BTP (SSZ 41) - Privativo;09/12/2025 07:55;
9168867;MSC URSULA VI;Container Ship;MSC;MSC;MSC (standalone);Rio de Janeiro;Multi-Rio;18/10/2025 19:15;
9168867;MSC URSULA VI;Container Ship;MSC;MSC;MSC (standalone);Salvador;TECON;25/10/2025 21:00;
9168867;MSC URSULA VI;Container Ship;MSC;MSC;MSC (standalone);Santos;Cais da BTP (SSZ 41) - Privativo;28/09/2025 19:20;
9168867;MSC URSULA VI;Container Ship;MSC;MSC;MSC (standalone);Itajaí;Cais Arrendado Transitoriamente;21/07/2025 10:26;
9168867;MSC URSULA VI;Container Ship;MSC;MSC;MSC (standalone);Rio de Janeiro;Multi-Rio;30/12/2025 18:55;
9168867;MSC URSULA VI;Container Ship;MSC;MSC;MSC (standalone);Itajaí;Cais Arrendado Transitoriamente;22/12/2025 19:23;
9168867;MSC URSULA VI;Container Ship;MSC;MSC;MSC (standalone);Itajaí;Cais Arrendado Transitoriamente;11/10/2025 12:08;
9168867;MSC URSULA VI;Container Ship;MSC;MSC;MSC (standalone);Terminal Portuário do Pecém;Terminal Portuário do Pecém;04/07/2025 12:17;
9168867;MSC URSULA VI;Container Ship;MSC;MSC;MSC (standalone);Salvador;TECON;08/08/2025 15:50;
9704960;MSC LILY;Container Ship;MSC;MSC;MSC (standalone);Salvador;TECON Área 2;22/07/2025 15:00;
9704960;MSC LILY;Container Ship;MSC;MSC;MSC (standalone);Terminal Portuário do Pecém;Terminal Portuário do Pecém;13/07/2025 16:09;
9704960;MSC LILY;Container Ship;MSC;MSC;MSC (standalone);Rio de Janeiro;Multi-Rio;12/10/2025 09:50;
9704960;MSC LILY;Container Ship;MSC;MSC;MSC (standalone);Itajaí;Cais Arrendado Transitoriamente;01/11/2025 00:01;
9704960;MSC LILY;Container Ship;MSC;MSC;MSC (standalone);Santos;Cais da BTP (SSZ 41) - Privativo;11/11/2025 09:42;
9704960;MSC LILY;Container Ship;MSC;MSC;MSC (standalone);Rio Grande;Cais Tecon Rio Grande S.A.;29/10/2025 21:40;
9704960;MSC LILY;Container Ship;MSC;MSC;MSC (standalone);Rio de Janeiro;Multi-Rio;15/11/2025 10:55;
9704960;MSC LILY;Container Ship;MSC;MSC;MSC (standalone);Terminal Portuário do Pecém;Terminal Portuário do Pecém;14/07/2025 04:49;
9704960;MSC LILY;Container Ship;MSC;MSC;MSC (standalone);Itajaí;Cais Arrendado Transitoriamente;18/10/2025 14:50;
9704960;MSC LILY;Container Ship;MSC;MSC;MSC (standalone);Santos;Cais da Santos Brasil (SSZ 16) - Privativo;14/10/2025 09:15;
9611046;TALLAHASSEE;Container Ship;UNKNOWN;UNKNOWN;Unknown;Super Terminais Comércio e Indústria;Super Terminais Comércio e Indústria;07/07/2025 04:18;
9611046;TALLAHASSEE;Container Ship;UNKNOWN;UNKNOWN;Unknown;Super Terminais Comércio e Indústria;Super Terminais Comércio e Indústria;14/08/2025 10:30;
9975595;MSC MARSEILLE;Container Ship;MSC;MSC;MSC (standalone);Santos;Cais da BTP (SSZ 41) - Privativo;10/07/2025 06:15;
9975595;MSC MARSEILLE;Container Ship;MSC;MSC;MSC (standalone);Itajaí;Cais Arrendado Transitoriamente;16/07/2025 10:46;
9975595;MSC MARSEILLE;Container Ship;MSC;MSC;MSC (standalone);Paranaguá;TCP;14/07/2025 01:30;
9850795;EVER FIT;Container Ship;EVERGREEN;Evergreen;Ocean Alliance;Santos;Cais da Santos Brasil (SSZ 16) - Privativo;06/07/2025 00:30;
9850795;EVER FIT;Container Ship;EVERGREEN;Evergreen;Ocean Alliance;Santos;Cais da Santos Brasil (SSZ 16) - Privativo;29/10/2025 15:26;
9850795;EVER FIT;Container Ship;EVERGREEN;Evergreen;Ocean Alliance;Rio de Janeiro;ICTSI;08/07/2025 08:30;
9850795;EVER FIT;Container Ship;EVERGREEN;Evergreen;Ocean Alliance;Rio de Janeiro;ICTSI;10/10/2025 11:10;
9850795;EVER FIT;Container Ship;EVERGREEN;Evergreen;Ocean Alliance;Santos;Cais da Santos Brasil (SSZ 16) - Privativo;01/08/2025 13:34;
9850795;EVER FIT;Container Ship;EVERGREEN;Evergreen;Ocean Alliance;Paranaguá;TCP;25/07/2025 05:10;
9850795;EVER FIT;Container Ship;EVERGREEN;Evergreen;Ocean Alliance;Portonave - Terminais Portuários de Navegantes;Portonave - Terminais Portuários de Navegantes;14/10/2025 12:24;
9850795;EVER FIT;Container Ship;EVERGREEN;Evergreen;Ocean Alliance;Paranaguá;TCP;26/10/2025 05:35;
9850795;EVER FIT;Container Ship;EVERGREEN;Evergreen;Ocean Alliance;Portonave - Terminais Portuários de Navegantes;Portonave - Terminais Portuários de Navegantes;28/07/2025 12:00;
9850795;EVER FIT;Container Ship;EVERGREEN;Evergreen;Ocean Alliance;Portonave - Terminais Portuários de Navegantes;Portonave - Terminais Portuários de Navegantes;10/07/2025 17:06;
9850795;EVER FIT;Container Ship;EVERGREEN;Evergreen;Ocean Alliance;Santos;Cais da Santos Brasil (SSZ 16) - Privativo;12/10/2025 14:03;
9216731;MUARA;Container Ship;UNKNOWN;UNKNOWN;Unknown;Itajaí;Cais Arrendado Transitoriamente;26/10/2025 21:18;
9216731;MUARA;Container Ship;UNKNOWN;UNKNOWN;Unknown;Paranaguá;TCP;14/10/2025 16:30;
9216731;MUARA;Container Ship;UNKNOWN;UNKNOWN;Unknown;Santos;Cais da Ecoporto (SSZ 35) - Privativo;11/10/2025 21:46;
9216731;MUARA;Container Ship;UNKNOWN;UNKNOWN;Unknown;Itajaí;Cais Arrendado Transitoriamente;21/07/2025 11:46;
9216731;MUARA;Container Ship;UNKNOWN;UNKNOWN;Unknown;Santos;Cais da Ecoporto (SSZ 35) - Privativo;25/07/2025 14:42;
9453365;SPYROS V;Container Ship;UNKNOWN;UNKNOWN;Unknown;Rio de Janeiro;ICTSI;17/07/2025 18:20;
9453365;SPYROS V;Container Ship;UNKNOWN;UNKNOWN;Unknown;Santos;Cais da Santos Brasil (SSZ 16) - Privativo;02/12/2025 14:46;
9453365;SPYROS V;Container Ship;UNKNOWN;UNKNOWN;Unknown;Rio de Janeiro;ICTSI;04/12/2025 08:45;
9453365;SPYROS V;Container Ship;UNKNOWN;UNKNOWN;Unknown;Paranaguá;TCP;15/09/2025 02:10;
9453365;SPYROS V;Container Ship;UNKNOWN;UNKNOWN;Unknown;Santos;Cais da Santos Brasil (SSZ 16) - Privativo;26/11/2025 00:17;
9453365;SPYROS V;Container Ship;UNKNOWN;UNKNOWN;Unknown;Santos;Cais da Santos Brasil (SSZ 16) - Privativo;15/07/2025 16:00;
9453365;SPYROS V;Container Ship;UNKNOWN;UNKNOWN;Unknown;Santos;Cais da Santos Brasil (SSZ 16) - Privativo;17/09/2025 16:20;
9453365;SPYROS V;Container Ship;UNKNOWN;UNKNOWN;Unknown;Santos;Cais da Santos Brasil (SSZ 16) - Privativo;05/09/2025 12:30;
9453365;SPYROS V;Container Ship;UNKNOWN;UNKNOWN;Unknown;Santos;Cais da Santos Brasil (SSZ 16) - Privativo;13/11/2025 16:24;
9453365;SPYROS V;Container Ship;UNKNOWN;UNKNOWN;Unknown;Rio de Janeiro;ICTSI;21/09/2025 18:00;
9974503;MSC GHANA;;MSC;MSC;MSC (standalone);Rio de Janeiro;Multi-Rio;10/10/2025 13:10;8000.0
9974503;MSC GHANA;;MSC;MSC;MSC (standalone);Portonave - Terminais Portuários de Navegantes;Portonave - Terminais Portuários de Navegantes;02/10/2025 04:48;8000.0
9974503;MSC GHANA;;MSC;MSC;MSC (standalone);Portonave - Terminais Portuários de Navegantes;Portonave - Terminais Portuários de Navegantes;29/07/2025 23:54;8000.0
9974503;MSC GHANA;;MSC;MSC;MSC (standalone);Paranaguá;TCP;02/08/2025 10:40;8000.0
9974503;MSC GHANA;;MSC;MSC;MSC (standalone);Rio de Janeiro;Multi-Rio;07/08/2025 11:15;8000.0
9974503;MSC GHANA;;MSC;MSC;MSC (standalone);Rio de Janeiro;Multi-Rio;22/09/2025 14:00;8000.0
9974503;MSC GHANA;;MSC;MSC;MSC (standalone);Itajaí;Cais Arrendado Transitoriamente;12/07/2025 20:08;8000.0
9974503;MSC GHANA;;MSC;MSC;MSC (standalone);Santos;Cais da BTP (SSZ 41) - Privativo;06/10/2025 22:27;8000.0
9974503;MSC GHANA;;MSC;MSC;MSC (standalone);Terminal Portuário do Pecém;Terminal Portuário do Pecém;16/10/2025 04:43;8000.0
9974503;MSC GHANA;;MSC;MSC;MSC (standalone);Santos;Cais da Santos Brasil (SSZ 16) - Privativo;08/07/2025 12:35;8000.0
9974503;MSC GHANA;;MSC;MSC;MSC (standalone);Santos;Cais da BTP (SSZ 41) - Privativo;04/08/2025 04:38;8000.0
9974503;MSC GHANA;;MSC;MSC;MSC (standalone);Santos;Cais da Santos Brasil (SSZ 16) - Privativo;24/09/2025 05:50;8000.0
9974503;MSC GHANA;;MSC;MSC;MSC (standalone);Rio de Janeiro;Multi-Rio;06/07/2025 14:40;8000.0
9850898;EVER FEAT;;EVERGREEN;Evergreen;Ocean Alliance;Rio de Janeiro;ICTSI;16/07/2025 16:50;12118.0
9850898;EVER FEAT;;EVERGREEN;Evergreen;Ocean Alliance;Santos;Cais da Santos Brasil (SSZ 16) - Privativo;20/07/2025 15:37;12118.0
9850898;EVER FEAT;;EVERGREEN;Evergreen;Ocean Alliance;Portonave - Terminais Portuários de Navegantes;Portonave - Terminais Portuários de Navegantes;26/07/2025 15:30;12118.0
9850898;EVER FEAT;;EVERGREEN;Evergreen;Ocean Alliance;Rio de Janeiro;ICTSI;02/09/2025 11:10;12118.0
9333840;MOL EARNEST;Container Ship;UNKNOWN;UNKNOWN;Unknown;Rio Grande;Cais Tecon Rio Grande S.A.;20/07/2025 22:00;
9333840;MOL EARNEST;Container Ship;UNKNOWN;UNKNOWN;Unknown;Portonave - Terminais Portuários de Navegantes;Portonave - Terminais Portuários de Navegantes;26/07/2025 06:48;
9333840;MOL EARNEST;Container Ship;UNKNOWN;UNKNOWN;Unknown;Rio Grande;Cais Tecon Rio Grande S.A.;05/11/2025 11:30;
9348493;ARISTA;Container Ship;UNKNOWN;UNKNOWN;Unknown;Santos;Cais da Ecoporto (SSZ 35) - Privativo;08/08/2025 12:31;
9348493;ARISTA;Container Ship;UNKNOWN;UNKNOWN;Unknown;Itajaí;Cais Arrendado Transitoriamente;07/08/2025 00:38;
9729075;CMA CGM RODOLPHE;Container Ship;CMA CGM;CMA CGM Group;Ocean Alliance;Santos;Cais da Santos Brasil (SSZ 16) - Privativo;25/08/2025 10:13;
9729075;CMA CGM RODOLPHE;Container Ship;CMA CGM;CMA CGM Group;Ocean Alliance;Santos;Cais da BTP (SSZ 41) - Privativo;05/09/2025 19:27;
9729075;CMA CGM RODOLPHE;Container Ship;CMA CGM;CMA CGM Group;Ocean Alliance;Santos;Cais da BTP (SSZ 41) - Privativo;28/11/2025 14:03;
9729075;CMA CGM RODOLPHE;Container Ship;CMA CGM;CMA CGM Group;Ocean Alliance;Paranaguá;TCP;26/11/2025 15:50;
9729075;CMA CGM RODOLPHE;Container Ship;CMA CGM;CMA CGM Group;Ocean Alliance;Rio de Janeiro;ICTSI;29/08/2025 01:15;
9729075;CMA CGM RODOLPHE;Container Ship;CMA CGM;CMA CGM Group;Ocean Alliance;Salvador;TECON Área 2;17/11/2025 20:30;
9729075;CMA CGM RODOLPHE;Container Ship;CMA CGM;CMA CGM Group;Ocean Alliance;Santos;Cais da Santos Brasil (SSZ 16) - Privativo;11/10/2025 19:59;
9729075;CMA CGM RODOLPHE;Container Ship;CMA CGM;CMA CGM Group;Ocean Alliance;Santos;Cais da Santos Brasil (SSZ 16) - Privativo;22/11/2025 09:15;
9729075;CMA CGM RODOLPHE;Container Ship;CMA CGM;CMA CGM Group;Ocean Alliance;Paranaguá;TCP;16/10/2025 08:20;
9729075;CMA CGM RODOLPHE;Container Ship;CMA CGM;CMA CGM Group;Ocean Alliance;Santos;Cais da BTP (SSZ 41) - Privativo;18/10/2025 13:02;
9729075;CMA CGM RODOLPHE;Container Ship;CMA CGM;CMA CGM Group;Ocean Alliance;Salvador;TECON Área 2;06/10/2025 20:30;
9729075;CMA CGM RODOLPHE;Container Ship;CMA CGM;CMA CGM Group;Ocean Alliance;Paranaguá;TCP;03/09/2025 13:40;
9717216;MAERSK SAN LAZARO;Container Ship;MAERSK;Maersk Group;Gemini Cooperation;Paranaguá;TCP;30/11/2025 19:12;
9717204;MAERSK SAN JUAN;Container Ship;MAERSK;Maersk Group;Gemini Cooperation;Paranaguá;TCP;07/12/2025 18:20;
9717204;MAERSK SAN JUAN;Container Ship;MAERSK;Maersk Group;Gemini Cooperation;Paranaguá;TCP;02/09/2025 01:17;
9464699;REN JIAN 20;Container Ship;UNKNOWN;UNKNOWN;Unknown;Rio Grande;Cais Tecon Rio Grande S.A.;28/10/2025 19:20;
9464699;REN JIAN 20;Container Ship;UNKNOWN;UNKNOWN;Unknown;Rio Grande;Cais Tecon Rio Grande S.A.;01/08/2025 14:30;
9450612;CMA CGM DALILA;;CMA CGM;CMA CGM Group;Ocean Alliance;Santos;Cais da Santos Brasil (SSZ 16) - Privativo;15/08/2025 15:45;8500.0
9450612;CMA CGM DALILA;;CMA CGM;CMA CGM Group;Ocean Alliance;Portonave - Terminais Portuários de Navegantes;Portonave - Terminais Portuários de Navegantes;18/08/2025 19:24;8500.0
9450612;CMA CGM DALILA;;CMA CGM;CMA CGM Group;Ocean Alliance;Paranaguá;TCP;26/08/2025 19:50;8500.0
9450612;CMA CGM DALILA;;CMA CGM;CMA CGM Group;Ocean Alliance;Rio de Janeiro;ICTSI;12/08/2025 17:05;8500.0
9450612;CMA CGM DALILA;;CMA CGM;CMA CGM Group;Ocean Alliance;Santos;Cais da Santos Brasil (SSZ 16) - Privativo;31/08/2025 00:45;8500.0
9605243;MSC NAIROBI X;Container Ship;MSC;MSC;MSC (standalone);Santos;Cais da BTP (SSZ 41) - Privativo;04/11/2025 01:25;
9605243;MSC NAIROBI X;Container Ship;MSC;MSC;MSC (standalone);Portonave - Terminais Portuários de Navegantes;Portonave - Terminais Portuários de Navegantes;29/10/2025 21:24;
9605243;MSC NAIROBI X;Container Ship;MSC;MSC;MSC (standalone);Paranaguá;TCP;27/12/2025 15:00;
9605243;MSC NAIROBI X;Container Ship;MSC;MSC;MSC (standalone);Rio de Janeiro;Multi-Rio;06/11/2025 19:10;
9605243;MSC NAIROBI X;Container Ship;MSC;MSC;MSC (standalone);Santos;Cais da Santos Brasil (SSZ 16) - Privativo;24/12/2025 02:15;
9605243;MSC NAIROBI X;Container Ship;MSC;MSC;MSC (standalone);Paranaguá;TCP;31/10/2025 11:15;
9605243;MSC NAIROBI X;Container Ship;MSC;MSC;MSC (standalone);Terminal Portuário do Pecém;Terminal Portuário do Pecém;13/11/2025 01:27;
9605243;MSC NAIROBI X;Container Ship;MSC;MSC;MSC (standalone);Rio de Janeiro;Multi-Rio;17/08/2025 11:05;
9605243;MSC NAIROBI X;Container Ship;MSC;MSC;MSC (standalone);Santos;Cais da Santos Brasil (SSZ 16) - Privativo;19/08/2025 20:52;
9605243;MSC NAIROBI X;Container Ship;MSC;MSC;MSC (standalone);Portonave - Terminais Portuários de Navegantes;Portonave - Terminais Portuários de Navegantes;30/08/2025 07:36;
9605243;MSC NAIROBI X;Container Ship;MSC;MSC;MSC (standalone);Santos;Cais da Santos Brasil (SSZ 16) - Privativo;23/10/2025 03:55;
9605243;MSC NAIROBI X;Container Ship;MSC;MSC;MSC (standalone);Rio de Janeiro;Multi-Rio;24/10/2025 20:50;
9605243;MSC NAIROBI X;Container Ship;MSC;MSC;MSC (standalone);Santos;Cais da BTP (SSZ 41) - Privativo;03/09/2025 15:50;
9605243;MSC NAIROBI X;Container Ship;MSC;MSC;MSC (standalone);Rio de Janeiro;Multi-Rio;06/09/2025 10:15;
9702106;MSC BRUNELLA;Container Ship;MSC;MSC;MSC (standalone);Rio de Janeiro;Multi-Rio;25/08/2025 18:30;
9702106;MSC BRUNELLA;Container Ship;MSC;MSC;MSC (standalone);Santos;Cais da BTP (SSZ 41) - Privativo;31/08/2025 21:42;
9702106;MSC BRUNELLA;Container Ship;MSC;MSC;MSC (standalone);Itajaí;Cais Arrendado Transitoriamente;24/08/2025 10:18;
9702106;MSC BRUNELLA;Container Ship;MSC;MSC;MSC (standalone);Rio de Janeiro;Multi-Rio;05/08/2025 10:30;
9702106;MSC BRUNELLA;Container Ship;MSC;MSC;MSC (standalone);Santos;Cais da BTP (SSZ 41) - Privativo;12/08/2025 21:04;
9251690;MSC LUDOVICA;Container Ship;MSC;MSC;MSC (standalone);Rio de Janeiro;Multi-Rio;10/09/2025 09:00;
9251690;MSC LUDOVICA;Container Ship;MSC;MSC;MSC (standalone);Terminal Portuário do Pecém;Terminal Portuário do Pecém;31/10/2025 13:56;
9251690;MSC LUDOVICA;Container Ship;MSC;MSC;MSC (standalone);Itajaí;Cais Arrendado Transitoriamente;04/09/2025 14:18;
9251690;MSC LUDOVICA;Container Ship;MSC;MSC;MSC (standalone);Paranaguá;TCP;02/09/2025 23:55;
9251690;MSC LUDOVICA;Container Ship;MSC;MSC;MSC (standalone);Santos;Cais da BTP (SSZ 41) - Privativo;28/11/2025 20:45;
9251690;MSC LUDOVICA;Container Ship;MSC;MSC;MSC (standalone);Rio Grande;Cais Tecon Rio Grande S.A.;17/11/2025 19:00;
9251690;MSC LUDOVICA;Container Ship;MSC;MSC;MSC (standalone);Santos;Cais da BTP (SSZ 41) - Privativo;07/09/2025 07:35;
9251690;MSC LUDOVICA;Container Ship;MSC;MSC;MSC (standalone);Rio de Janeiro;Multi-Rio;29/08/2025 09:40;
9702065;MSC LETIZIA;Container Ship;MSC;MSC;MSC (standalone);Rio de Janeiro;Multi-Rio;28/10/2025 22:50;
9702065;MSC LETIZIA;Container Ship;MSC;MSC;MSC (standalone);Santos;Cais da BTP (SSZ 41) - Privativo;22/07/2025 03:25;
9702065;MSC LETIZIA;Container Ship;MSC;MSC;MSC (standalone);Rio de Janeiro;Multi-Rio;20/07/2025 17:55;
9702065;MSC LETIZIA;Container Ship;MSC;MSC;MSC (standalone);Rio de Janeiro;Multi-Rio;08/10/2025 08:30;
9702065;MSC LETIZIA;Container Ship;MSC;MSC;MSC (standalone);Portonave - Terminais Portuários de Navegantes;Portonave - Terminais Portuários de Navegantes;07/11/2025 13:00;
9702065;MSC LETIZIA;Container Ship;MSC;MSC;MSC (standalone);Rio Grande;Cais Tecon Rio Grande S.A.;22/10/2025 03:20;
9702065;MSC LETIZIA;Container Ship;MSC;MSC;MSC (standalone);Paranaguá;TCP;14/08/2025 15:50;
9702065;MSC LETIZIA;Container Ship;MSC;MSC;MSC (standalone);Portonave - Terminais Portuários de Navegantes;Portonave - Terminais Portuários de Navegantes;09/08/2025 01:42;
9702065;MSC LETIZIA;Container Ship;MSC;MSC;MSC (standalone);Santos;Cais da BTP (SSZ 41) - Privativo;10/10/2025 07:30;
9702065;MSC LETIZIA;Container Ship;MSC;MSC;MSC (standalone);Rio Grande;Cais Tecon Rio Grande S.A.;06/08/2025 21:00;
9702065;MSC LETIZIA;Container Ship;MSC;MSC;MSC (standalone);Santos;Cais da BTP (SSZ 41) - Privativo;17/08/2025 14:42;
9702065;MSC LETIZIA;Container Ship;MSC;MSC;MSC (standalone);Terminal Portuário do Pecém;Terminal Portuário do Pecém;23/08/2025 02:32;
9702065;MSC LETIZIA;Container Ship;MSC;MSC;MSC (standalone);Itajaí;Cais Arrendado Transitoriamente;30/10/2025 18:00;
9702065;MSC LETIZIA;Container Ship;MSC;MSC;MSC (standalone);Salvador;TECON;20/08/2025 18:30;
9630406;SEASPAN ZAMBEZI;Container Ship;UNKNOWN;UNKNOWN;Unknown;Santos;Cais da BTP (SSZ 41) - Privativo;25/08/2025 16:33;
9630406;SEASPAN ZAMBEZI;Container Ship;UNKNOWN;UNKNOWN;Unknown;Paranaguá;TCP;16/09/2025 12:00;
9630406;SEASPAN ZAMBEZI;Container Ship;UNKNOWN;UNKNOWN;Unknown;Santos;Cais da BTP (SSZ 41) - Privativo;19/09/2025 20:50;
9630406;SEASPAN ZAMBEZI;Container Ship;UNKNOWN;UNKNOWN;Unknown;Portonave - Terminais Portuários de Navegantes;Portonave - Terminais Portuários de Navegantes;01/09/2025 13:42;
9630406;SEASPAN ZAMBEZI;Container Ship;UNKNOWN;UNKNOWN;Unknown;Paranaguá;TCP;30/08/2025 17:30;
9630406;SEASPAN ZAMBEZI;Container Ship;UNKNOWN;UNKNOWN;Unknown;Portonave - Terminais Portuários de Navegantes;Portonave - Terminais Portuários de Navegantes;18/09/2025 01:42;
9720495;MSC BRANKA;Container Ship;MSC;MSC;MSC (standalone);Santos;Cais da BTP (SSZ 41) - Privativo;26/08/2025 11:13;
9720495;MSC BRANKA;Container Ship;MSC;MSC;MSC (standalone);Paranaguá;TCP;06/08/2025 14:40;
9720495;MSC BRANKA;Container Ship;MSC;MSC;MSC (standalone);Paranaguá;TCP;19/08/2025 22:45;
9720495;MSC BRANKA;Container Ship;MSC;MSC;MSC (standalone);Rio de Janeiro;Multi-Rio;25/07/2025 07:50;
9720495;MSC BRANKA;Container Ship;MSC;MSC;MSC (standalone);Santos;Cais da Santos Brasil (SSZ 16) - Privativo;23/07/2025 14:20;
9720495;MSC BRANKA;Container Ship;MSC;MSC;MSC (standalone);Itajaí;Cais Arrendado Transitoriamente;15/08/2025 10:45;
9720495;MSC BRANKA;Container Ship;MSC;MSC;MSC (standalone);Itajaí;Cais Arrendado Transitoriamente;31/07/2025 03:38;
1016654;MSC LEILA;Container Ship;MSC;MSC;MSC (standalone);Santos;Cais da BTP (SSZ 41) - Privativo;23/11/2025 16:12;
1016654;MSC LEILA;Container Ship;MSC;MSC;MSC (standalone);Itajaí;Cais Arrendado Transitoriamente;18/08/2025 22:03;
1016654;MSC LEILA;Container Ship;MSC;MSC;MSC (standalone);Santos;Cais da Santos Brasil (SSZ 16) - Privativo;31/07/2025 21:10;
1016654;MSC LEILA;Container Ship;MSC;MSC;MSC (standalone);Rio de Janeiro;Multi-Rio;27/07/2025 16:40;
1016654;MSC LEILA;Container Ship;MSC;MSC;MSC (standalone);Rio de Janeiro;Multi-Rio;06/09/2025 06:00;
1016654;MSC LEILA;Container Ship;MSC;MSC;MSC (standalone);Rio de Janeiro;Multi-Rio;28/10/2025 19:00;
1016654;MSC LEILA;Container Ship;MSC;MSC;MSC (standalone);Portonave - Terminais Portuários de Navegantes;Portonave - Terminais Portuários de Navegantes;30/08/2025 22:00;
1016654;MSC LEILA;Container Ship;MSC;MSC;MSC (standalone);Santos;Cais da BTP (SSZ 41) - Privativo;02/11/2025 19:59;
1016654;MSC LEILA;Container Ship;MSC;MSC;MSC (standalone);Rio Grande;Cais Tecon Rio Grande S.A.;17/11/2025 14:20;
1016654;MSC LEILA;Container Ship;MSC;MSC;MSC (standalone);Terminal Portuário do Pecém;Terminal Portuário do Pecém;02/12/2025 02:25;
1016654;MSC LEILA;Container Ship;MSC;MSC;MSC (standalone);Portonave - Terminais Portuários de Navegantes;Portonave - Terminais Portuários de Navegantes;20/11/2025 18:12;
1016654;MSC LEILA;Container Ship;MSC;MSC;MSC (standalone);Santos;Cais da BTP (SSZ 41) - Privativo;03/09/2025 23:00;
1016654;MSC LEILA;Container Ship;MSC;MSC;MSC (standalone);Terminal Portuário do Pecém;Terminal Portuário do Pecém;01/12/2025 00:46;
1016654;MSC LEILA;Container Ship;MSC;MSC;MSC (standalone);Terminal Portuário do Pecém;Terminal Portuário do Pecém;12/09/2025 16:15;
1016654;MSC LEILA;Container Ship;MSC;MSC;MSC (standalone);Paranaguá;TCP;16/08/2025 18:50;
1016654;MSC LEILA;Container Ship;MSC;MSC;MSC (standalone);Salvador;TECON;09/09/2025 04:22;
9261889;CMACGM FORT ST LOUIS;Container Ship;CMA CGM;CMA CGM Group;Ocean Alliance;Itajaí;Cais Arrendado Transitoriamente;30/10/2025 11:25;
9261889;CMACGM FORT ST LOUIS;Container Ship;CMA CGM;CMA CGM Group;Ocean Alliance;Santos;Cais da Santos Brasil (SSZ 16) - Privativo;12/08/2025 13:10;
9261889;CMACGM FORT ST LOUIS;Container Ship;CMA CGM;CMA CGM Group;Ocean Alliance;Santos;Cais da Santos Brasil (SSZ 16) - Privativo;04/11/2025 13:12;
9261889;CMACGM FORT ST LOUIS;Container Ship;CMA CGM;CMA CGM Group;Ocean Alliance;Itajaí;Cais Arrendado Transitoriamente;27/09/2025 12:35;
9261889;CMACGM FORT ST LOUIS;Container Ship;CMA CGM;CMA CGM Group;Ocean Alliance;Santos;Cais da Santos Brasil (SSZ 16) - Privativo;13/09/2025 04:25;
9261889;CMACGM FORT ST LOUIS;Container Ship;CMA CGM;CMA CGM Group;Ocean Alliance;Santos;Cais da Santos Brasil (SSZ 16) - Privativo;14/10/2025 06:45;
9261889;CMACGM FORT ST LOUIS;Container Ship;CMA CGM;CMA CGM Group;Ocean Alliance;Rio de Janeiro;ICTSI;09/11/2025 07:05;
9261889;CMACGM FORT ST LOUIS;Container Ship;CMA CGM;CMA CGM Group;Ocean Alliance;Santos;Cais da Santos Brasil (SSZ 16) - Privativo;29/09/2025 19:45;
9261889;CMACGM FORT ST LOUIS;Container Ship;CMA CGM;CMA CGM Group;Ocean Alliance;Itajaí;Cais Arrendado Transitoriamente;23/08/2025 11:43;
9261889;CMACGM FORT ST LOUIS;Container Ship;CMA CGM;CMA CGM Group;Ocean Alliance;Santos;Cais da Santos Brasil (SSZ 16) - Privativo;28/08/2025 00:15;
9285988;EUROPE;Container Ship;UNKNOWN;UNKNOWN;Unknown;Rio de Janeiro;Multi-Rio;13/09/2025 15:55;
9285988;EUROPE;Container Ship;UNKNOWN;UNKNOWN;Unknown;Itajaí;Cais Arrendado Transitoriamente;08/09/2025 22:07;
9285988;EUROPE;Container Ship;UNKNOWN;UNKNOWN;Unknown;Rio de Janeiro;Multi-Rio;09/08/2025 13:55;
9285988;EUROPE;Container Ship;UNKNOWN;UNKNOWN;Unknown;Paranaguá;TCP;26/11/2025 07:25;
9285988;EUROPE;Container Ship;UNKNOWN;UNKNOWN;Unknown;Santos;Cais da BTP (SSZ 41) - Privativo;11/11/2025 15:58;
9285988;EUROPE;Container Ship;UNKNOWN;UNKNOWN;Unknown;Santos;Cais da Santos Brasil (SSZ 16) - Privativo;19/08/2025 13:53;
9285988;EUROPE;Container Ship;UNKNOWN;UNKNOWN;Unknown;Rio de Janeiro;Multi-Rio;03/12/2025 12:10;
9285988;EUROPE;Container Ship;UNKNOWN;UNKNOWN;Unknown;Itajaí;Cais Arrendado Transitoriamente;30/11/2025 10:30;
9285988;EUROPE;Container Ship;UNKNOWN;UNKNOWN;Unknown;Itajaí;Cais Arrendado Transitoriamente;21/08/2025 19:35;
9285988;EUROPE;Container Ship;UNKNOWN;UNKNOWN;Unknown;Rio Grande;Cais Tecon Rio Grande S.A.;22/11/2025 14:45;
9285988;EUROPE;Container Ship;UNKNOWN;UNKNOWN;Unknown;Rio Grande;Cais Tecon Rio Grande S.A.;07/09/2025 09:50;
9285988;EUROPE;Container Ship;UNKNOWN;UNKNOWN;Unknown;Paranaguá;TCP;10/09/2025 06:00;
9285988;EUROPE;Container Ship;UNKNOWN;UNKNOWN;Unknown;Santos;Cais da BTP (SSZ 41) - Privativo;12/09/2025 02:00;
9302097;GLEN CANYON;Container Ship;UNKNOWN;UNKNOWN;Unknown;Portonave - Terminais Portuários de Navegantes;Portonave - Terminais Portuários de Navegantes;28/08/2025 15:00;
9416991;NYK RUMINA;Container Ship;UNKNOWN;UNKNOWN;Unknown;Rio Grande;Cais Tecon Rio Grande S.A.;11/07/2025 20:50;
9416991;NYK RUMINA;Container Ship;UNKNOWN;UNKNOWN;Unknown;Rio Grande;Cais Tecon Rio Grande S.A.;21/10/2025 19:50;
9717228;MAERSK SAN VINCENT;Container Ship;MAERSK;Maersk Group;Gemini Cooperation;Paranaguá;TCP;02/11/2025 18:15;
9717228;MAERSK SAN VINCENT;Container Ship;MAERSK;Maersk Group;Gemini Cooperation;Paranaguá;TCP;27/07/2025 18:26;
9122473;VELON 1;Container Ship;UNKNOWN;UNKNOWN;Unknown;Itajaí;Cais Arrendado Transitoriamente;09/07/2025 18:45;
9122473;VELON 1;Container Ship;UNKNOWN;UNKNOWN;Unknown;Paranaguá;TCP;08/07/2025 02:40;
9122473;VELON 1;Container Ship;UNKNOWN;UNKNOWN;Unknown;Santos;Cais da Ecoporto (SSZ 35) - Privativo;11/07/2025 15:10;
9283203;MAERSK MONTE PASCOAL;Container Ship;MAERSK;Maersk Group;Gemini Cooperation;Terminal Portuário do Pecém;Terminal Portuário do Pecém;20/07/2025 07:19;
9283203;MAERSK MONTE PASCOAL;Container Ship;MAERSK;Maersk Group;Gemini Cooperation;Rio Grande;Cais Tecon Rio Grande S.A.;26/08/2025 14:15;
9283203;MAERSK MONTE PASCOAL;Container Ship;MAERSK;Maersk Group;Gemini Cooperation;Rio de Janeiro;ICTSI;15/07/2025 04:00;
9283203;MAERSK MONTE PASCOAL;Container Ship;MAERSK;Maersk Group;Gemini Cooperation;Salvador;TECON Área 2;05/09/2025 03:23;
9283203;MAERSK MONTE PASCOAL;Container Ship;MAERSK;Maersk Group;Gemini Cooperation;Terminal Portuário do Pecém;Terminal Portuário do Pecém;07/09/2025 07:07;
9393022;MSC SHAY;Container Ship;MSC;MSC;MSC (standalone);Rio de Janeiro;Multi-Rio;19/09/2025 11:35;
9393022;MSC SHAY;Container Ship;MSC;MSC;MSC (standalone);Santos;Cais da Santos Brasil (SSZ 16) - Privativo;12/08/2025 15:35;
9393022;MSC SHAY;Container Ship;MSC;MSC;MSC (standalone);Itajaí;Cais Arrendado Transitoriamente;14/09/2025 16:50;
9393022;MSC SHAY;Container Ship;MSC;MSC;MSC (standalone);Itajaí;Cais Arrendado Transitoriamente;16/08/2025 09:43;
9393022;MSC SHAY;Container Ship;MSC;MSC;MSC (standalone);Santos;Cais da BTP (SSZ 41) - Privativo;22/09/2025 11:00;
9393022;MSC SHAY;Container Ship;MSC;MSC;MSC (standalone);Rio Grande;Cais Tecon Rio Grande S.A.;11/09/2025 06:45;
9393022;MSC SHAY;Container Ship;MSC;MSC;MSC (standalone);Rio de Janeiro;Multi-Rio;04/08/2025 11:50;
9211494;W KYRENIA;Container Ship;UNKNOWN;UNKNOWN;Unknown;Santos;Cais da Santos Brasil (SSZ 16) - Privativo;26/07/2025 12:50;
9211494;W KYRENIA;Container Ship;UNKNOWN;UNKNOWN;Unknown;Santos;Cais da Santos Brasil (SSZ 16) - Privativo;12/10/2025 02:50;
9224049;MSC SHIRLEY II;Container Ship;MSC;MSC;MSC (standalone);Salvador;TECON Área 2;06/08/2025 03:00;
9224049;MSC SHIRLEY II;Container Ship;MSC;MSC;MSC (standalone);Terminal Portuário do Pecém;Terminal Portuário do Pecém;29/07/2025 11:10;
9127021;MSC IZMIR F;Container Ship;MSC;MSC;MSC (standalone);Rio Grande;Cais Tecon Rio Grande S.A.;12/10/2025 15:15;
9127021;MSC IZMIR F;Container Ship;MSC;MSC;MSC (standalone);Rio Grande;Cais Tecon Rio Grande S.A.;20/09/2025 02:00;
9127021;MSC IZMIR F;Container Ship;MSC;MSC;MSC (standalone);Rio de Janeiro;Multi-Rio;17/11/2025 19:00;
9127021;MSC IZMIR F;Container Ship;MSC;MSC;MSC (standalone);Rio Grande;Cais Tecon Rio Grande S.A.;14/08/2025 20:35;
9127021;MSC IZMIR F;Container Ship;MSC;MSC;MSC (standalone);Rio Grande;Cais Tecon Rio Grande S.A.;06/09/2025 01:50;
9127021;MSC IZMIR F;Container Ship;MSC;MSC;MSC (standalone);Rio Grande;Cais Tecon Rio Grande S.A.;03/10/2025 10:15;
9127021;MSC IZMIR F;Container Ship;MSC;MSC;MSC (standalone);Rio Grande;Cais Tecon Rio Grande S.A.;05/08/2025 06:10;
9127021;MSC IZMIR F;Container Ship;MSC;MSC;MSC (standalone);Rio Grande;Cais Tecon Rio Grande S.A.;12/07/2025 05:00;
9127021;MSC IZMIR F;Container Ship;MSC;MSC;MSC (standalone);Rio Grande;Cais Tecon Rio Grande S.A.;21/07/2025 18:00;
9127021;MSC IZMIR F;Container Ship;MSC;MSC;MSC (standalone);Rio Grande;Cais Tecon Rio Grande S.A.;27/08/2025 21:00;
9127021;MSC IZMIR F;Container Ship;MSC;MSC;MSC (standalone);Rio Grande;Cais Tecon Rio Grande S.A.;24/10/2025 08:45;
9127021;MSC IZMIR F;Container Ship;MSC;MSC;MSC (standalone);Rio Grande;Cais Tecon Rio Grande S.A.;04/07/2025 21:20;
9127021;MSC IZMIR F;Container Ship;MSC;MSC;MSC (standalone);Rio Grande;Cais Tecon Rio Grande S.A.;06/11/2025 01:30;
9430399;SANTA BARBARA;Container Ship;UNKNOWN;UNKNOWN;Unknown;Santos;Cais da Santos Brasil (SSZ 16) - Privativo;29/06/2025 14:55;
9977701;CMA CGM PETRA;Container Ship;CMA CGM;CMA CGM Group;Ocean Alliance;Santos;Cais da Santos Brasil (SSZ 16) - Privativo;05/10/2025 01:54;
9977701;CMA CGM PETRA;Container Ship;CMA CGM;CMA CGM Group;Ocean Alliance;Santos;Cais da Santos Brasil (SSZ 16) - Privativo;21/07/2025 11:13;
9977701;CMA CGM PETRA;Container Ship;CMA CGM;CMA CGM Group;Ocean Alliance;Santos;Cais da Santos Brasil (SSZ 16) - Privativo;19/07/2025 22:36;
9770749;MSC BIANCA;Container Ship;MSC;MSC;MSC (standalone);Paranaguá;TCP;12/10/2025 04:20;
9770749;MSC BIANCA;Container Ship;MSC;MSC;MSC (standalone);Portonave - Terminais Portuários de Navegantes;Portonave - Terminais Portuários de Navegantes;06/10/2025 19:48;
9770749;MSC BIANCA;Container Ship;MSC;MSC;MSC (standalone);Rio de Janeiro;Multi-Rio;16/10/2025 07:00;
9770749;MSC BIANCA;Container Ship;MSC;MSC;MSC (standalone);Rio de Janeiro;Multi-Rio;14/09/2025 12:30;
9770749;MSC BIANCA;Container Ship;MSC;MSC;MSC (standalone);Itajaí;Cais Arrendado Transitoriamente;07/10/2025 06:09;
9770749;MSC BIANCA;Container Ship;MSC;MSC;MSC (standalone);Santos;Cais da BTP (SSZ 41) - Privativo;17/09/2025 23:10;
9770749;MSC BIANCA;Container Ship;MSC;MSC;MSC (standalone);Santos;Cais da BTP (SSZ 41) - Privativo;14/10/2025 04:18;
9770749;MSC BIANCA;Container Ship;MSC;MSC;MSC (standalone);Rio Grande;Cais Tecon Rio Grande S.A.;02/10/2025 08:25;
9957347;MSC THAIS;Container Ship;MSC;MSC;MSC (standalone);Terminal Portuário do Pecém;Terminal Portuário do Pecém;01/09/2025 12:32;
9957347;MSC THAIS;Container Ship;MSC;MSC;MSC (standalone);Terminal Portuário do Pecém;Terminal Portuário do Pecém;02/09/2025 08:04;
9957347;MSC THAIS;Container Ship;MSC;MSC;MSC (standalone);Salvador;TECON Área 2;05/09/2025 09:35;
9957347;MSC THAIS;Container Ship;MSC;MSC;MSC (standalone);Santos;Cais da BTP (SSZ 41) - Privativo;10/09/2025 10:41;
9991202;MAERSK FREEPORT;Container Ship;MAERSK;Maersk Group;Gemini Cooperation;Rio Grande;Cais Tecon Rio Grande S.A.;17/12/2025 10:25;
9991202;MAERSK FREEPORT;Container Ship;MAERSK;Maersk Group;Gemini Cooperation;Terminal Portuário do Pecém;Terminal Portuário do Pecém;22/09/2025 05:55;
9991202;MAERSK FREEPORT;Container Ship;MAERSK;Maersk Group;Gemini Cooperation;Santos;Cais da Santos Brasil (SSZ 16) - Privativo;02/11/2025 15:23;
9991202;MAERSK FREEPORT;Container Ship;MAERSK;Maersk Group;Gemini Cooperation;Rio Grande;Cais Tecon Rio Grande S.A.;09/09/2025 19:10;
9991202;MAERSK FREEPORT;Container Ship;MAERSK;Maersk Group;Gemini Cooperation;Terminal Portuário do Pecém;Terminal Portuário do Pecém;28/12/2025 02:36;
9991202;MAERSK FREEPORT;Container Ship;MAERSK;Maersk Group;Gemini Cooperation;Rio Grande;Cais Tecon Rio Grande S.A.;07/11/2025 03:00;
9991202;MAERSK FREEPORT;Container Ship;MAERSK;Maersk Group;Gemini Cooperation;Rio de Janeiro;ICTSI;01/11/2025 11:00;
9991202;MAERSK FREEPORT;Container Ship;MAERSK;Maersk Group;Gemini Cooperation;Santos;Cais da Santos Brasil (SSZ 16) - Privativo;31/08/2025 20:05;
9278155;MSC NERISSA V;Container Ship;MSC;MSC;MSC (standalone);Itajaí;Cais Arrendado Transitoriamente;12/12/2025 08:37;
9278155;MSC NERISSA V;Container Ship;MSC;MSC;MSC (standalone);Santos;Cais da BTP (SSZ 41) - Privativo;23/11/2025 20:55;
9278155;MSC NERISSA V;Container Ship;MSC;MSC;MSC (standalone);Paranaguá;TCP;24/09/2025 19:15;
9278155;MSC NERISSA V;Container Ship;MSC;MSC;MSC (standalone);Itajaí;Cais Arrendado Transitoriamente;28/09/2025 18:35;
9278155;MSC NERISSA V;Container Ship;MSC;MSC;MSC (standalone);Paranaguá;TCP;11/12/2025 05:10;
9278155;MSC NERISSA V;Container Ship;MSC;MSC;MSC (standalone);Rio de Janeiro;Multi-Rio;16/12/2025 15:10;
9278155;MSC NERISSA V;Container Ship;MSC;MSC;MSC (standalone);Rio Grande;Cais Tecon Rio Grande S.A.;07/12/2025 13:50;
9278155;MSC NERISSA V;Container Ship;MSC;MSC;MSC (standalone);Rio de Janeiro;Multi-Rio;04/10/2025 18:30;
9278155;MSC NERISSA V;Container Ship;MSC;MSC;MSC (standalone);Santos;Cais da BTP (SSZ 41) - Privativo;02/10/2025 11:55;
9278155;MSC NERISSA V;Container Ship;MSC;MSC;MSC (standalone);Santos;Cais da BTP (SSZ 41) - Privativo;14/09/2025 12:53;
9278155;MSC NERISSA V;Container Ship;MSC;MSC;MSC (standalone);Rio de Janeiro;Multi-Rio;16/09/2025 10:20;
9278155;MSC NERISSA V;Container Ship;MSC;MSC;MSC (standalone);Salvador;TECON;07/10/2025 16:05;
9355513;MAERSK JASTRAM;;MAERSK;Maersk Group;Gemini Cooperation;Vitória;Cais de Capuaba;05/11/2025 14:55;3500.0
9405100;TIGER GAUCHO;Container Ship;UNKNOWN;UNKNOWN;Unknown;Rio Grande;Cais Tecon Rio Grande S.A.;22/12/2025 21:40;
9405100;TIGER GAUCHO;Container Ship;UNKNOWN;UNKNOWN;Unknown;Rio Grande;Cais Tecon Rio Grande S.A.;03/12/2025 04:00;
9405100;TIGER GAUCHO;Container Ship;UNKNOWN;UNKNOWN;Unknown;Rio Grande;Cais Tecon Rio Grande S.A.;05/10/2025 04:15;
9405100;TIGER GAUCHO;Container Ship;UNKNOWN;UNKNOWN;Unknown;Rio Grande;Cais Tecon Rio Grande S.A.;18/11/2025 22:50;
9405100;TIGER GAUCHO;Container Ship;UNKNOWN;UNKNOWN;Unknown;Rio Grande;Cais Tecon Rio Grande S.A.;29/09/2025 12:35;
9405100;TIGER GAUCHO;Container Ship;UNKNOWN;UNKNOWN;Unknown;Rio Grande;Cais Tecon Rio Grande S.A.;23/09/2025 22:45;
9405100;TIGER GAUCHO;Container Ship;UNKNOWN;UNKNOWN;Unknown;Rio Grande;Cais Tecon Rio Grande S.A.;13/10/2025 22:00;
9405100;TIGER GAUCHO;Container Ship;UNKNOWN;UNKNOWN;Unknown;Rio Grande;Cais Tecon Rio Grande S.A.;20/10/2025 17:30;
9405100;TIGER GAUCHO;Container Ship;UNKNOWN;UNKNOWN;Unknown;Rio Grande;Cais Tecon Rio Grande S.A.;16/12/2025 08:25;
9405100;TIGER GAUCHO;Container Ship;UNKNOWN;UNKNOWN;Unknown;Rio Grande;Cais Tecon Rio Grande S.A.;04/11/2025 11:05;
9405100;TIGER GAUCHO;Container Ship;UNKNOWN;UNKNOWN;Unknown;Rio Grande;Cais Tecon Rio Grande S.A.;13/11/2025 10:00;
9405100;TIGER GAUCHO;Container Ship;UNKNOWN;UNKNOWN;Unknown;Rio Grande;Cais Tecon Rio Grande S.A.;08/12/2025 18:00;
9405100;TIGER GAUCHO;Container Ship;UNKNOWN;UNKNOWN;Unknown;Rio Grande;Cais Tecon Rio Grande S.A.;27/10/2025 20:20;
9631125;LORI;Container Ship;UNKNOWN;UNKNOWN;Unknown;Rio de Janeiro;ICTSI;04/10/2025 11:10;
9631125;LORI;Container Ship;UNKNOWN;UNKNOWN;Unknown;Rio de Janeiro;ICTSI;16/08/2025 07:10;
9631125;LORI;Container Ship;UNKNOWN;UNKNOWN;Unknown;Santos;Cais da Santos Brasil (SSZ 16) - Privativo;23/11/2025 23:35;
9631125;LORI;Container Ship;UNKNOWN;UNKNOWN;Unknown;Rio de Janeiro;ICTSI;22/11/2025 10:30;
9631125;LORI;Container Ship;UNKNOWN;UNKNOWN;Unknown;Santos;Cais da Santos Brasil (SSZ 16) - Privativo;07/10/2025 08:48;
9631125;LORI;Container Ship;UNKNOWN;UNKNOWN;Unknown;Santos;Cais da Santos Brasil (SSZ 16) - Privativo;17/08/2025 18:17;
9641235;COSTA RICA EXPRESS;Container Ship;HAPAG-LLOYD;Hapag-Lloyd;Gemini Cooperation;Rio Grande;Cais Tecon Rio Grande S.A.;29/09/2025 22:50;
9641235;COSTA RICA EXPRESS;Container Ship;HAPAG-LLOYD;Hapag-Lloyd;Gemini Cooperation;Rio Grande;Cais Tecon Rio Grande S.A.;09/12/2025 04:55;
9641235;COSTA RICA EXPRESS;Container Ship;HAPAG-LLOYD;Hapag-Lloyd;Gemini Cooperation;Itajaí;Cais Arrendado Transitoriamente;02/10/2025 22:22;
9976587;HMM OCEAN;Container Ship;HMM;HMM;Premier Alliance;Paranaguá;TCP;05/09/2025 14:55;
9976587;HMM OCEAN;Container Ship;HMM;HMM;Premier Alliance;Portonave - Terminais Portuários de Navegantes;Portonave - Terminais Portuários de Navegantes;08/09/2025 06:54;
9326768;MSC NISHA V;Container Ship;MSC;MSC;MSC (standalone);Super Terminais Comércio e Indústria;Super Terminais Comércio e Indústria;29/07/2025 22:45;
9735206;MSC PALAK;Container Ship;MSC;MSC;MSC (standalone);Salvador;TECON;06/09/2025 15:20;
9288409;MSC YAMUNA VI;Container Ship;MSC;MSC;MSC (standalone);Rio Grande;Cais Tecon Rio Grande S.A.;11/10/2025 11:35;
9288409;MSC YAMUNA VI;Container Ship;MSC;MSC;MSC (standalone);Rio de Janeiro;Multi-Rio;01/10/2025 05:30;
9288409;MSC YAMUNA VI;Container Ship;MSC;MSC;MSC (standalone);Rio de Janeiro;Multi-Rio;27/10/2025 08:15;
9288409;MSC YAMUNA VI;Container Ship;MSC;MSC;MSC (standalone);Santos;Cais da BTP (SSZ 41) - Privativo;29/09/2025 20:00;
9288409;MSC YAMUNA VI;Container Ship;MSC;MSC;MSC (standalone);Santos;Cais da BTP (SSZ 41) - Privativo;22/10/2025 03:55;
9288409;MSC YAMUNA VI;Container Ship;MSC;MSC;MSC (standalone);Santos;Cais da BTP (SSZ 41) - Privativo;20/12/2025 13:03;
9288409;MSC YAMUNA VI;Container Ship;MSC;MSC;MSC (standalone);Itajaí;Cais Arrendado Transitoriamente;15/10/2025 12:46;
9288409;MSC YAMUNA VI;Container Ship;MSC;MSC;MSC (standalone);Itajaí;Cais Arrendado Transitoriamente;29/12/2025 16:20;
1016680;MSC EDNA;Container Ship;MSC;MSC;MSC (standalone);Itajaí;Cais Arrendado Transitoriamente;13/10/2025 15:45;
1016666;MSC INSA;Container Ship;MSC;MSC;MSC (standalone);Rio de Janeiro;Multi-Rio;28/12/2025 09:30;
1016666;MSC INSA;Container Ship;MSC;MSC;MSC (standalone);Salvador;TECON Área 2;31/12/2025 05:00;
1016666;MSC INSA;Container Ship;MSC;MSC;MSC (standalone);Santos;Cais da BTP (SSZ 41) - Privativo;11/10/2025 11:54;
1016666;MSC INSA;Container Ship;MSC;MSC;MSC (standalone);Paranaguá;TCP;20/09/2025 05:00;
1016666;MSC INSA;Container Ship;MSC;MSC;MSC (standalone);Itajaí;Cais Arrendado Transitoriamente;26/09/2025 02:02;
1016666;MSC INSA;Container Ship;MSC;MSC;MSC (standalone);Santos;Cais da BTP (SSZ 41) - Privativo;22/12/2025 09:59;
1016666;MSC INSA;Container Ship;MSC;MSC;MSC (standalone);Rio de Janeiro;Multi-Rio;10/09/2025 14:25;
1016666;MSC INSA;Container Ship;MSC;MSC;MSC (standalone);Terminal Portuário do Pecém;Terminal Portuário do Pecém;20/10/2025 05:21;
1016666;MSC INSA;Container Ship;MSC;MSC;MSC (standalone);Paranaguá;TCP;16/12/2025 14:55;
1016666;MSC INSA;Container Ship;MSC;MSC;MSC (standalone);Salvador;TECON;15/10/2025 10:20;
1016666;MSC INSA;Container Ship;MSC;MSC;MSC (standalone);Portonave - Terminais Portuários de Navegantes;Portonave - Terminais Portuários de Navegantes;09/10/2025 17:30;
1016666;MSC INSA;Container Ship;MSC;MSC;MSC (standalone);Rio Grande;Cais Tecon Rio Grande S.A.;13/12/2025 14:50;
1016666;MSC INSA;Container Ship;MSC;MSC;MSC (standalone);Portonave - Terminais Portuários de Navegantes;Portonave - Terminais Portuários de Navegantes;19/12/2025 23:18;
1016666;MSC INSA;Container Ship;MSC;MSC;MSC (standalone);Santos;Cais da BTP (SSZ 41) - Privativo;04/12/2025 09:27;
1016666;MSC INSA;Container Ship;MSC;MSC;MSC (standalone);Rio de Janeiro;Multi-Rio;01/12/2025 17:50;
1016666;MSC INSA;Container Ship;MSC;MSC;MSC (standalone);Santos;Cais da Santos Brasil (SSZ 16) - Privativo;18/09/2025 03:00;
9141297;MSC ROCHELLE;Container Ship;MSC;MSC;MSC (standalone);Rio de Janeiro;Multi-Rio;31/10/2025 15:05;
9141297;MSC ROCHELLE;Container Ship;MSC;MSC;MSC (standalone);Paranaguá;TCP;22/10/2025 17:25;
9141297;MSC ROCHELLE;Container Ship;MSC;MSC;MSC (standalone);Rio Grande;Cais Tecon Rio Grande S.A.;17/10/2025 20:00;
9141297;MSC ROCHELLE;Container Ship;MSC;MSC;MSC (standalone);Salvador;TECON;03/11/2025 12:30;
9141297;MSC ROCHELLE;Container Ship;MSC;MSC;MSC (standalone);Santos;Cais da BTP (SSZ 41) - Privativo;27/10/2025 20:07;
9141297;MSC ROCHELLE;Container Ship;MSC;MSC;MSC (standalone);Itajaí;Cais Arrendado Transitoriamente;19/10/2025 21:39;
1016692;MSC ADELE;Container Ship;MSC;MSC;MSC (standalone);Terminal Portuário do Pecém;Terminal Portuário do Pecém;11/11/2025 13:18;
1016692;MSC ADELE;Container Ship;MSC;MSC;MSC (standalone);Rio de Janeiro;Multi-Rio;06/10/2025 15:10;
1016692;MSC ADELE;Container Ship;MSC;MSC;MSC (standalone);Rio de Janeiro;Multi-Rio;28/12/2025 11:20;
1016692;MSC ADELE;Container Ship;MSC;MSC;MSC (standalone);Rio de Janeiro;Multi-Rio;03/11/2025 08:30;
1016692;MSC ADELE;Container Ship;MSC;MSC;MSC (standalone);Salvador;TECON Área 2;07/11/2025 03:00;
1016692;MSC ADELE;Container Ship;MSC;MSC;MSC (standalone);Paranaguá;TCP;29/10/2025 07:50;
1016692;MSC ADELE;Container Ship;MSC;MSC;MSC (standalone);Santos;Cais da BTP (SSZ 41) - Privativo;01/11/2025 09:12;
1016692;MSC ADELE;Container Ship;MSC;MSC;MSC (standalone);Santos;Cais da BTP (SSZ 41) - Privativo;09/10/2025 03:28;
8512906;MSC ADELE;Container Ship;MSC;MSC;MSC (standalone);Itajaí;Cais Arrendado Transitoriamente;12/10/2025 17:22;
9778090;MSC YASHI B;Container Ship;MSC;MSC;MSC (standalone);Rio de Janeiro;Multi-Rio;19/11/2025 06:50;
9778090;MSC YASHI B;Container Ship;MSC;MSC;MSC (standalone);Rio de Janeiro;Multi-Rio;27/10/2025 20:45;
9778090;MSC YASHI B;Container Ship;MSC;MSC;MSC (standalone);Paranaguá;TCP;07/11/2025 02:35;
9778090;MSC YASHI B;Container Ship;MSC;MSC;MSC (standalone);Santos;Cais da Santos Brasil (SSZ 16) - Privativo;31/12/2025 05:20;
9778090;MSC YASHI B;Container Ship;MSC;MSC;MSC (standalone);Santos;Cais da Santos Brasil (SSZ 16) - Privativo;29/10/2025 14:29;
9778090;MSC YASHI B;Container Ship;MSC;MSC;MSC (standalone);Rio de Janeiro;Multi-Rio;29/12/2025 17:00;
9778090;MSC YASHI B;Container Ship;MSC;MSC;MSC (standalone);Santos;Cais da BTP (SSZ 41) - Privativo;17/11/2025 11:50;
9778090;MSC YASHI B;Container Ship;MSC;MSC;MSC (standalone);Portonave - Terminais Portuários de Navegantes;Portonave - Terminais Portuários de Navegantes;12/11/2025 11:48;
9461403;MSC LA SPEZIA;;MSC;MSC;MSC (standalone);Terminal Portuário do Pecém;Terminal Portuário do Pecém;24/08/2025 16:55;13102.0
9461403;MSC LA SPEZIA;;MSC;MSC;MSC (standalone);Terminal Portuário do Pecém;Terminal Portuário do Pecém;25/08/2025 06:25;13102.0
9252541;NORTHERN MAGNITUDE;;Hapag-Lloyd;UNKNOWN;Unknown;Santos;Cais da BTP (SSZ 41) - Privativo;04/12/2025 01:30;6700.0
9252541;NORTHERN MAGNITUDE;;Hapag-Lloyd;UNKNOWN;Unknown;Rio de Janeiro;Multi-Rio;26/12/2025 13:45;6700.0
9252541;NORTHERN MAGNITUDE;;Hapag-Lloyd;UNKNOWN;Unknown;Paranaguá;TCP;17/12/2025 17:50;6700.0
9252541;NORTHERN MAGNITUDE;;Hapag-Lloyd;UNKNOWN;Unknown;Itajaí;Cais Arrendado Transitoriamente;06/10/2025 12:50;6700.0
9252541;NORTHERN MAGNITUDE;;Hapag-Lloyd;UNKNOWN;Unknown;Rio de Janeiro;Multi-Rio;11/10/2025 15:10;6700.0
9252541;NORTHERN MAGNITUDE;;Hapag-Lloyd;UNKNOWN;Unknown;Santos;Cais da BTP (SSZ 41) - Privativo;23/12/2025 23:30;6700.0
9252541;NORTHERN MAGNITUDE;;Hapag-Lloyd;UNKNOWN;Unknown;Santos;Cais da BTP (SSZ 41) - Privativo;09/10/2025 09:40;6700.0
9252541;NORTHERN MAGNITUDE;;Hapag-Lloyd;UNKNOWN;Unknown;Rio Grande;Cais Tecon Rio Grande S.A.;21/12/2025 09:45;6700.0
9252541;NORTHERN MAGNITUDE;;Hapag-Lloyd;UNKNOWN;Unknown;Itajaí;Cais Arrendado Transitoriamente;19/12/2025 02:53;6700.0
9252541;NORTHERN MAGNITUDE;;Hapag-Lloyd;UNKNOWN;Unknown;Santos;Cais da BTP (SSZ 41) - Privativo;22/09/2025 02:32;6700.0
9252541;NORTHERN MAGNITUDE;;Hapag-Lloyd;UNKNOWN;Unknown;Paranaguá;TCP;05/10/2025 00:00;6700.0
9252541;NORTHERN MAGNITUDE;;Hapag-Lloyd;UNKNOWN;Unknown;Itajaí;Cais Arrendado Transitoriamente;07/12/2025 10:28;6700.0
9252541;NORTHERN MAGNITUDE;;Hapag-Lloyd;UNKNOWN;Unknown;Salvador;TECON Área 2;15/10/2025 19:15;6700.0
9969065;MAERSK FRANKFURT;Container Ship;MAERSK;Maersk Group;Gemini Cooperation;Terminal Portuário do Pecém;Terminal Portuário do Pecém;14/12/2025 07:05;
9969065;MAERSK FRANKFURT;Container Ship;MAERSK;Maersk Group;Gemini Cooperation;Terminal Portuário do Pecém;Terminal Portuário do Pecém;26/10/2025 07:28;
9969065;MAERSK FRANKFURT;Container Ship;MAERSK;Maersk Group;Gemini Cooperation;Rio Grande;Cais Tecon Rio Grande S.A.;03/12/2025 09:10;
9698654;SAN FRANCISCA;Container Ship;UNKNOWN;UNKNOWN;Unknown;Paranaguá;TCP;13/11/2025 01:18;
9704996;MSC JULIE;Container Ship;MSC;MSC;MSC (standalone);Itajaí;Cais Arrendado Transitoriamente;01/11/2025 17:40;
9704996;MSC JULIE;Container Ship;MSC;MSC;MSC (standalone);Santos;Cais da Santos Brasil (SSZ 16) - Privativo;22/10/2025 09:08;
9704996;MSC JULIE;Container Ship;MSC;MSC;MSC (standalone);Rio Grande;Cais Tecon Rio Grande S.A.;09/11/2025 14:20;
9704996;MSC JULIE;Container Ship;MSC;MSC;MSC (standalone);Rio de Janeiro;Multi-Rio;17/10/2025 17:40;
9704996;MSC JULIE;Container Ship;MSC;MSC;MSC (standalone);Rio de Janeiro;Multi-Rio;24/11/2025 06:25;
9704996;MSC JULIE;Container Ship;MSC;MSC;MSC (standalone);Paranaguá;TCP;30/10/2025 03:55;
9704996;MSC JULIE;Container Ship;MSC;MSC;MSC (standalone);Paranaguá;TCP;15/11/2025 09:25;
9704996;MSC JULIE;Container Ship;MSC;MSC;MSC (standalone);Santos;Cais da BTP (SSZ 41) - Privativo;19/11/2025 09:09;
9704996;MSC JULIE;Container Ship;MSC;MSC;MSC (standalone);Itajaí;Cais Arrendado Transitoriamente;13/11/2025 22:05;
9286267;MSC GREENWICH;Container Ship;MSC;MSC;MSC (standalone);Rio Grande;Cais Tecon Rio Grande S.A.;20/11/2025 06:10;
9286267;MSC GREENWICH;Container Ship;MSC;MSC;MSC (standalone);Itajaí;Cais Arrendado Transitoriamente;07/11/2025 15:35;
9286267;MSC GREENWICH;Container Ship;MSC;MSC;MSC (standalone);Paranaguá;TCP;04/11/2025 15:55;
9286267;MSC GREENWICH;Container Ship;MSC;MSC;MSC (standalone);Santos;Cais da BTP (SSZ 41) - Privativo;23/10/2025 04:40;
9286267;MSC GREENWICH;Container Ship;MSC;MSC;MSC (standalone);Santos;Cais da BTP (SSZ 41) - Privativo;25/11/2025 05:00;
9286267;MSC GREENWICH;Container Ship;MSC;MSC;MSC (standalone);Rio de Janeiro;Multi-Rio;21/10/2025 11:10;
9286267;MSC GREENWICH;Container Ship;MSC;MSC;MSC (standalone);Itajaí;Cais Arrendado Transitoriamente;22/11/2025 21:30;
9467445;MSC KATRINA;Container Ship;MSC;MSC;MSC (standalone);Terminal Portuário do Pecém;Terminal Portuário do Pecém;20/10/2025 17:56;
9467445;MSC KATRINA;Container Ship;MSC;MSC;MSC (standalone);Terminal Portuário do Pecém;Terminal Portuário do Pecém;21/10/2025 09:46;
9467445;MSC KATRINA;Container Ship;MSC;MSC;MSC (standalone);Salvador;TECON Área 2;14/10/2025 09:00;
9467445;MSC KATRINA;Container Ship;MSC;MSC;MSC (standalone);Santos;Cais da BTP (SSZ 41) - Privativo;28/10/2025 10:42;
9321029;PRESTIGE;Container Ship;UNKNOWN;UNKNOWN;Unknown;Santos;Cais da Santos Brasil (SSZ 16) - Privativo;22/11/2025 06:36;
9321029;PRESTIGE;Container Ship;UNKNOWN;UNKNOWN;Unknown;Santos;Cais da Santos Brasil (SSZ 16) - Privativo;07/09/2025 07:02;
9979278;MAERSK FORTALEZA;Container Ship;MAERSK;Maersk Group;Gemini Cooperation;Terminal Portuário do Pecém;Terminal Portuário do Pecém;19/10/2025 06:37;
9979278;MAERSK FORTALEZA;Container Ship;MAERSK;Maersk Group;Gemini Cooperation;Rio Grande;Cais Tecon Rio Grande S.A.;25/11/2025 12:30;
9979278;MAERSK FORTALEZA;Container Ship;MAERSK;Maersk Group;Gemini Cooperation;Rio Grande;Cais Tecon Rio Grande S.A.;08/10/2025 06:10;
9979278;MAERSK FORTALEZA;Container Ship;MAERSK;Maersk Group;Gemini Cooperation;Rio de Janeiro;ICTSI;01/12/2025 11:55;
9979278;MAERSK FORTALEZA;Container Ship;MAERSK;Maersk Group;Gemini Cooperation;Santos;Cais da Santos Brasil (SSZ 16) - Privativo;13/09/2025 23:50;
9979278;MAERSK FORTALEZA;Container Ship;MAERSK;Maersk Group;Gemini Cooperation;Terminal Portuário do Pecém;Terminal Portuário do Pecém;07/12/2025 06:22;
9295220;CMA CGM SHANGHAI;Container Ship;CMA CGM;CMA CGM Group;Ocean Alliance;Santos;Cais da Santos Brasil (SSZ 16) - Privativo;21/09/2025 18:15;
9694593;WIDE HOTEL;Container Ship;UNKNOWN;UNKNOWN;Unknown;Rio Grande;Cais Tecon Rio Grande S.A.;08/10/2025 19:35;
9694593;WIDE HOTEL;Container Ship;UNKNOWN;UNKNOWN;Unknown;Itajaí;Cais Arrendado Transitoriamente;29/10/2025 05:57;
9694593;WIDE HOTEL;Container Ship;UNKNOWN;UNKNOWN;Unknown;Rio Grande;Cais Tecon Rio Grande S.A.;26/10/2025 16:55;
9694593;WIDE HOTEL;Container Ship;UNKNOWN;UNKNOWN;Unknown;Paranaguá;TCP;01/11/2025 14:48;
9720483;MSC CHLOE;Container Ship;MSC;MSC;MSC (standalone);Santos;Cais da BTP (SSZ 41) - Privativo;21/10/2025 07:59;
9720483;MSC CHLOE;Container Ship;MSC;MSC;MSC (standalone);Salvador;TECON;18/11/2025 09:30;
9720483;MSC CHLOE;Container Ship;MSC;MSC;MSC (standalone);Paranaguá;TCP;05/11/2025 05:20;
9720483;MSC CHLOE;Container Ship;MSC;MSC;MSC (standalone);Rio de Janeiro;Multi-Rio;19/10/2025 11:40;
9720483;MSC CHLOE;Container Ship;MSC;MSC;MSC (standalone);Rio Grande;Cais Tecon Rio Grande S.A.;02/11/2025 05:00;
9720483;MSC CHLOE;Container Ship;MSC;MSC;MSC (standalone);Portonave - Terminais Portuários de Navegantes;Portonave - Terminais Portuários de Navegantes;03/11/2025 22:12;
9720483;MSC CHLOE;Container Ship;MSC;MSC;MSC (standalone);Terminal Portuário do Pecém;Terminal Portuário do Pecém;21/11/2025 15:33;
9720483;MSC CHLOE;Container Ship;MSC;MSC;MSC (standalone);Rio de Janeiro;Multi-Rio;14/11/2025 15:15;
9525376;MAERSK CHENNAI;;MAERSK;Maersk Group;Gemini Cooperation;Rio de Janeiro;Multi-Rio;18/12/2025 18:50;4500.0
9525376;MAERSK CHENNAI;;MAERSK;Maersk Group;Gemini Cooperation;Santos;Cais da BTP (SSZ 41) - Privativo;07/12/2025 01:47;4500.0
9525376;MAERSK CHENNAI;;MAERSK;Maersk Group;Gemini Cooperation;Santos;Cais da BTP (SSZ 41) - Privativo;19/10/2025 14:45;4500.0
9525376;MAERSK CHENNAI;;MAERSK;Maersk Group;Gemini Cooperation;Santos;Cais da BTP (SSZ 41) - Privativo;12/10/2025 20:45;4500.0
9525376;MAERSK CHENNAI;;MAERSK;Maersk Group;Gemini Cooperation;Rio de Janeiro;Multi-Rio;21/10/2025 13:20;4500.0
9525376;MAERSK CHENNAI;;MAERSK;Maersk Group;Gemini Cooperation;Santos;Cais da BTP (SSZ 41) - Privativo;16/12/2025 14:22;4500.0
9369734;MSC BREMEN;Container Ship;MSC;MSC;MSC (standalone);Portonave - Terminais Portuários de Navegantes;Portonave - Terminais Portuários de Navegantes;20/10/2025 17:30;
9369734;MSC BREMEN;Container Ship;MSC;MSC;MSC (standalone);Itajaí;Cais Arrendado Transitoriamente;02/11/2025 18:19;
9369734;MSC BREMEN;Container Ship;MSC;MSC;MSC (standalone);Rio de Janeiro;Multi-Rio;11/11/2025 09:45;
9369734;MSC BREMEN;Container Ship;MSC;MSC;MSC (standalone);Santos;Cais da BTP (SSZ 41) - Privativo;07/11/2025 07:19;
9369734;MSC BREMEN;Container Ship;MSC;MSC;MSC (standalone);Santos;Cais da BTP (SSZ 41) - Privativo;18/10/2025 05:27;
9767998;VUNG TAU EXPRESS;Container Ship;HAPAG-LLOYD;Hapag-Lloyd;Gemini Cooperation;Rio Grande;Cais Tecon Rio Grande S.A.;09/11/2025 18:40;
9767998;VUNG TAU EXPRESS;Container Ship;HAPAG-LLOYD;Hapag-Lloyd;Gemini Cooperation;Paranaguá;TCP;18/11/2025 11:30;
9767998;VUNG TAU EXPRESS;Container Ship;HAPAG-LLOYD;Hapag-Lloyd;Gemini Cooperation;Portonave - Terminais Portuários de Navegantes;Portonave - Terminais Portuários de Navegantes;24/10/2025 18:42;
9767998;VUNG TAU EXPRESS;Container Ship;HAPAG-LLOYD;Hapag-Lloyd;Gemini Cooperation;Portonave - Terminais Portuários de Navegantes;Portonave - Terminais Portuários de Navegantes;15/11/2025 07:30;
9767998;VUNG TAU EXPRESS;Container Ship;HAPAG-LLOYD;Hapag-Lloyd;Gemini Cooperation;Santos;Cais da BTP (SSZ 41) - Privativo;20/11/2025 20:09;
9767998;VUNG TAU EXPRESS;Container Ship;HAPAG-LLOYD;Hapag-Lloyd;Gemini Cooperation;Santos;Cais da BTP (SSZ 41) - Privativo;20/10/2025 12:55;
9767998;VUNG TAU EXPRESS;Container Ship;HAPAG-LLOYD;Hapag-Lloyd;Gemini Cooperation;Paranaguá;TCP;23/10/2025 13:25;
9305661;HYUNDAI HONGKONG;Container Ship;HMM;HMM;Premier Alliance;Portonave - Terminais Portuários de Navegantes;Portonave - Terminais Portuários de Navegantes;13/11/2025 05:30;
9305661;HYUNDAI HONGKONG;Container Ship;HMM;HMM;Premier Alliance;Paranaguá;TCP;07/11/2025 19:45;
9208186;GHIBLI;Container Ship;UNKNOWN;UNKNOWN;Unknown;Santos;Cais da Ecoporto (SSZ 35) - Privativo;24/10/2025 07:59;
9208186;GHIBLI;Container Ship;UNKNOWN;UNKNOWN;Unknown;Itajaí;Cais Arrendado Transitoriamente;06/11/2025 01:44;
9299795;CMA CGM LA TRAVIATA;Container Ship;CMA CGM;CMA CGM Group;Ocean Alliance;Santos;Cais da Santos Brasil (SSZ 16) - Privativo;08/11/2025 14:20;
9299795;CMA CGM LA TRAVIATA;Container Ship;CMA CGM;CMA CGM Group;Ocean Alliance;Itajaí;Cais Arrendado Transitoriamente;12/11/2025 13:54;
9968865;KOTA EMBUN;Container Ship;PIL;PIL;Non-aligned;Rio de Janeiro;ICTSI;03/11/2025 16:20;
9968865;KOTA EMBUN;Container Ship;PIL;PIL;Non-aligned;Santos;Cais da Santos Brasil (SSZ 16) - Privativo;26/11/2025 21:20;
9968865;KOTA EMBUN;Container Ship;PIL;PIL;Non-aligned;Itajaí;Cais Arrendado Transitoriamente;06/11/2025 09:00;
9968865;KOTA EMBUN;Container Ship;PIL;PIL;Non-aligned;Santos;Cais da Santos Brasil (SSZ 16) - Privativo;02/11/2025 00:52;
9968865;KOTA EMBUN;Container Ship;PIL;PIL;Non-aligned;Paranaguá;TCP;23/11/2025 04:10;
9978949;MSC MUGE;Container Ship;MSC;MSC;MSC (standalone);Itajaí;Cais Arrendado Transitoriamente;17/11/2025 19:31;
9978949;MSC MUGE;Container Ship;MSC;MSC;MSC (standalone);Santos;Cais da BTP (SSZ 41) - Privativo;14/11/2025 06:39;
9978949;MSC MUGE;Container Ship;MSC;MSC;MSC (standalone);Terminal Portuário do Pecém;Terminal Portuário do Pecém;16/12/2025 07:34;
9978949;MSC MUGE;Container Ship;MSC;MSC;MSC (standalone);Rio de Janeiro;Multi-Rio;11/11/2025 16:55;
9978949;MSC MUGE;Container Ship;MSC;MSC;MSC (standalone);Portonave - Terminais Portuários de Navegantes;Portonave - Terminais Portuários de Navegantes;29/11/2025 23:42;
9978949;MSC MUGE;Container Ship;MSC;MSC;MSC (standalone);Santos;Cais da BTP (SSZ 41) - Privativo;07/12/2025 12:16;
9978949;MSC MUGE;Container Ship;MSC;MSC;MSC (standalone);Rio Grande;Cais Tecon Rio Grande S.A.;04/12/2025 11:00;
9395044;EA TITICACA;Container Ship;UNKNOWN;UNKNOWN;Unknown;Santos;Cais da BTP (SSZ 41) - Privativo;26/12/2025 12:32;
9702273;MSC ANTONELLA;Container Ship;MSC;MSC;MSC (standalone);Santos;Cais da BTP (SSZ 41) - Privativo;15/11/2025 19:38;
9702273;MSC ANTONELLA;Container Ship;MSC;MSC;MSC (standalone);Terminal Portuário do Pecém;Terminal Portuário do Pecém;02/11/2025 15:01;
9702273;MSC ANTONELLA;Container Ship;MSC;MSC;MSC (standalone);Salvador;TECON Área 2;11/11/2025 13:58;
9793911;SANTA CATARINA EXP;Container Ship;HAPAG-LLOYD;Hapag-Lloyd;Gemini Cooperation;Santos;Cais da BTP (SSZ 41) - Privativo;26/11/2025 21:18;
9793911;SANTA CATARINA EXP;Container Ship;HAPAG-LLOYD;Hapag-Lloyd;Gemini Cooperation;Portonave - Terminais Portuários de Navegantes;Portonave - Terminais Portuários de Navegantes;24/11/2025 19:42;
9793911;SANTA CATARINA EXP;Container Ship;HAPAG-LLOYD;Hapag-Lloyd;Gemini Cooperation;Santos;Cais da BTP (SSZ 41) - Privativo;02/11/2025 13:18;
9793911;SANTA CATARINA EXP;Container Ship;HAPAG-LLOYD;Hapag-Lloyd;Gemini Cooperation;Paranaguá;TCP;18/11/2025 22:45;
9793911;SANTA CATARINA EXP;Container Ship;HAPAG-LLOYD;Hapag-Lloyd;Gemini Cooperation;Portonave - Terminais Portuários de Navegantes;Portonave - Terminais Portuários de Navegantes;09/11/2025 15:18;
9793911;SANTA CATARINA EXP;Container Ship;HAPAG-LLOYD;Hapag-Lloyd;Gemini Cooperation;Paranaguá;TCP;06/11/2025 03:50;
9295361;SANTA VANESSA;Container Ship;UNKNOWN;UNKNOWN;Unknown;Itajaí;Cais Arrendado Transitoriamente;16/11/2025 18:45;
9295361;SANTA VANESSA;Container Ship;UNKNOWN;UNKNOWN;Unknown;Rio Grande;Cais Tecon Rio Grande S.A.;12/11/2025 02:05;
9305647;HYUNDAI SHANGHAI;Container Ship;HMM;HMM;Premier Alliance;Paranaguá;TCP;14/11/2025 08:55;
9305647;HYUNDAI SHANGHAI;Container Ship;HMM;HMM;Premier Alliance;Portonave - Terminais Portuários de Navegantes;Portonave - Terminais Portuários de Navegantes;19/11/2025 15:36;
9976719;ONE STRENGTH;Container Ship;ONE;ONE;Premier Alliance;Paranaguá;TCP;13/11/2025 05:18;
9976719;ONE STRENGTH;Container Ship;ONE;ONE;Premier Alliance;Santos;Cais da BTP (SSZ 41) - Privativo;10/11/2025 09:03;
9976719;ONE STRENGTH;Container Ship;ONE;ONE;Premier Alliance;Santos;Cais da BTP (SSZ 41) - Privativo;05/12/2025 16:10;
9976719;ONE STRENGTH;Container Ship;ONE;ONE;Premier Alliance;Paranaguá;TCP;03/12/2025 00:45;
9976719;ONE STRENGTH;Container Ship;ONE;ONE;Premier Alliance;Portonave - Terminais Portuários de Navegantes;Portonave - Terminais Portuários de Navegantes;17/11/2025 11:40;
9311763;LORRAINE;Container Ship;UNKNOWN;UNKNOWN;Unknown;Super Terminais Comércio e Indústria;Super Terminais Comércio e Indústria;29/11/2025 13:15;
9713351;SEASPAN BELIEF;Container Ship;UNKNOWN;UNKNOWN;Unknown;Paranaguá;TCP;14/12/2025 00:48;
9713351;SEASPAN BELIEF;Container Ship;UNKNOWN;UNKNOWN;Unknown;Portonave - Terminais Portuários de Navegantes;Portonave - Terminais Portuários de Navegantes;11/12/2025 22:30;
9713351;SEASPAN BELIEF;Container Ship;UNKNOWN;UNKNOWN;Unknown;Santos;Cais da BTP (SSZ 41) - Privativo;17/11/2025 14:55;
9713351;SEASPAN BELIEF;Container Ship;UNKNOWN;UNKNOWN;Unknown;Paranaguá;TCP;21/11/2025 03:13;
9713351;SEASPAN BELIEF;Container Ship;UNKNOWN;UNKNOWN;Unknown;Santos;Cais da BTP (SSZ 41) - Privativo;16/12/2025 07:15;
9713351;SEASPAN BELIEF;Container Ship;UNKNOWN;UNKNOWN;Unknown;Rio Grande;Cais Tecon Rio Grande S.A.;07/12/2025 06:40;
9713351;SEASPAN BELIEF;Container Ship;UNKNOWN;UNKNOWN;Unknown;Portonave - Terminais Portuários de Navegantes;Portonave - Terminais Portuários de Navegantes;28/11/2025 12:00;
9304459;MSC LISBON IX;Container Ship;MSC;MSC;MSC (standalone);Portonave - Terminais Portuários de Navegantes;Portonave - Terminais Portuários de Navegantes;29/11/2025 01:30;
9304459;MSC LISBON IX;Container Ship;MSC;MSC;MSC (standalone);Paranaguá;TCP;25/11/2025 04:10;
9304459;MSC LISBON IX;Container Ship;MSC;MSC;MSC (standalone);Santos;Cais da BTP (SSZ 41) - Privativo;13/11/2025 10:13;
9304459;MSC LISBON IX;Container Ship;MSC;MSC;MSC (standalone);Rio de Janeiro;Multi-Rio;10/11/2025 12:45;
9304459;MSC LISBON IX;Container Ship;MSC;MSC;MSC (standalone);Rio de Janeiro;Multi-Rio;10/12/2025 14:30;
9304459;MSC LISBON IX;Container Ship;MSC;MSC;MSC (standalone);Santos;Cais da BTP (SSZ 41) - Privativo;08/12/2025 13:00;
9998482;HMM JUNIPER;Container Ship;HMM;HMM;Premier Alliance;Portonave - Terminais Portuários de Navegantes;Portonave - Terminais Portuários de Navegantes;25/11/2025 11:48;
9998482;HMM JUNIPER;Container Ship;HMM;HMM;Premier Alliance;Paranaguá;TCP;22/11/2025 04:20;
9309459;MSC SILVANA VIII;Container Ship;MSC;MSC;MSC (standalone);Salvador;TECON Área 2;25/11/2025 17:00;
9309459;MSC SILVANA VIII;Container Ship;MSC;MSC;MSC (standalone);Santos;Cais da BTP (SSZ 41) - Privativo;01/12/2025 17:20;
9440150;MSC SALINA III;Container Ship;MSC;MSC;MSC (standalone);Salvador;TECON;12/11/2025 23:20;
9440150;MSC SALINA III;Container Ship;MSC;MSC;MSC (standalone);Terminal Portuário do Pecém;Terminal Portuário do Pecém;16/11/2025 17:26;
9978951;MSC HORTENSE;Container Ship;MSC;MSC;MSC (standalone);Rio de Janeiro;Multi-Rio;12/12/2025 13:05;
9978951;MSC HORTENSE;Container Ship;MSC;MSC;MSC (standalone);Santos;Cais da BTP (SSZ 41) - Privativo;10/12/2025 02:25;
9978951;MSC HORTENSE;Container Ship;MSC;MSC;MSC (standalone);Paranaguá;TCP;05/12/2025 03:10;
9978951;MSC HORTENSE;Container Ship;MSC;MSC;MSC (standalone);Itajaí;Cais Arrendado Transitoriamente;23/11/2025 16:46;
9978951;MSC HORTENSE;Container Ship;MSC;MSC;MSC (standalone);Santos;Cais da Santos Brasil (SSZ 16) - Privativo;18/11/2025 05:32;
9978951;MSC HORTENSE;Container Ship;MSC;MSC;MSC (standalone);Terminal Portuário do Pecém;Terminal Portuário do Pecém;17/12/2025 06:02;
9307243;LE HAVRE;Container Ship;UNKNOWN;UNKNOWN;Unknown;Rio de Janeiro;Multi-Rio;25/12/2025 18:25;
9307243;LE HAVRE;Container Ship;UNKNOWN;UNKNOWN;Unknown;Itajaí;Cais Arrendado Transitoriamente;20/12/2025 01:32;
9307243;LE HAVRE;Container Ship;UNKNOWN;UNKNOWN;Unknown;Itajaí;Cais Arrendado Transitoriamente;08/12/2025 11:24;
9307243;LE HAVRE;Container Ship;UNKNOWN;UNKNOWN;Unknown;Santos;Cais da BTP (SSZ 41) - Privativo;30/12/2025 04:00;
9307243;LE HAVRE;Container Ship;UNKNOWN;UNKNOWN;Unknown;Rio de Janeiro;Multi-Rio;22/11/2025 16:20;
9307243;LE HAVRE;Container Ship;UNKNOWN;UNKNOWN;Unknown;Santos;Cais da Santos Brasil (SSZ 16) - Privativo;25/11/2025 15:47;
9307243;LE HAVRE;Container Ship;UNKNOWN;UNKNOWN;Unknown;Rio Grande;Cais Tecon Rio Grande S.A.;17/12/2025 20:00;
9307243;LE HAVRE;Container Ship;UNKNOWN;UNKNOWN;Unknown;Paranaguá;TCP;02/12/2025 08:10;
9857183;MSC LIBRA;;MSC;MSC;MSC (standalone);Terminal Portuário do Pecém;Terminal Portuário do Pecém;24/11/2025 07:13;14952.0
9857183;MSC LIBRA;;MSC;MSC;MSC (standalone);Terminal Portuário do Pecém;Terminal Portuário do Pecém;23/11/2025 18:26;14952.0
9351218;MSC STRAIT II;Container Ship;MSC;MSC;MSC (standalone);Rio Grande;Cais Tecon Rio Grande S.A.;27/11/2025 11:50;
9351218;MSC STRAIT II;Container Ship;MSC;MSC;MSC (standalone);Portonave - Terminais Portuários de Navegantes;Portonave - Terminais Portuários de Navegantes;03/11/2025 09:18;
9351218;MSC STRAIT II;Container Ship;MSC;MSC;MSC (standalone);Rio Grande;Cais Tecon Rio Grande S.A.;13/12/2025 06:30;
9351218;MSC STRAIT II;Container Ship;MSC;MSC;MSC (standalone);Rio Grande;Cais Tecon Rio Grande S.A.;24/12/2025 06:35;
9465095;MSC JAVELIN IX;Container Ship;MSC;MSC;MSC (standalone);Terminal Portuário do Pecém;Terminal Portuário do Pecém;08/12/2025 06:22;
9465095;MSC JAVELIN IX;Container Ship;MSC;MSC;MSC (standalone);Terminal Portuário do Pecém;Terminal Portuário do Pecém;07/12/2025 19:19;
9465095;MSC JAVELIN IX;Container Ship;MSC;MSC;MSC (standalone);Santos;Cais da BTP (SSZ 41) - Privativo;22/12/2025 07:56;
1013171;MSC ELIANA;Container Ship;MSC;MSC;MSC (standalone);Santos;Cais da Santos Brasil (SSZ 16) - Privativo;09/12/2025 11:52;
1013171;MSC ELIANA;Container Ship;MSC;MSC;MSC (standalone);Itajaí;Cais Arrendado Transitoriamente;14/12/2025 07:45;
1013171;MSC ELIANA;Container Ship;MSC;MSC;MSC (standalone);Rio de Janeiro;Multi-Rio;06/12/2025 06:30;
1013171;MSC ELIANA;Container Ship;MSC;MSC;MSC (standalone);Paranaguá;TCP;12/12/2025 21:20;
9162215;MAERSK KARACHI;Container Ship;MAERSK;Maersk Group;Gemini Cooperation;Santos;Cais da Santos Brasil (SSZ 16) - Privativo;30/11/2025 06:57;
9162215;MAERSK KARACHI;Container Ship;MAERSK;Maersk Group;Gemini Cooperation;Santos;Cais da Santos Brasil (SSZ 16) - Privativo;30/11/2025 13:20;
9926192;CMA CGM ZINGARO;Container Ship;CMA CGM;CMA CGM Group;Ocean Alliance;Santos;Cais da Santos Brasil (SSZ 16) - Privativo;12/12/2025 13:24;
9926192;CMA CGM ZINGARO;Container Ship;CMA CGM;CMA CGM Group;Ocean Alliance;Santos;Cais da Santos Brasil (SSZ 16) - Privativo;05/12/2025 15:30;
9926192;CMA CGM ZINGARO;Container Ship;CMA CGM;CMA CGM Group;Ocean Alliance;Itajaí;Cais Arrendado Transitoriamente;09/12/2025 01:05;
9710244;MSC VENICE;;MSC;MSC;MSC (standalone);Santos;Cais da BTP (SSZ 41) - Privativo;23/12/2025 13:12;16652.0
9710244;MSC VENICE;;MSC;MSC;MSC (standalone);Rio de Janeiro;Multi-Rio;21/12/2025 07:25;16652.0
9401104;MSC SOLA;Container Ship;MSC;MSC;MSC (standalone);Salvador;TECON Área 2;29/12/2025 20:50;
9401104;MSC SOLA;Container Ship;MSC;MSC;MSC (standalone);Terminal Portuário do Pecém;Terminal Portuário do Pecém;21/12/2025 17:53;
9401104;MSC SOLA;Container Ship;MSC;MSC;MSC (standalone);Terminal Portuário do Pecém;Terminal Portuário do Pecém;22/12/2025 06:16;
9962598;MSC LORENZA;Container Ship;MSC;MSC;MSC (standalone);Santos;Cais da BTP (SSZ 41) - Privativo;27/12/2025 18:24;
9962598;MSC LORENZA;Container Ship;MSC;MSC;MSC (standalone);Terminal Portuário do Pecém;Terminal Portuário do Pecém;14/12/2025 18:54;
9305673;HYUNDAI TOKYO;Container Ship;HMM;HMM;Premier Alliance;Portonave - Terminais Portuários de Navegantes;Portonave - Terminais Portuários de Navegantes;17/12/2025 00:42;
9305673;HYUNDAI TOKYO;Container Ship;HMM;HMM;Premier Alliance;Paranaguá;TCP;15/12/2025 08:15;
9729099;CMA CGM LISA MARIE;Container Ship;CMA CGM;CMA CGM Group;Ocean Alliance;Santos;Cais da Santos Brasil (SSZ 16) - Privativo;12/12/2025 23:40;
9729099;CMA CGM LISA MARIE;Container Ship;CMA CGM;CMA CGM Group;Ocean Alliance;Santos;Cais da BTP (SSZ 41) - Privativo;19/12/2025 16:49;
9729099;CMA CGM LISA MARIE;Container Ship;CMA CGM;CMA CGM Group;Ocean Alliance;Paranaguá;TCP;17/12/2025 22:00;
9313199;LI DA XING;Container Ship;UNKNOWN;UNKNOWN;Unknown;Santos;Cais da Ecoporto (SSZ 35) - Privativo;19/12/2025 05:50;
9313199;LI DA XING;Container Ship;UNKNOWN;UNKNOWN;Unknown;Itajaí;Cais Arrendado Transitoriamente;17/12/2025 10:40;
1015961;HMM IVY;Container Ship;HMM;HMM;Premier Alliance;Paranaguá;TCP;28/12/2025 17:35;
9484431;MSC RAVENNA;Container Ship;MSC;MSC;MSC (standalone);Terminal Portuário do Pecém;Terminal Portuário do Pecém;29/12/2025 06:43;
9484431;MSC RAVENNA;Container Ship;MSC;MSC;MSC (standalone);Terminal Portuário do Pecém;Terminal Portuário do Pecém;28/12/2025 16:31;
9290567;MSC PHOENIX;;MSC;MSC;MSC (standalone);Santos;Cais da Santos Brasil (SSZ 16) - Privativo;29/12/2025 07:26;9178.0
9290567;MSC PHOENIX;;MSC;MSC;MSC (standalone);Rio de Janeiro;Multi-Rio;27/12/2025 07:40;9178.0
9951575;CMA CGM ADVENTURE;Container Ship;CMA CGM;CMA CGM Group;Ocean Alliance;Santos;Cais da Santos Brasil (SSZ 16) - Privativo;27/12/2025 05:48;
9951575;CMA CGM ADVENTURE;Container Ship;CMA CGM;CMA CGM Group;Ocean Alliance;Santos;Cais da Santos Brasil (SSZ 16) - Privativo;28/12/2025 05:15;
9238741;MSC MARGARITA;Container Ship;MSC;MSC;MSC (standalone);Rio de Janeiro;Multi-Rio;03/01/2025 14:30;
